PMID,Title,Authors,Journal,Year,DOI,PMC_ID,Free_PMC,PDF_Downloaded,PDF_Filename
37879443,Artificial intelligence for predictive biomarker discovery in immuno-oncology: a systematic review.,Prelaj A; Miskovic V; Zanitti M; Trovo F; Genova C; Viscardi G; Rebuzzi S E; Mazzeo L; Provenzano L; Kosta S; Favali M; Spagnoletti A; Castelo-Branco L; Dolezal J; Pearson A T; Lo Russo G; Proto C; Ganzinelli M; Giani C; Ambrosini E; Turajlic S; Au L; Koopman M; Delaloge S; Kather J N; de Braud F; Garassino M C; Pentheroudakis G; Spencer C; Pedrocchi A L G,Annals of oncology : official journal of the European Society for Medical Oncology,2024,10.1016/j.annonc.2023.10.125,,No,Yes,PMID_37879443.pdf
29656894,Deterministic Evolutionary Trajectories Influence Primary Tumor Growth: TRACERx Renal.,Turajlic Samra; Xu Hang; Litchfield Kevin; Rowan Andrew; Horswell Stuart; Chambers Tim; O'Brien Tim; Lopez Jose I; Watkins Thomas B K; Nicol David; Stares Mark; Challacombe Ben; Hazell Steve; Chandra Ashish; Mitchell Thomas J; Au Lewis; Eichler-Jonsson Claudia; Jabbar Faiz; Soultati Aspasia; Chowdhury Simon; Rudman Sarah; Lynch Joanna; Fernando Archana; Stamp Gordon; Nye Emma; Stewart Aengus; Xing Wei; Smith Jonathan C; Escudero Mickael; Huffman Adam; Matthews Nik; Elgar Greg; Phillimore Ben; Costa Marta; Begum Sharmin; Ward Sophia; Salm Max; Boeing Stefan; Fisher Rosalie; Spain Lavinia; Navas Carolina; Grönroos Eva; Hobor Sebastijan; Sharma Sarkhara; Aurangzeb Ismaeel; Lall Sharanpreet; Polson Alexander; Varia Mary; Horsfield Catherine; Fotiadis Nicos; Pickering Lisa; Schwarz Roland F; Silva Bruno; Herrero Javier; Luscombe Nick M; Jamal-Hanjani Mariam; Rosenthal Rachel; Birkbak Nicolai J; Wilson Gareth A; Pipek Orsolya; Ribli Dezso; Krzystanek Marcin; Csabai Istvan; Szallasi Zoltan; Gore Martin; McGranahan Nicholas; Van Loo Peter; Campbell Peter; Larkin James; Swanton Charles; TRACERx Renal Consortium,Cell,2018,10.1016/j.cell.2018.03.043,PMC5938372,Yes,Yes,Deterministic Evolutionary Trajectories Influence Primary Tumor Growth - TRACERx Renal_Turajlic Samra_Xu Hang_Litchfield Kevin_Rowan Andrew_Horswell Stuart_Chambers Tim_O'Brien Tim_Lopez Jose I_Watkins Thomas B K_Nicol David_Stares Mark_Cell_2018.pdf
28792880,Analysis of Plasma Epstein-Barr Virus DNA to Screen for Nasopharyngeal Cancer.,Chan K C Allen; Woo John K S; King Ann; Zee Benny C Y; Lam W K Jacky; Chan Stephen L; Chu Sam W I; Mak Constance; Tse Irene O L; Leung Samantha Y M; Chan Gloria; Hui Edwin P; Ma Brigette B Y; Chiu Rossa W K; Leung Sing-Fai; van Hasselt Andrew C; Chan Anthony T C; Lo Y M Dennis,The New England journal of medicine,2017,10.1056/NEJMoa1701717,,No,No,
37683735,AFP-L3 and DCP strongly predict early hepatocellular carcinoma recurrence after liver transplantation.,Norman Joshua S; Li P Jonathan; Kotwani Prashant; Shui Amy M; Yao Francis; Mehta Neil,Journal of hepatology,2023,10.1016/j.jhep.2023.08.020,PMC10998694,Yes,Yes,PMID_37683735.pdf
39848548,Contrast-enhanced ultrasound-based AI model for multi-classification of focal liver lesions.,Ding Wenzhen; Meng Yaqing; Ma Jun; Pang Chuan; Wu Jiapeng; Tian Jie; Yu Jie; Liang Ping; Wang Kun,Journal of hepatology,2025,10.1016/j.jhep.2025.01.011,,No,No,
33028667,Development and validation of a serum microRNA biomarker panel for detecting gastric cancer in a high-risk population.,So Jimmy Bok Yan; Kapoor Ritika; Zhu Feng; Koh Calvin; Zhou Lihan; Zou Ruiyang; Tang Yew Chung; Goo Patrick C K; Rha Sun Young; Chung Hyun Cheol; Yoong Joanne; Yap Celestial T; Rao Jaideepraj; Chia Chung-King; Tsao Stephen; Shabbir Asim; Lee Jonathan; Lam Kong-Peng; Hartman Mikael; Yong Wei Peng; Too Heng-Phon; Yeoh Khay-Guan,Gut,2021,10.1136/gutjnl-2020-322065,PMC8040159,Yes,Yes,PMID_33028667.pdf
38754433,Identification of biomarkers and potential therapeutic targets for pancreatic cancer by proteomic analysis in two prospective cohorts.,Lyu Jingjing; Jiang Minghui; Zhu Ziwei; Wu Hongji; Kang Haonan; Hao Xingjie; Cheng Shanshan; Guo Huan; Shen Xia; Wu Tangchun; Chang Jiang; Wang Chaolong,Cell genomics,2024,10.1016/j.xgen.2024.100561,PMC11228889,Yes,Yes,PMID_38754433.pdf
39293548,A Phase 3 Biomarker Validation of GALAD for the Detection of Hepatocellular Carcinoma in Cirrhosis.,Marsh Tracey L; Parikh Neehar D; Roberts Lewis R; Schwartz Myron E; Nguyen Mindie H; Befeler Alex; Page-Lester Stephanie; Tayob Nabihah; Srivastava Sudhir; Rinaudo Jo Ann; Singal Amit G; Reddy K Rajender; Marrero Jorge A,Gastroenterology,2025,10.1053/j.gastro.2024.09.008,PMC12120501,Yes,Yes,PMID_39293548.pdf
36652782,Emerging targets for cancer treatment: S100A9/RAGE.,Valiente M; Sepúlveda J M; Pérez A,ESMO open,2023,10.1016/j.esmoop.2022.100751,PMC9860424,Yes,Yes,PMID_36652782.pdf
32634035,Differential biomarker profiles between unprovoked venous thromboembolism and cancer.,Sánchez-López V; Gao L; Ferrer-Galván M; Arellano-Orden E; Elías-Hernández T; Jara-Palomares L; Asensio-Cruz M I; Castro-Pérez M J; Rodríguez-Martorell F J; Lobo-Beristain J L; Ballaz-Quincoces A; López-Campos J L; Vila-Liante V; Otero-Candelera R,Annals of medicine,2020,10.1080/07853890.2020.1779956,PMC7877930,Yes,Yes,PMID_32634035.pdf
25683336,Dietary and biomarker estimates of fatty acids and risk of colorectal cancer.,Hodge Allison M; Williamson Elizabeth J; Bassett Julie K; MacInnis Robert J; Giles Graham G; English Dallas R,International journal of cancer,2015,10.1002/ijc.29479,,No,No,
19190170,A prospective study of total and ionized serum calcium and fatal prostate cancer.,Skinner Halcyon G; Schwartz Gary G,"Cancer epidemiology, biomarkers & prevention : a publication of the American Association for Cancer Research, cosponsored by the American Society of Preventive Oncology",2009,10.1158/1055-9965.EPI-08-0915,PMC2744491,Yes,Yes,"A prospective study of total and ionized serum calcium and fatal prostate cancer_Skinner Ha_Cancer epidemiology, biomarkers & prevention - a publication of the American Association for Cancer Research, cosponsored by the American Society of Preve.pdf"
38978141,Unlocking the diagnostic power of plasma extracellular vesicle miR-200 family in pancreatic ductal adenocarcinoma.,Liu Daniel S K; Puik Jisce R; Patel Bhavik Y; Venø Morten T; Vahabi Mahrou; Prado Mireia Mato; Webber Jason P; Rees Eleanor; Upton Flora M; Bennett Kate; Blaker Catherine; Immordino Benoit; Comandatore Annalisa; Morelli Luca; Sivakumar Shivan; Swijnenburg Rutger-Jan; Besselink Marc G; Jiao Long R; Kazemier Geert; Giovannetti Elisa; Krell Jonathan; Frampton Adam E,Journal of experimental & clinical cancer research : CR,2024,10.1186/s13046-024-03090-z,PMC11229220,Yes,Yes,PMID_38978141.pdf
34621695,Integrated Analysis of Microbiome and Transcriptome Data Reveals the Interplay Between Commensal Bacteria and Fibrin Degradation in Endometrial Cancer.,Li Chao; Gu Ye; He Qizhi; Huang Jian; Song Yunfeng; Wan Xiaoping; Li Yiran,Frontiers in cellular and infection microbiology,2021,10.3389/fcimb.2021.748558,PMC8490766,Yes,Yes,PMID_34621695.pdf
30178257,Methylation and MicroRNA Profiling to Understand Racial Disparities of Prostate Cancer.,Banerjee Hirendra Nath; Kahan William; Kumar Vineet; Verma Mukesh,"Methods in molecular biology (Clifton, N.J.)",2018,10.1007/978-1-4939-8751-1_15,,No,No,
34599664,Serum neurofilament light chain levels as biomarker of paclitaxel-induced cognitive impairment in patients with breast cancer: a prospective study.,Argyriou Andreas A; Karteri Sofia; Bruna Jordi; Mariotto Sara; Simo Marta; Velissaris Dimitrios; Kalofonou Foteini; Cavaletti Guido; Ferrari Sergio; Kalofonos Haralabos P,Supportive care in cancer : official journal of the Multinational Association of Supportive Care in Cancer,2022,10.1007/s00520-021-06509-x,,No,No,
27701415,A Prospective Study of Comparing Multi-Gene Biomarker Chip and Serum Carcinoembryonic Antigen in the Postoperative Surveillance for Patients with Stage I-III Colorectal Cancer.,Chang Yu-Tang; Huang Ming-Yii; Yeh Yung-Sung; Huang Ching-Wen; Tsai Hsiang-Lin; Cheng Tian-Lu; Wang Jaw-Yuan,PloS one,2016,10.1371/journal.pone.0163264,PMC5049757,Yes,Yes,PMID_27701415.pdf
34087341,TMB or not TMB as a biomarker: That is the question.,Addeo Alfredo; Friedlaender Alex; Banna Giuseppe L; Weiss Glen J,Critical reviews in oncology/hematology,2021,10.1016/j.critrevonc.2021.103374,,No,No,
37710256,Early identification of lung cancer patients with venous thromboembolism: development and validation of a risk prediction model.,Di Wenjuan; Xu Haotian; Ling Chunhua; Xue Ting,Thrombosis journal,2023,10.1186/s12959-023-00544-w,PMC10500728,Yes,Yes,PMID_37710256.pdf
30887755,Prospective study of the efficacy and utility of TP53 mutations in circulating tumor DNA as a non-invasive biomarker of treatment response monitoring in patients with high-grade serous ovarian carcinoma.,Kim Yong Man; Lee Shin Wha; Lee Young Jae; Lee Ha Young; Lee Jong Eun; Choi Eun Kyung,Journal of gynecologic oncology,2019,10.3802/jgo.2019.30.e32,PMC6424844,Yes,Yes,PMID_30887755.pdf
29123408,The matrix metalloproteinase and insulin-like growth factor system in oral cancer - a prospective clinical study.,Schiegnitz Eik; Kämmerer Peer W; Schön Holger; Gülle Christoph; Berres Manfred; Sagheb Keyvan; Al-Nawas Bilal,OncoTargets and therapy,2017,10.2147/OTT.S149231,PMC5661464,Yes,Yes,PMID_29123408.pdf
33752121,Relaxin as a potential diagnostic biomarker for ovarian cancer- A prospective study.,Gkrozou F; Pappa C; Tsonis O; Dimitriou E; Paschopoulos M,"European journal of obstetrics, gynecology, and reproductive biology",2021,10.1016/j.ejogrb.2021.03.008,,No,No,
35962796,Comprehensive comparison of the prognostic value of systemic inflammation biomarkers for cancer cachexia: a multicenter prospective study.,Xie Hailun; Ruan Guotian; Wei Lishuang; Zhang Heyang; Ge Yizhong; Zhang Qi; Lin Shiqi; Song Mengmeng; Zhang Xi; Liu Xiaoyue; Yang Ming; Tang Meng; Song Chun-Hua; Deng Li; Shi Hanping,Inflammation research : official journal of the European Histamine Research Society ... [et al.],2022,10.1007/s00011-022-01626-7,,No,No,
35756627,A Comprehensive Understanding of the Genomic Bone Tumor Landscape: A Multicenter Prospective Study.,Xie Xianbiao; Bian Yiying; Li Haomiao; Yin Junqiang; Tian Lantian; Jiang Renbing; Zeng Ziliang; Shi Xiaoliang; Lei Zixiong; Hou Changhe; Qu Yueting; Wang Liwei; Shen Jingnan,Frontiers in oncology,2022,10.3389/fonc.2022.835004,PMC9213736,Yes,Yes,PMID_35756627.pdf
26056477,Transforming growth factor-beta-1 is a serum biomarker of radiation-induced pneumonitis in esophageal cancer patients treated with thoracic radiotherapy: preliminary results of a prospective study.,Li Jingxia; Mu Shuangfeng; Mu Lixiang; Zhang Xiaohui; Pang Ranran; Gao Shegan,OncoTargets and therapy,2015,10.2147/OTT.S79433,PMC4446015,Yes,Yes,PMID_26056477.pdf
30993424,A critical appraisal of biomarkers in prostate cancer.,Narayan Vikram M,World journal of urology,2020,10.1007/s00345-019-02759-x,,No,No,
34341387,"Serum miR371 in testicular germ cell cancer before and after orchiectomy, assessed by digital-droplet PCR in a prospective study.",Myklebust Mette Pernille; Thor Anna; Rosenlund Benedikte; Gjengstø Peder; Karlsdottir Ása; Brydøy Marianne; Bercea Bogdan S; Olsen Christian; Johnson Ida; Berg Mathilde I; Langberg Carl W; Andreassen Kristine E; Kjellman Anders; Haugnes Hege S; Dahl Olav,Scientific reports,2021,10.1038/s41598-021-94812-2,PMC8329070,Yes,Yes,PMID_34341387.pdf
38976164,"A prospective study of vitamin D, proinflammatory cytokines, and risk of fragility fractures in women on aromatase inhibitors for breast cancer.",Liang Emily; Beshara Michael; Sheng Haiyang; Huang Xin-Wei; Roh Janise M; Laurent Cecile A; Lee Catherine; Delmerico Jennifer; Tang Li; Lo Joan C; Hong Chi-Chen; Ambrosone Christine B; Kushi Lawrence H; Kwan Marilyn L; Yao Song,Breast cancer research and treatment,2024,10.1007/s10549-024-07423-6,,No,No,
39644107,Differentiating Glioma Recurrence and Pseudoprogression by APTw CEST MRI.,Karimian-Jazi Kianush; Enbergs Noah; Golubtsov Evgeny; Schregel Katharina; Ungermann Johannes; Fels-Palesandro Hannah; Schwarz Daniel; Sturm Volker; Kernbach Julius M; Batra David; Ippen Franziska M; Pflüger Irada; von Knebel Doeberitz Nikolaus; Heiland Sabine; Bunse Lukas; Platten Michael; Winkler Frank; Wick Wolfgang; Paech Daniel; Bendszus Martin; Breckwoldt Michael O,Investigative radiology,2025,10.1097/RLI.0000000000001145,,No,No,
28558669,Calretinin as a blood-based biomarker for mesothelioma.,Johnen Georg; Gawrych Katarzyna; Raiko Irina; Casjens Swaantje; Pesch Beate; Weber Daniel G; Taeger Dirk; Lehnert Martin; Kollmeier Jens; Bauer Torsten; Musk Arthur W; Robinson Bruce W S; Brüning Thomas; Creaney Jenette,BMC cancer,2017,10.1186/s12885-017-3375-5,PMC5450182,Yes,Yes,PMID_28558669.pdf
35042519,A signature of saliva-derived exosomal small RNAs as predicting biomarker for esophageal carcinoma: a multicenter prospective study.,Li Kai; Lin Yusheng; Luo Yichen; Xiong Xiao; Wang Lu; Durante Kameron; Li Junkuo; Zhou Fuyou; Guo Yi; Chen Shaobin; Chen Yuping; Zhang Dianzheng; Yeung Sai-Ching Jim; Zhang Hao,Molecular cancer,2022,10.1186/s12943-022-01499-8,PMC8764835,Yes,Yes,PMID_35042519.pdf
24463248,"Dietary lycopene, angiogenesis, and prostate cancer: a prospective study in the prostate-specific antigen era.",Zu Ke; Mucci Lorelei; Rosner Bernard A; Clinton Steven K; Loda Massimo; Stampfer Meir J; Giovannucci Edward,Journal of the National Cancer Institute,2014,10.1093/jnci/djt430,PMC3952200,Yes,Yes,PMID_24463248.pdf
34885095,Changes in the Proteome in the Development of Chronic Human Papillomavirus Infection-A Prospective Study in HIV Positive and HIV Negative Rwandan Women.,Bienvenu Emile; Mukanyangezi Marie Francoise; Rulisa Stephen; Martner Anna; Hasséus Bengt; Vorontsov Egor; Tobin Gunnar; Giglio Daniel,Cancers,2021,10.3390/cancers13235983,PMC8656715,Yes,Yes,PMID_34885095.pdf
27721611,Human MutL homolog 1 immunoexpression in oral leukoplakia and oral squamous cell carcinoma: A prospective study in Indian population.,Chaudhari Narendra T; Tupkari Jagdish V; Joy Tabita; Ahire Manisha S,Journal of oral and maxillofacial pathology : JOMFP,2016,10.4103/0973-029X.190948,PMC5051294,Yes,Yes,PMID_27721611.pdf
25119181,A prospective study of biomarker-guided chemotherapy in patients with non-small cell lung cancer.,Zhang Qiang; Zhu Xiaoli; Zhang Li; Sun Siqing; Huang Jing; Lin Yong,Cancer chemotherapy and pharmacology,2014,10.1007/s00280-014-2513-x,PMC4175041,Yes,Yes,PMID_25119181.pdf
30967647,Intratumor heterogeneity of PD-L1 expression in head and neck squamous cell carcinoma.,Rasmussen Jacob H; Lelkaitis Giedrius; Håkansson Katrin; Vogelius Ivan R; Johannesen Helle H; Fischer Barbara M; Bentzen Søren M; Specht Lena; Kristensen Claus A; von Buchwald Christian; Wessel Irene; Friborg Jeppe,British journal of cancer,2019,10.1038/s41416-019-0449-y,PMC6734649,Yes,Yes,PMID_30967647.pdf
34439201,"Aberrant Plasma Cell Contamination of Peripheral Blood Stem Cell Autografts, Assessed by Next-Generation Flow Cytometry, Is a Negative Predictor for Deep Response Post Autologous Transplantation in Multiple Myeloma; A Prospective Study in 199 Patients.",Kostopoulos Ioannis V; Eleutherakis-Papaiakovou Evangelos; Rousakis Pantelis; Ntanasis-Stathopoulos Ioannis; Panteli Chrysanthi; Orologas-Stavrou Nikolaos; Kanellias Nikolaos; Malandrakis Panagiotis; Liacos Christine-Ivy; Papaioannou Nikos E; Papanota Aristea-Maria; Migkou Magdalini; Fotiou Despina; Gavriatopoulou Maria; Angelis Nikolaos V; Kastritis Efstathios; Dimopoulos Meletios-Athanasios; Tsitsilonis Ourania E; Terpos Evangelos,Cancers,2021,10.3390/cancers13164047,PMC8391595,Yes,Yes,PMID_34439201.pdf
25105437,A new biomarker panel in bronchoalveolar lavage for an improved lung cancer diagnosis.,Uribarri María; Hormaeche Itsaso; Zalacain Rafael; Lopez-Vivanco Guillermo; Martinez Antonio; Nagore Daniel; Ruiz-Argüello M Begoña,Journal of thoracic oncology : official publication of the International Association for the Study of Lung Cancer,2014,10.1097/JTO.0000000000000282,,No,No,
30073150,Biomarkers for Immune Checkpoint Inhibitors in Melanoma.,Kitano Shigehisa; Nakayama Takayuki; Yamashita Makiko,Frontiers in oncology,2018,10.3389/fonc.2018.00270,PMC6058029,Yes,Yes,PMID_30073150.pdf
24361552,Biomarker research with prospective study designs for the early detection of cancer.,Pesch B; Brüning T; Johnen G; Casjens S; Bonberg N; Taeger D; Müller A; Weber D G; Behrens T,Biochimica et biophysica acta,2014,10.1016/j.bbapap.2013.12.007,,No,No,
39766045,Impact of Serum GDF-15 and IL-6 on Immunotherapy Response in Cancer: A Prospective Study.,Akdogan Orhun; Turkmen Sena; Uyar Galip Can; Yucel Kadriye Bir; Tufekci Busra; Gurler Fatih; Yazici Ozan; Ozdemir Nuriye; Ozet Ahmet; Karakaya Cengiz; Sutcuoglu Osman,Cancers,2024,10.3390/cancers16244146,PMC11674841,Yes,Yes,PMID_39766045.pdf
39069571,Cancer and immune response: The role of PD-1/PD-L1 checkpoint in laryngeal carcinoma. Preliminary results.,Verro Barbara; Saraniti Giuseppe; Ottoveggio Gaetano; Saraniti Carmelo,European archives of oto-rhino-laryngology : official journal of the European Federation of Oto-Rhino-Laryngological Societies (EUFOS) : affiliated with the German Society for Oto-Rhino-Laryngology - Head and Neck Surgery,2024,10.1007/s00405-024-08822-7,PMC11416417,Yes,Yes,PMID_39069571.pdf
38443899,Sex-related differences in serum biomarker levels predict the activity and efficacy of immune checkpoint inhibitors in advanced melanoma and non-small cell lung cancer patients.,Pasello Giulia; Fabricio Aline S C; Del Bianco Paola; Salizzato Valentina; Favaretto Adolfo; Piccin Luisa; Zustovich Fable; Fabozzi Alessio; De Rossi Costanza; Pigozzo Jacopo; De Nuzzo Mattia; Cappelletto Elia; Bonanno Laura; Palleschi Dario; De Salvo Gian Luca; Guarneri Valentina; Gion Massimo; Chiarion-Sileni Vanna,Journal of translational medicine,2024,10.1186/s12967-024-04920-6,PMC10916307,Yes,Yes,PMID_38443899.pdf
26792388,Circulating let-7g is down-regulated in Bernese Mountain dogs with disseminated histiocytic sarcoma and carcinomas - a prospective study.,Børresen B; Nielsen L N; Jessen L R; Kristensen A T; Fredholm M; Cirera S,Veterinary and comparative oncology,2017,10.1111/vco.12196,,No,No,
35390767,Immune Checkpoint Inhibitor Use in Solid Organ Transplant Recipients: A Systematic Review.,Portuguese Andrew J; Tykodi Scott S; Blosser Christopher D; Gooley Ted A; Thompson John A; Hall Evan T,Journal of the National Comprehensive Cancer Network : JNCCN,2022,10.6004/jnccn.2022.7009,,No,No,
24123044,Serum DNA hypermethylation in patients with kidney cancer: results of a prospective study.,Hauser Stefan; Zahalka Tobias; Fechner Guido; Müller Stefan C; Ellinger Jörg,Anticancer research,2013,,,No,No,
34543520,Serial circulating tumor DNA to predict early recurrence in patients with hepatocellular carcinoma: a prospective study.,Zhu Gui-Qi; Liu Wei-Ren; Tang Zheng; Qu Wei-Feng; Fang Yuan; Jiang Xi-Fei; Song Shu-Shu; Wang Han; Tao Chen-Yang; Zhou Pei-Yun; Huang Run; Gao Jun; Sun Hai-Xiang; Ding Zhen-Bin; Peng Yuan-Fei; Dai Zhi; Zhou Jian; Fan Jia; Shi Ying-Hong,Molecular oncology,2022,10.1002/1878-0261.13105,PMC8763657,Yes,Yes,PMID_34543520.pdf
33509945,Molecular profiling of advanced non-small cell lung cancer in the era of immunotherapy approach: a multicenter Italian observational prospective study of biomarker screening in daily clinical practice.,Vavala Tiziana; Malapelle Umberto; Veggiani Claudia; Ludovini Vienna; Papotti Mauro; Leone Alvaro; Graziano Paolo; Minari Roberta; Bono Francesca; Sapino Anna; Manotti Laura; Troncone Giancarlo; Pisapia Pasquale; Girlando Salvatore; Buffoni Lucio; Righi Luisella; Colantonio Ida; Bertetto Oscar; Novello Silvia,Journal of clinical pathology,2022,10.1136/jclinpath-2020-207339,,No,No,
28469363,Importance of miR-299-5p in colorectal cancer.,Fateh Alavieh; Feizi Mohammad Ali Hosseinpour; Safaralizadeh Reza; Azarbarzin Shirin,Annals of gastroenterology,2017,10.20524/aog.2017.0139,PMC5411383,Yes,Yes,PMID_28469363.pdf
23179397,The role of novel biomarker HE4 in endometrial cancer: a case control prospective study.,Angioli Roberto; Plotti Francesco; Capriglione Stella; Montera Roberto; Damiani Patrizio; Ricciardi Roberto; Aloisi Alessia; Luvero Daniela; Cafà Ester Valentina; Dugo Nella; Angelucci Michela; Benedetti-Panici Pierluigi,Tumour biology : the journal of the International Society for Oncodevelopmental Biology and Medicine,2013,10.1007/s13277-012-0583-0,,No,No,
36509552,A prospective cohort study of TIMP1 as prognostic biomarker in gastric and colon cancer.,Macedo Filipa Castro; Cunha Nuno; Pereira Tatiana Cunha; Soares Rita Felix; Monteiro Ana Raquel; Bonito Nuno; Valido Frederico; Sousa Gabriela,Chinese clinical oncology,2022,10.21037/cco-22-69,,No,No,
30061666,Texture Analysis as Imaging Biomarker for recurrence in advanced cervical cancer treated with CCRT.,Meng Jie; Liu Shunli; Zhu Lijing; Zhu Li; Wang Huanhuan; Xie Li; Guan Yue; He Jian; Yang Xiaofeng; Zhou Zhengyang,Scientific reports,2018,10.1038/s41598-018-29838-0,PMC6065361,Yes,Yes,PMID_30061666.pdf
39830022,Circulating tumor DNA analysis for prediction of prognosis and molecular insights in patients with resectable gastric cancer: results from a prospective study.,Liu Zheng; Shi Zhongyi; Jiang Wenchao; Shen Zhenbin; Chen Weidong; Shen Kuntang; Sun Yihong; Tang Zhaoqing; Wang Xuefei,MedComm,2025,10.1002/mco2.70065,PMC11742430,Yes,Yes,PMID_39830022.pdf
39541377,Biomarkers Improving Genetic and Metastatic Disease Prediction in Paraganglioma: Insights From a Prospective Study.,Drossart Tom; Buffet Alexandre; Janbain Ali; Ottolenghi Chris; Amar Laurence; Libé Rossella; Drui Delphine; Lussey-Lepoutre Charlotte; Mancini Maxence; Lounis Timgad; Guénégou-Arnoux Armelle; Méatchi Tchao; Bertherat Jérôme; Burnichon Nelly; Favier Judith; Gimenez-Roqueplo Anne-Paule; COMETE-TACTIC Study Group,The Journal of clinical endocrinology and metabolism,2025,10.1210/clinem/dgae797,,No,No,
27376130,Concordance in Biomarker Status Between Bladder Tumors at Time of Transurethral Resection and Subsequent Radical Cystectomy: Results of a 5-year Prospective Study.,Passoni Niccolò M; Shariat Shahrokh F; Bagrodia Aditya; Francis Franto; Rachakonda Varun; Xylinas Evanguelos; Kapur Payal; Sagalowsky Arthur I; Lotan Yair,"Bladder cancer (Amsterdam, Netherlands)",2016,10.3233/BLC-150036,PMC4927883,Yes,Yes,PMID_27376130.pdf
30338850,Circulating exosomal noncoding RNAs as prognostic biomarkers in human hepatocellular carcinoma.,Lee Yu Rim; Kim Gyeonghwa; Tak Won Young; Jang Se Young; Kweon Young Oh; Park Jung Gil; Lee Hye Won; Han Young Seok; Chun Jae Min; Park Soo Young; Hur Keun,International journal of cancer,2019,10.1002/ijc.31931,,No,No,
18844615,"HBV A1762T, G1764A mutations are a valuable biomarker for identifying a subset of male HBsAg carriers at extremely high risk of hepatocellular carcinoma: a prospective study.",Fang Zhong-Liao; Sabin Caroline A; Dong Bai-Qing; Ge Lian-Ying; Wei Shao-Chao; Chen Qin-Yan; Fang Kong-Xiong; Yang Jin-Ye; Wang Xue-Yan; Harrison Tim J,The American journal of gastroenterology,2008,10.1111/j.1572-0241.2008.01974.x,PMC2566798,Yes,Yes,PMID_18844615.pdf
29272054,Proinflammatory cytokines as serum biomarker in oral carcinoma-A prospective multi-biomarker approach.,Schiegnitz Eik; Kämmerer Peer W; Schön Holger; Blatt Sebastian; Berres Manfred; Sagheb Keyvan; Al-Nawas Bilal,Journal of oral pathology & medicine : official publication of the International Association of Oral Pathologists and the American Academy of Oral Pathology,2018,10.1111/jop.12670,,No,No,
28815606,Prospective study of urinary prostaglandin E2 metabolite and pancreatic cancer risk.,Cui Yong; Shu Xiao-Ou; Li Hong-Lan; Yang Gong; Wen Wanqing; Gao Yu-Tang; Cai Qiuyin; Rothman Nathaniel; Yin Hui-Yong; Lan Qing; Xiang Yong-Bing; Zheng Wei,International journal of cancer,2017,10.1002/ijc.31007,PMC5749224,Yes,Yes,PMID_28815606.pdf
25327965,Dynamic changes of the inflammation-based index predict mortality following chemoembolisation for hepatocellular carcinoma: a prospective study.,Pinato D J; Karamanakos G; Arizumi T; Adjogatse D; Kim Y W; Stebbing J; Kudo M; Jang J W; Sharma R,Alimentary pharmacology & therapeutics,2014,10.1111/apt.12992,,No,No,
39867897,Nationwide multi-centric prospective study for the identification of biomarkers to predict the treatment responses of nivolumab through comprehensive analyses of pretreatment plasma exosome mRNAs from head and neck cancer patients (BIONEXT study).,Sato Kuniaki; Toh Satoshi; Murakami Taku; Nakano Takafumi; Hongo Takahiro; Matsuo Mioko; Hashimoto Kazuki; Sugasawa Masashi; Yamazaki Keisuke; Ueki Yushi; Nakashima Torahiko; Uryu Hideoki; Ono Takeharu; Umeno Hirohito; Ueda Tsutomu; Kano Satoshi; Tsukahara Kiyoaki; Watanabe Akihito; Ota Ichiro; Monden Nobuya; Iwae Shigemichi; Maruo Takashi; Asada Yukinori; Hanai Nobuhiro; Sano Daisuke; Ozawa Hiroyuki; Asakage Takahiro; Fukusumi Takahito; Masuda Muneyuki,Frontiers in immunology,2024,10.3389/fimmu.2024.1464419,PMC11758179,Yes,Yes,PMID_39867897.pdf
37898854,Prognostic Significance of Neutrophil-Lymphocyte Ratio in Patients of High-Grade Glioma Undergoing Adjuvant Chemoradiation: A Prospective Study.,Sharma Prashasti; Medhi Partha Pratim; Bhattacharyya Mouchumee; Nath Jyotiman; Kalita Apurba Kumar,Asian Pacific journal of cancer prevention : APJCP,2023,10.31557/APJCP.2023.24.10.3487,PMC10770670,Yes,Yes,PMID_37898854.pdf
24481866,Plasma tumor necrosis factor-α and C-reactive protein as biomarker for survival in head and neck squamous cell carcinoma.,Andersson Bengt-Åke; Lewin Freddi; Lundgren Jan; Nilsson Mats; Rutqvist Lars-Erik; Löfgren Sture; Laytragoon-Lewin Nongnit,Journal of cancer research and clinical oncology,2014,10.1007/s00432-014-1592-8,PMC11823750,Yes,Yes,PMID_24481866.pdf
37855851,Amide proton transfer-weighted imaging and derived radiomics in the classification of adult-type diffuse gliomas.,Wu Minghao; Jiang Tongling; Guo Min; Duan Yunyun; Zhuo Zhizheng; Weng Jinyuan; Xie Cong; Sun Jun; Li Junjie; Cheng Dan; Liu Xing; Du Jiang; Zhang Xianchang; Zhang Yi; Liu Yaou,European radiology,2024,10.1007/s00330-023-10343-6,,No,No,
34982491,"Use of serum B-cell maturation antigen levels to predict outcomes for myeloma patients treated with ruxolitinib, lenalidomide and methylprednisolone.",Bujarski Sean; Sutanto Christine; Spektor Tanya M; To Jennifer; Swift Regina A; Green Tracy; Eades Benjamin R; Emamy-Sadr Marsiye; Souther Eric; Berenson James R,Hematological oncology,2022,10.1002/hon.2961,,No,No,
25254003,1-stearoylglycerol is associated with risk of prostate cancer: results from serum metabolomic profiling.,Mondul Alison M; Moore Steven C; Weinstein Stephanie J; Männistö Satu; Sampson Joshua N; Albanes Demetrius,Metabolomics : Official journal of the Metabolomic Society,2014,10.1007/s11306-014-0643-0,PMC4169990,Yes,Yes,PMID_25254003.pdf
35834820,Association of Plasma Iron Status with Subsequent Risk of Total and Site-Specific Cancer: A Large Case-Cohort Study within JPHC Study.,Miyamoto Yoshihisa; Nakano Shiori; Ihira Hikaru; Yamaji Taiki; Katagiri Ryoko; Sawada Norie; Inoue Manami; Tsugane Shoichiro; Iwasaki Motoki,"Cancer prevention research (Philadelphia, Pa.)",2022,10.1158/1940-6207.CAPR-22-0151,,No,No,
28108506,Biomarker Dynamics in B-cell Lymphoma: A Longitudinal Prospective Study of Plasma Samples Up to 25 Years before Diagnosis.,Späth Florentin; Wibom Carl; Krop Esmeralda J M; Johansson Ann-Sofie; Bergdahl Ingvar A; Vermeulen Roel; Melin Beatrice,Cancer research,2017,10.1158/0008-5472.CAN-16-2345,,No,No,
37038772,Plasma thymidine kinase activity as a prognostic biomarker in pancreatic ductal adenocarcinoma: a single-center prospective study.,Asplund Ebba; Bergqvist Mattias; Krook Maura; Löhr J-Matthias,Scandinavian journal of gastroenterology,2023,10.1080/00365521.2023.2198057,,No,No,
29207969,Pre-treatment alphafeto protein in hepatocellular carcinoma with non-viral aetiology - a prospective study.,Chaminda Siriwardana Rohan; Suchintha Thilakarathne; Anuk Niriella Madunil; Supun Dassanayake Anuradha; Bhagya Gunathilake Mahen; Habarakada Liyanage Chandika Anuruddha; Janaka De Silva Hithadurage,BMC gastroenterology,2017,10.1186/s12876-017-0710-x,PMC5718018,Yes,Yes,PMID_29207969.pdf
30028368,Do Physicians Underestimate Pain in Terminal Cancer Patients? A Prospective Study in a Hospice Setting.,Golčić Marin; Dobrila-Dintinjana Renata; Golčić Goran; Pavlović-Ružić Ira; Gović-Golčić Lidija,The Clinical journal of pain,2018,10.1097/AJP.0000000000000641,,No,No,
35266975,HPV and DNA Methylation Testing in Urine for Cervical Intraepithelial Neoplasia and Cervical Cancer Detection.,van den Helder Rianne; Steenbergen Renske D M; van Splunter Annina P; Mom Constantijne H; Tjiong Ming Y; Martin Ivonne; Rosier-van Dunné Fleur M F; van der Avoort Irene A M; Bleeker Maaike C G; van Trommel Nienke E,Clinical cancer research : an official journal of the American Association for Cancer Research,2022,10.1158/1078-0432.CCR-21-3710,,No,No,
38199608,Endothelial Activation and Stress Index (EASIX) to predict mortality after allogeneic stem cell transplantation: a prospective study.,Penack Olaf; Luft Thomas; Peczynski Christophe; Benner Axel; Sica Simona; Arat Mutlu; Itäla-Remes Maija; Corral Lucia López; Schaap Nicolaas P M; Karas Michal; Raida Ludek; Schroeder Thomas; Dreger Peter; Metafuni Elisabetta; Ozcelik Tulay; Sandmaier Brenda M; Kordelas Lambros; Moiseev Ivan; Schoemans Hélène; Koenecke Christian; Basak Grzegorz W; Peric Zinaida,Journal for immunotherapy of cancer,2024,10.1136/jitc-2023-007635,PMC10806535,Yes,Yes,PMID_38199608.pdf
22237037,Detecting plasma Epstein-Barr virus DNA to diagnose postradiation nasopharyngeal skull base lesions in nasopharyngeal carcinoma patients: a prospective study.,Liang Fa-Ya; Sun Wei; Han Ping; Lu Xing; Lian Ying-Ni; Huang Xiao-Ming,Chinese journal of cancer,2012,10.5732/cjc.011.10279,PMC3777480,Yes,Yes,PMID_22237037.pdf
30714167,Plasma Epstein-Barr virus DNA as an archetypal circulating tumour DNA marker.,Lam Wai Kei Jacky; Chan Kwan Chee Allen; Lo Yuk Ming Dennis,The Journal of pathology,2019,10.1002/path.5249,PMC6594142,Yes,Yes,PMID_30714167.pdf
40544502,Fibulin-3 in plasma and pleural effusion as a biomarker of mesothelioma.,Adamic Katja; Malovrh Mateja Marc; Stojkovic Urska Bidovec; Rozman Ales,Radiology and oncology,2025,10.2478/raon-2025-0024,PMC12189184,Yes,Yes,PMID_40544502.pdf
36412398,The immunohistochemical biomarker B-cell lymphoma-2 expression in malignant and premalignant lesions of the uterine cervix and its association with human papillomavirus infection.,Nayak Prasanta Kumar; Hussain Nighat; Negi Sanjay; Agrawal Sarita; Bagde Nilaj; Mitra Subarna; Singh Vandita,Journal of cancer research and therapeutics,2022,10.4103/jcrt.JCRT_388_20,,No,No,
28356064,"Protocol of the PANCALYZE trial: a multicenter, prospective study investigating the tumor biomarkers CXCR4, SMAD4, SOX9 and IFIT3 in patients with resected pancreatic adenocarcinoma to predict the pattern of recurrence of the disease.",Popp Felix C; Popp Marie Christine; Zhao Yue; Betzler Christopher; Kropf Siegfried; Garlipp Benjamin; Benckert Christoph; Kalinski Thomas; Lippert Hans; Bruns Christiane J,BMC cancer,2017,10.1186/s12885-017-3186-8,PMC5371262,Yes,Yes,PMID_28356064.pdf
40227208,A Prospective Study Consortium for the Discovery and Validation of Early Detection Markers for Ovarian Cancer - Baseline Findings for CA125.,Kaaks Rudolf; Cooley Victoria; Mukama Trasias; Teras Lauren R; Patel Alpa V; Masala Giovanna; Crous-Bou Marta; Harris Holly R; Langseth Hilde; Surcel Heljä-Marja; Wentzensen Nicolas; Terry Kathryn; Sasamoto Naoko; Tworoger Shelley; Fortner Renée Turzanski,Clinical cancer research : an official journal of the American Association for Cancer Research,2025,10.1158/1078-0432.CCR-24-1845,,No,No,
40570258,Prospective Multicenter Study Evaluating a Combined Circulating Tumor DNA and Circulating Tumor RNA Liquid Biopsy in Metastatic Non-Small Cell Lung Cancer (LIQUIK).,Samol Jens; Ng David; Poh Jonathan; Tan Min-Han; Dawar Richa; Carney Jennifer; Orsini James; Scilla Katherine; Tan Yew Oo; Chin Tan Min; Toh Chee Keong; Goh Boon Cher; Lopes Gilberto,JCO precision oncology,2025,10.1200/PO-25-00181,PMC12203978,Yes,Yes,PMID_40570258.pdf
34980038,Prospective study evaluating dynamic changes of cell-free HPV DNA in locoregional viral-associated oropharyngeal cancer treated with induction chemotherapy and response-adaptive treatment.,Rosenberg Ari J; Izumchenko Evgeny; Pearson Alexander; Gooi Zhen; Blair Elizabeth; Karrison Theodore; Juloori Aditya; Ginat Daniel; Cipriani Nicole; Lingen Mark; Sloane Hillary; Edelstein Daniel L; Keyser Kirsten; Fredebohm Johannes; Holtrup Frank; Jones Frederick S; Haraf Daniel; Agrawal Nishant; Vokes Everett E,BMC cancer,2022,10.1186/s12885-021-09146-z,PMC8722316,Yes,Yes,PMID_34980038.pdf
30786924,Antibodies as biomarker candidates for response and survival to checkpoint inhibitors in melanoma patients.,Fässler Mirjam; Diem Stefan; Mangana Joanna; Hasan Ali Omar; Berner Fiamma; Bomze David; Ring Sandra; Niederer Rebekka; Del Carmen Gil Cruz Cristina; Pérez Shibayama Christian Ivan; Krolik Michal; Siano Marco; Joerger Markus; Recher Mike; Risch Lorenz; Güsewell Sabine; Risch Martin; Speiser Daniel E; Ludewig Burkhard; Levesque Mitchell P; Dummer Reinhard; Flatz Lukas,Journal for immunotherapy of cancer,2019,10.1186/s40425-019-0523-2,PMC6383238,Yes,Yes,PMID_30786924.pdf
27146838,A prospective study of autoantibodies to Ezrin and pancreatic cancer risk.,Sun Yaqiong; Wu Jie; Cai Hui; Wang Shuyang; Liu Qiaolan; Blot William J; Shu Xiao Ou; Cai Qiuyin,Cancer causes & control : CCC,2016,10.1007/s10552-016-0757-y,PMC4970458,Yes,Yes,PMID_27146838.pdf
34786661,Evaluation of the programmed death-ligand 1 mRNA expression and immunopositivity and their correlation with survival outcomes in Indian lung cancer patients.,Kumar Sachin; Pandey Monu; Mir Ishfaq A; Mukhopadhyay Abhirup; Sharawat Surender K; Jain Deepali; Saikia Jyoutishman; Malik Prabhat S; Kumar Sunil; Mohan Anant,Human cell,2022,10.1007/s13577-021-00647-4,,No,No,
34673587,"Expression of VEGF-A, HER2/neu, and KRAS in gall bladder carcinoma and their correlation with clinico-pathological parameters.",Singh Pomilla; Jain Shyam Lata; Sakhuja Puja; Agarwal Anil,Indian journal of pathology & microbiology,2021,10.4103/IJPM.IJPM_248_20,,No,No,
26728026,Lactate as a predictive marker for tumor recurrence in patients with head and neck squamous cell carcinoma (HNSCC) post radiation: a prospective study over 15 years.,Blatt Sebastian; Voelxen Nadine; Sagheb Keyvan; Pabst Andreas Max; Walenta Stefan; Schroeder Thies; Mueller-Klieser Wolfgang; Ziebart Thomas,Clinical oral investigations,2016,10.1007/s00784-015-1699-6,,No,No,
41422448,Search for novel biomarkers of febrile neutropenia in hematological patients: an overview.,Jantunen Esa; Hämäläinen Sari; Pulkki Kari; Juutilainen Auni,Clinical and experimental medicine,2025,10.1007/s10238-025-01995-3,PMC12769988,Yes,Yes,PMID_41422448.pdf
26359694,Enhanced cell migration and apoptosis resistance may underlie the association between high SERPINE1 expression and poor outcome in head and neck carcinoma patients.,Pavón Miguel Angel; Arroyo-Solera Irene; Téllez-Gabriel Marta; León Xavier; Virós David; López Montserrat; Gallardo Alberto; Céspedes Maria Virtudes; Casanova Isolda; López-Pousa Antonio; Mangues Maria Antonia; Quer Miquel; Barnadas Agustí; Mangues Ramón,Oncotarget,2015,10.18632/oncotarget.5032,PMC4745708,Yes,Yes,PMID_26359694.pdf
30383325,Apoptosis: A biomarker of high-risk phenotype in pediatric acute myeloid leukemia?,Tyagi Anudishi; Pramanik Raja; Bakhshi Radhika; Vishnubhatla Sreenivas; Bakhshi Sameer,International journal of laboratory hematology,2019,10.1111/ijlh.12939,,No,No,
38683497,Improved overall survival in patients developing endocrine toxicity during treatment with nivolumab for advanced non-small cell lung cancer in a prospective study.,Albertelli M; Rossi G; Nazzari E; Genova C; Biello F; Rijavec E; Dal Bello M G; Patti L; Tagliamento M; Barletta G; Morabito P; Boschetti M; Dotto A; Campana D; Ferone D; Grossi F,Journal of endocrinological investigation,2024,10.1007/s40618-023-02268-0,PMC11196302,Yes,Yes,PMID_38683497.pdf
33203393,Protocol of the EFFORT study: a prospective study of FOLFIRI plus aflibercept as second-line treatment after progression on FOLFOXIRI plus bevacizumab or during maintenance treatment in patients with unresectable/metastatic colorectal cancer.,Satake Hironaga; Ando Koji; Oki Eiji; Shimokawa Mototsugu; Makiyama Akitaka; Saeki Hiroshi; Tsuji Akihito; Mori Masaki,BMC cancer,2020,10.1186/s12885-020-07576-9,PMC7672899,Yes,Yes,PMID_33203393.pdf
27158143,Standardization of PET Imaging in Clinical Trials.,Shankar Lalitha K,PET clinics,2008,10.1016/j.cpet.2008.10.006,,No,No,
25743806,Fibulin-3 as a diagnostic biomarker in patients with malignant mesothelioma.,Kaya Halide; Demir Melike; Taylan Mahsuk; Sezgi Cengizhan; Tanrikulu Abdullah Cetin; Yilmaz Sureyya; Bayram Mehmet; Kaplan Ibrahim; Senyigit Abdurrahman,Asian Pacific journal of cancer prevention : APJCP,2015,10.7314/apjcp.2015.16.4.1403,,No,Yes,PMID_25743806.pdf
26487589,A prospective study of total plasma cell-free DNA as a predictive biomarker for response to systemic therapy in patients with advanced non-small-cell lung cancers.,Li B T; Drilon A; Johnson M L; Hsu M; Sima C S; McGinn C; Sugita H; Kris M G; Azzoli C G,Annals of oncology : official journal of the European Society for Medical Oncology,2016,10.1093/annonc/mdv498,PMC4684155,Yes,Yes,PMID_26487589.pdf
29282036,"Circulating microRNA's as a diagnostic tool for hepatocellular carcinoma in a hyper endemic HIV setting, KwaZulu-Natal, South Africa: a case control study protocol focusing on viral etiology.",Sartorius K; Sartorius B; Kramvis A; Singh E; Turchinovich A; Burwinkel B; Madiba T; Winkler C A,BMC cancer,2017,10.1186/s12885-017-3915-z,PMC5745691,Yes,Yes,PMID_29282036.pdf
33023818,A Prospective Study of Diffusion-weighted Magnetic Resonance Imaging as an Early Prognostic Biomarker in Chemoradiotherapy in Squamous Cell Carcinomas of the Anus.,Muirhead R; Bulte D; Cooke R; Chu K-Y; Durrant L; Goh V; Jacobs C; Ng S M; Strauss V Y; Virdee P S; Qi C; Hawkins M A,Clinical oncology (Royal College of Radiologists (Great Britain)),2020,10.1016/j.clon.2020.09.003,,No,No,
32382113,Does multiparametric imaging with 18F-FDG-PET/MRI capture spatial variation in immunohistochemical cancer biomarkers in head and neck squamous cell carcinoma?,Rasmussen Jacob H; Olin Anders; Lelkaitis Giedrius; Hansen Adam E; Andersen Flemming L; Johannesen Helle H; Kjær Andreas; Vogelius Ivan R; Specht Lena; Bentzen Søren M; Wessel Irene; von Buchwald Christian; Fischer Barbara M,British journal of cancer,2020,10.1038/s41416-020-0876-9,PMC7341803,Yes,Yes,PMID_32382113.pdf
25468199,Intratumoral gene expression of 5-fluorouracil pharmacokinetics-related enzymes in stage I and II non-small cell lung cancer patients treated with uracil-tegafur after surgery: a prospective multi-institutional study in Japan.,Eguchi Keisuke; Oyama Takahiko; Tajima Atsushi; Abiko Tomohiro; Sawafuji Makoto; Horio Hirotoshi; Hashizume Toshinori; Matsutani Noriyuki; Kato Ryoichi; Nakayama Mitsuo; Kawamura Masafumi; Kobayashi Koichi,"Lung cancer (Amsterdam, Netherlands)",2015,10.1016/j.lungcan.2014.10.013,,No,No,
40042235,Influence of Carcinoma and Sarcoma on Neutrophil Gelatinase-Associated Lipocalin and Symmetric Dimethylarginine Concentrations in Dogs.,Rixon Anouska; Meyer Evelyne; Daminet Sylvie; Goddard Amelia; Kongtasai Thirawut; Pazzi Paolo,Journal of veterinary internal medicine,2025,10.1111/jvim.70015,PMC11881161,Yes,Yes,PMID_40042235.pdf
38044994,"Circulating tumour cell enumeration, biomarker analyses, and kinetics in patients with colorectal cancer and other GI malignancies.",Malkawi Walla; Lutfi Areeb; Afghan Maaz Khan; Shah Lamisha Mashiyat; Costandy Lillian; Ramirez Arturo B; George Thaddeus C; Toor Fatima; Salem Aliasger K; Kasi Pashtoon Murtaza,Frontiers in oncology,2023,10.3389/fonc.2023.1305181,PMC10693413,Yes,Yes,PMID_38044994.pdf
38751950,Acu-URO17 is a highly sensitive and specific bladder cancer biomarker.,Guo Liwu; Cid Alexandra; Cucci John; Kunkel Brian; Defeis Lisa; Matthews Michael,BJUI compass,2024,10.1002/bco2.338,PMC11090771,Yes,Yes,PMID_38751950.pdf
32446598,Glioma-grade diagnosis using in-phase and out-of-phase T1-weighted magnetic resonance imaging: A prospective study.,De Pardieu M; Boucebci S; Herpe G; Fauche C; Velasco S; Ingrand P; Tasu J-P,Diagnostic and interventional imaging,2020,10.1016/j.diii.2020.04.013,,No,No,
39436198,The biologic landscape and therapeutic implications of upper tract urothelial cancer.,Vlachou Evangelia; Hoffman-Censits Jeannie; Singla Nirmish,Current opinion in urology,2025,10.1097/MOU.0000000000001233,,No,No,
39759554,Endothelial progenitor cells as an angiogenic biomarker for the diagnosis and prognosis of lung cancer.,Najjar Fadi; Alsabe Hassan; Sabbagh Hussein; Al-Massarani Ghassan; Aljapawe Abdulmunim; Alamalla Nissreen; Banat Issraa; Ikhtiar Adnan,Reports of practical oncology and radiotherapy : journal of Greatpoland Cancer Center in Poznan and Polish Society of Radiation Oncology,2024,10.5603/rpor.102618,PMC11698562,Yes,Yes,PMID_39759554.pdf
37072801,Peritoneal cell-free DNA as a sensitive biomarker for detection of peritoneal metastasis in colorectal cancer: a prospective diagnostic study: A prospective diagnostic study.,Yuan Zixu; Chen Wenle; Liu Duo; Qin Qiyuan; Grady William M; Fichera Alessandro; Wang Huaiming; Hou Ting; Lv Xinze; Li Chanhe; Wang Hui; Cai Jian,Clinical epigenetics,2023,10.1186/s13148-023-01479-9,PMC10114319,Yes,Yes,PMID_37072801.pdf
31015200,Plasma Fibrinogen and sP-Selectin are Associated with the Risk of Lung Cancer in a Prospective Study.,Grafetstätter Mirja; Hüsing Anika; González Maldonado Sandra; Sookthai Disorn; Johnson Theron; Pletsch-Borba Laura; Katzke Verena A; Hoffmeister Michael; Bugert Peter; Kaaks Rudolf; Kühn Tilman,"Cancer epidemiology, biomarkers & prevention : a publication of the American Association for Cancer Research, cosponsored by the American Society of Preventive Oncology",2019,10.1158/1055-9965.EPI-18-1285,,No,No,
35073853,The MITRE trial protocol: a study to evaluate the microbiome as a biomarker of efficacy and toxicity in cancer patients receiving immune checkpoint inhibitor therapy.,Thompson Nicola A; Stewart Grant D; Welsh Sarah J; Doherty Gary J; Robinson Matthew J; Neville B Anne; Vervier Kevin; Harris Simon R; Adams David J; Dalchau Katy; Bruce David; Demiris Nikolaos; Lawley Trevor D; Corrie Pippa G,BMC cancer,2022,10.1186/s12885-021-09156-x,PMC8785032,Yes,Yes,PMID_35073853.pdf
28085009,"Des-γ carboxyprothrombin may not be a good biomarker for hepatocellular carcinoma in those chronically infected with hepatitis B virus with basal core promoter double mutations (T^{1762}, A^{1764}), a prospective study.",Li Guo-Jian; Chen Qin-Yan; Harrison Tim J; Wang Xue-Yan; Hu Li-Ping; Yang Qing-Li; Li Kai-Wen; Fang Zhong-Liao,Cancer biomarkers : section A of Disease markers,2017,10.3233/CBM-160131,,No,No,
37946141,Kidney-type glutaminase is a biomarker for the diagnosis and prognosis of hepatocellular carcinoma: a prospective study.,Zhang Laizhu; Su Ke; Liu Qi; Li Binghua; Wang Ye; Cheng Chunxiao; Li Yunzheng; Xu Chun; Chen Jun; Wu Hongyan; Zhu Mengxia; Mai Xiaoli; Cao Yajuan; Peng Jin; Yue Yang; Ding Yitao; Yu Decai,BMC cancer,2023,10.1186/s12885-023-11601-y,PMC10633901,Yes,Yes,PMID_37946141.pdf
36412423,Preoperative neutrophil-lymphocyte ratio/platelet-lymphocyte ratio: A potential and economical marker for renal cell carcinoma.,Chandrasekaran Deepika; Sundaram Sandhya; Maheshkumar K; Kathiresan N; Padmavathi R,Journal of cancer research and therapeutics,2022,10.4103/jcrt.JCRT_482_20,,No,No,
33589757,"Carfilzomib-induced endothelial dysfunction, recovery of proteasome activity, and prediction of cardiovascular complications: a prospective study.",Kastritis Efstathios; Laina Ageliki; Georgiopoulos Georgios; Gavriatopoulou Maria; Papanagnou Eleni-Dimitra; Eleutherakis-Papaiakovou Evangelos; Fotiou Despina; Kanellias Nikolaos; Dialoupi Ioanna; Makris Nikolaos; Manios Efstathios; Migkou Magdalini; Roussou Maria; Kotsopoulou Maria; Stellos Konstantinos; Terpos Evangelos; Trougakos Ioannis P; Stamatelopoulos Kimon; Dimopoulos Meletios A,Leukemia,2021,10.1038/s41375-021-01141-4,,No,No,
31881446,Distinct biomarker and behavioral profiles of human papillomavirus-related oropharynx cancer patients by age.,Fakhry Carole; Waterboer Tim; Westra William H; Rooper Lisa M; Windon Melina; Troy Tanya; Koch Wayne; Gourin Christine G; Bender Noemi; Yavvari Siddhartha; Kiess Ana P; Miles Brett A; Ryan William R; Ha Patrick K; Eisele David W; D'Souza Gypsyamber,Oral oncology,2020,10.1016/j.oraloncology.2019.104522,PMC8212394,Yes,Yes,PMID_31881446.pdf
35092395,Expression of Ki67 Biomarker in Oral Submucous Fibrosis with Clinico-Pathological Correlations: A Prospective Study.,Kamala K A; Kanetkar Sujata R; Datkhile Kailash D; Sankethguddad S,Asian Pacific journal of cancer prevention : APJCP,2022,10.31557/APJCP.2022.23.1.253,PMC9258645,Yes,Yes,PMID_35092395.pdf
39583866,Elevations of Cardiac Troponin in Patients Receiving Immune Checkpoint Inhibitors: Data From a Prospective Study.,van den Berg Pieter F; Bracun Valentina; Noordman Michel; van der Meer Peter; Shi Canxia; Oosting Sjoukje F; Aboumsallem Joseph Pierre; de Wit Sanne; Meijers Wouter C; Jalving Mathilde; van Kruchten Michel; de Boer Rudolf A,JACC. Advances,2024,10.1016/j.jacadv.2024.101375,PMC11584941,Yes,Yes,PMID_39583866.pdf
40037882,18F-Fluorocholine PET/CT as an Imaging Biomarker in Patients With Hepatocellular Carcinoma Receiving Atezolizumab Plus Bevacizumab.,Whi Wonseok; Lee Hyunjong; Hong Jung Yong; Kang Wonseok; Cho Young Seok; Moon Seung Hwan; Choi Joon Young; Lee Kyung-Han; Hyun Seung Hyup,Anticancer research,2025,10.21873/anticanres.17514,,No,No,
29756258,A prospective analysis of circulating saturated and monounsaturated fatty acids and risk of non-Hodgkin lymphoma.,Chiu Yu-Han; Bertrand Kimberly A; Zhang Shumin; Laden Francine; Epstein Mara M; Rosner Bernard A; Chiuve Stephanie; Campos Hannia; Giovannucci Edward L; Chavarro Jorge E; Birmann Brenda M,International journal of cancer,2018,10.1002/ijc.31602,PMC6158051,Yes,Yes,PMID_29756258.pdf
24408916,Urinary tobacco smoke-constituent biomarkers for assessing risk of lung cancer.,Yuan Jian-Min; Butler Lesley M; Stepanov Irina; Hecht Stephen S,Cancer research,2014,10.1158/0008-5472.CAN-13-3178,PMC4066207,Yes,Yes,PMID_24408916.pdf
36128637,Thymus and activation-regulated chemokine (TARC) as treatment response marker for paediatric Hodgkin lymphoma: A pilot study.,Zijtregtop Eline A M; Diez Claudius; Zwaan C Michel; Veening Margreet A; Beishuizen Auke; Meyer-Wentrup Friederike A G,British journal of haematology,2023,10.1111/bjh.18473,PMC10087307,Yes,Yes,PMID_36128637.pdf
39908653,Cellular morphometric biomarkers and large language model predict prognosis and treatment response in neuroblastoma patients: A retrospective and double-blind prospective single arm clinical study.,Wang Xu; Mao April W; Pan Sirui; Wang Dawei; He Lili; Vogel Hannes; Mao Jian-Hua; Weiss William; Li Tao; Chang Hang,"European journal of cancer (Oxford, England : 1990)",2025,10.1016/j.ejca.2025.115273,,No,No,
37791647,D-Dimers Variability in the Perioperative Period of Breast Cancer Surgery Helps to Predict Cancer Relapse: A Single-Centre Prospective Study.,Dybowska Małgorzata; Dybowski Dariusz; Szturmowicz Monika; Jóźwik Adam; Lewandowska Katarzyna; Sobiecka Małgorzata; Tomkowski Witold,Cancer control : journal of the Moffitt Cancer Center,2023,10.1177/10732748231204713,PMC10552458,Yes,Yes,PMID_37791647.pdf
25185654,Circulating miR-148a is a significant diagnostic and prognostic biomarker for patients with osteosarcoma.,Ma Wanli; Zhang Xuhua; Chai Jie; Chen Peng; Ren Peng; Gong Mingzhi,Tumour biology : the journal of the International Society for Oncodevelopmental Biology and Medicine,2014,10.1007/s13277-014-2565-x,,No,No,
38638854,High PD-L1 expression on immune cells along with increased density of tumor-infiltrating lymphocytes predicts a favorable survival outcome for patients with loco-regionally advanced head and neck cancer: early results from a prospective study.,Blažek Tomáš; Petráš Marek; Hurník Pavel; Matoušek Petr; Knybel Lukáš; Čermáková Zuzana Zděblová; Štembírek Jan; Cvek Jakub; Soumarová Renata,Frontiers in oncology,2024,10.3389/fonc.2024.1346793,PMC11024328,Yes,Yes,PMID_38638854.pdf
35489774,Early Metabolic Changes in 1H-MRSI Predictive for Survival in Patients With Newly Diagnosed High-grade Glioma.,Wang Michael H; Roa Wilson; Wachowicz Keith; Yahya Atiyah; Murtha Albert; Amanie John; Chainey Jonathan; Quon Harvey; Ghosh Sunita; Patel Samir,Anticancer research,2022,10.21873/anticanres.15744,,No,No,
39062558,Novel Plasma Biomarkers Associated with Future Peripheral Atherosclerotic Disease and Abdominal Aortic Aneurysm-Insights from Contemporary Prospective Studies from the Malmö Diet and Cancer Study.,Acosta Stefan; Fatemi Shahab; Zarrouk Moncef; Gottsäter Anders,Biomolecules,2024,10.3390/biom14070844,PMC11275106,Yes,Yes,PMID_39062558.pdf
39118919,"Assessment of Serum Cortisol Levels in Patients with Oral Squamous Cell Carcinoma and Its Correlation with Clinical Staging, Histopathological Grading and Nodal Metastasis: A Prospective Study.",Kalyani Veerabhadra; Rao Gautam; Hatti Prashanth,Journal of maxillofacial and oral surgery,2024,10.1007/s12663-024-02210-8,PMC11303631,Yes,Yes,PMID_39118919.pdf
8946869,A study of biomarkers in cervical carcinoma and clinical correlation of the novel biomarker MN.,Brewer C A; Liao S Y; Wilczynski S P; Pastorekova S; Pastorek J; Zavada J; Kurosaki T; Manetta A; Berman M L; DiSaia P J; Stanbridge E J,Gynecologic oncology,1996,10.1006/gyno.1996.0333,,No,No,
36208025,Identifying HER2 from serum-derived exosomes in advanced gastric cancer as a promising biomarker for assessing tissue HER2 status and predicting the efficacy of trastuzumab-based therapy.,Li Qian; Lv Minzhi; Lv Lihua; Cao Nida; Zhao Aiguang; Chen Jiayan; Tang Xi; Luo Rongkui; Yu Shan; Zhou Yan; Cui Yuehong; Guo Wei; Liu Tianshu,Cancer medicine,2023,10.1002/cam4.5269,PMC9972160,Yes,Yes,PMID_36208025.pdf
29322839,Feasibility study of a human papillomavirus E6 and E7 oncoprotein test for the diagnosis of cervical precancer and cancer.,Zhang Jin-Jun; Cao Xin-Chun; Zheng Xiang-Yu; Wang Hai-Ying; Li Yong-Wei,The Journal of international medical research,2018,10.1177/0300060517736913,PMC5972251,Yes,Yes,PMID_29322839.pdf
24762559,A prospective study of plasma Selenoprotein P and lung cancer risk among low-income adults.,Epplein Meira; Burk Raymond F; Cai Qiuyin; Hargreaves Margaret K; Blot William J,"Cancer epidemiology, biomarkers & prevention : a publication of the American Association for Cancer Research, cosponsored by the American Society of Preventive Oncology",2014,10.1158/1055-9965.EPI-13-1308,PMC4082447,Yes,Yes,PMID_24762559.pdf
25713165,A prospective study of the immune system activation biomarker neopterin and colorectal cancer risk.,Aleksandrova Krasimira; Chuang Shu-Chun; Boeing Heiner; Zuo Hui; Tell Grethe S; Pischon Tobias; Jenab Mazda; Bueno-de-Mesquita Bas; Vollset Stein Emil; Midttun Øivind; Ueland Per Magne; Fedirko Veronika; Johansson Mattias; Weiderpass Elisabete; Severi Gianluca; Racine Antoine; Boutron-Ruault Marie-Christine; Kaaks Rudolf; Kühn Tilman; Tjønneland Anne; Overvad Kim; Quirós J Ramón; Jakszyn Paula; Sánchez María-José; Dorronsoro Miren; Chirlaque Maria-Dolores; Ardanaz Eva; Khaw Kay-Tee; Wareham Nicholas J; Travis Ruth C; Trichopoulou Antonia; Lagiou Pagona; Trichopoulos Dimitrios; Palli Domenico; Sieri Sabina; Tumino Rosario; Panico Salvatore; May Anne M; Palmqvist Richard; Ljuslinder Ingrid; Kong So Yeon J; Freisling Heinz; Gunter Marc J; Lu Yunxia; Cross Amanda J; Riboli Elio; Vineis Paolo,Journal of the National Cancer Institute,2015,10.1093/jnci/djv010,PMC4402364,Yes,Yes,PMID_25713165.pdf
32608296,A prospective study of a urine and plasma biomarker test for the prediction of gleason ≥3 + 4 prostate cancer in a mixed cohort.,Poulsen Mads Hvid; Feddersen Søren; Albitar Maher; Poulsen Charlotte Aaberg; Lund Martin; Pedersen Torben Brøchner; Mortensen Mike Allan; Lund Lars,Scandinavian journal of urology,2020,10.1080/21681805.2020.1782979,,No,No,
37746252,"CEA-delta could be a biomarker of tumor phenotype, clinical stage, and chemotherapeutic response in rectal cancer with OCT4-positive cancer stem cells.",Lozada-Martinez Ivan David; Bolaño-Romero Maria Paz; Lambis-Anaya Lina; Liscano Yamil; Suarez-Causado Amileth,Frontiers in oncology,2023,10.3389/fonc.2023.1258863,PMC10514348,Yes,Yes,PMID_37746252.pdf
38505523,"A protocol for the prospective study of urinary cadmium with risk of fracture, bone loss, and muscle loss.",de la Bastide Christopher; Soares Lissa; Lui Li-Yung; Harrington James; Cawthon Peggy; Orwoll Eric; Kado Deborah; Meliker Jaymie,JBMR plus,2024,10.1093/jbmrpl/ziad006,PMC10945722,Yes,Yes,PMID_38505523.pdf
35230198,"Analysis of miR-375-3p, miR-197-3p, and miR-15a-5p Expression and Their Clinical Relevance as Biomarkers in Lung Cancer.",Kumar Sachin; Saikia Jyoutishman; Sharawat Surender K; Malik Prabhat S; Kumar Sunil; Mohan Anant,Technology in cancer research & treatment,2022,10.1177/15330338221080981,PMC8891837,Yes,Yes,PMID_35230198.pdf
31129922,Evaluation of serum thymidine kinase 1 activity as a biomarker for treatment effectiveness and prediction of relapse in dogs with non-Hodgkin lymphoma.,Boyé Pierre; Floch Franck; Serres François; Geeraert Kévyn; Clerson Pierre; Siomboing Xavier; Bergqvist Mattias; Sack Gabriel; Tierny Dominique,Journal of veterinary internal medicine,2019,10.1111/jvim.15513,PMC6639481,Yes,Yes,PMID_31129922.pdf
38417788,An optimized 3T MRI scan protocol to assess iris melanoma with subsequent histopathological verification - A prospective study.,Lim Joevy Z; Gokul Akilesh; Misra Stuti L; Pan Xingzheng; Charlton Amanda; McGhee Charles N J,"Asia-Pacific journal of ophthalmology (Philadelphia, Pa.)",2024,10.1016/j.apjo.2024.100047,,No,No,
35640145,Response to Nivolumab and Ipilimumab in Microsatellite Instability-High (MSI-H) Cervical Carcinoma with Acquired Resistance to Pembrolizumab: A Case Report and Literature Review.,Gim Gahyun; Kim Yeseul; Park Yeonggyeong; Kim Min Jeong; Nam Myungwoo; Yang Woojung; Duarte Samantha E; Jung Chan Mi; Vagia Elena; Viveiros Pedro; Chae Young Kwang,The oncologist,2022,10.1093/oncolo/oyac095,PMC9256028,Yes,Yes,PMID_35640145.pdf
28619014,Prognostic impact of blood and urinary angiogenic factor levels at diagnosis and during treatment in patients with osteosarcoma: a prospective study.,Tabone Marie-Dominique; Brugières Laurence; Piperno-Neumann Sophie; Selva Marie-Ange; Marec-Bérard Perrine; Pacquement Hélène; Lervat Cyril; Corradini Nadège; Gentet Jean-Claude; Couderc Rémy; Chevance Aurélie; Mahier-Ait Oukhatar Céline; Entz-Werle Natacha; Blay Jean-Yves; Le Deley Marie-Cecile,BMC cancer,2017,10.1186/s12885-017-3409-z,PMC5473001,Yes,Yes,PMID_28619014.pdf
38775586,CORRELATION OF LEPTIN AND ADIPONECTIN RECEPTOR EXPRESSION WITH CLINICOPATHOLOGICAL PARAMETERS IN COLORECTAL CARCINOMA - A CROSS-SECTIONAL PROSPECTIVE STUDY.,Parmesh Priyanka; Dinesh Udupi Shastri; Khandagale Ajay S; Bapu Anil Bargale; Sadashiv Roshni; Reddy Pradnya,Arquivos de gastroenterologia,2024,10.1590/S0004-2803.24612024-016,,No,Yes,PMID_38775586.pdf
33336146,A Prospective Study of Circulating Chemokines and Angiogenesis Markers and Risk of Multiple Myeloma and Its Precursor.,Hofmann Jonathan N; Landgren Ola; Landy Rebecca; Kemp Troy J; Santo Loredana; McShane Charlene M; Shearer Joseph J; Lan Qing; Rothman Nathaniel; Pinto Ligia A; Pfeiffer Ruth M; Hildesheim Allan; Katki Hormuzd A; Purdue Mark P,JNCI cancer spectrum,2020,10.1093/jncics/pkz104,PMC7083234,Yes,Yes,PMID_33336146.pdf
36359556,Early Diagnosis of Chemotherapy-Linked Cardiotoxicity in Breast Cancer Patients Using Conventional Biomarker Panel: A Prospective Study Protocol.,Balmagambetova Saule; Tlegenova Zhenisgul; Zholdin Bekbolat; Kurmanalina Gulnara; Talipova Iliada; Koyshybaev Arip; Nurmanova Dinara; Sultanbekova Gulmira; Baspayeva Mira; Madinova Saule; Kubenova Kulparshan; Urazova Ainel,"Diagnostics (Basel, Switzerland)",2022,10.3390/diagnostics12112714,PMC9689308,Yes,Yes,PMID_36359556.pdf
38427746,Preoperative evaluation of red blood cell distribution width as a promising biomarker for discriminating between benign and malignant breast tumors and assessing breast cancer activity.,Thakur Ajay Singh; Indoria Chandrashekhar; Sahu Ruby; Kujur Pratima; Gahine Renuka,Indian journal of pathology & microbiology,2024,10.4103/ijpm.ijpm_351_23,,No,No,
20737138,"Performance of biomarkers SMRP, CA125, and CYFRA 21-1 as potential tumor markers for malignant mesothelioma and lung cancer in a cohort of workers formerly exposed to asbestos.",Gube M; Taeger D; Weber D G; Pesch B; Brand P; Johnen G; Müller-Lux A; Gross I M; Wiethege T; Weber A; Raithel H J; Kraus T; Brüning T,Archives of toxicology,2011,10.1007/s00204-010-0580-2,,No,No,
29223410,"Characteristics of computed tomography perfusion parameters in non-small-cell-lung-cancer and its relationship to histology, size, stage an treatment response.",Trinidad López Carmen; Souto Bayarri Miguel; Oca Pernas Roque; Delgado Sánchez-Gracián Carlos; González Vázquez Maria; Vaamonde Liste Antonio; Tardáguila De La Fuente Gonzalo; De La Fuente Aguado Javier,Clinical imaging,2018,10.1016/j.clinimag.2017.12.001,,No,No,
30259989,CA19-9 and apolipoprotein-A2 isoforms as detection markers for pancreatic cancer: a prospective evaluation.,Honda Kazufumi; Katzke Verena A; Hüsing Anika; Okaya Shinobu; Shoji Hirokazu; Onidani Kaoru; Olsen Anja; Tjønneland Anne; Overvad Kim; Weiderpass Elisabete; Vineis Paolo; Muller David; Tsilidis Kostas; Palli Domenico; Pala Valeria; Tumino Rosario; Naccarati Alessio; Panico Salvatore; Aleksandrova Krasimira; Boeing Heiner; Bueno-de-Mesquita H Bas; Peeters Petra H; Trichopoulou Antonia; Lagiou Pagona; Khaw Kay-Tee; Wareham Nick; Travis Ruth C; Merino Susana; Duell Eric J; Rodríguez-Barranco Miguel; Chirlaque María Dolores; Barricarte Aurelio; Rebours Vinciane; Boutron-Ruault Marie-Chiristine; Romana Mancini Francesca; Brennan Paul; Scelo Ghislaine; Manjer Jonas; Sund Malin; Öhlund Daniel; Canzian Federico; Kaaks Rudolf,International journal of cancer,2019,10.1002/ijc.31900,PMC6760974,Yes,Yes,PMID_30259989.pdf
39695429,Evaluation of N-NOSE as a surveillance tool for recurrence in gastric and esophageal cancers: a prospective cohort study.,Iitaka Sayuri; Kuroda Akihiro; Narita Tomonori; Hatakeyama Hideyuki; Morishita Masayo; Ungkulpasvich Umbhorn; Hirotsu Takaaki; di Luccio Eric; Yagi Koichi; Seto Yasuyuki,BMC cancer,2024,10.1186/s12885-024-13327-x,PMC11656990,Yes,Yes,PMID_39695429.pdf
37711538,Expression of CD24 as Cancer Stem Cell Marker in the Diagnosis of Oral Squamous Cell Carcinoma - A Prospective Study.,Muralidoss Hemavathy; Muthusekhar M R,Annals of maxillofacial surgery,2023,10.4103/ams.ams_227_22,PMC10499292,Yes,Yes,PMID_37711538.pdf
27725914,Methylation of serum SST gene is an independent prognostic marker in colorectal cancer.,Liu Yanqun; Chew Min Hoe; Tham Chee Kian; Tang Choong Leong; Ong Simon Yk; Zhao Yi,American journal of cancer research,2016,,PMC5043118,Yes,Yes,PMID_27725914.pdf
40466414,Plasma biomarkers for afatinib monotherapy in EGFR-mutated non-small cell lung cancer: Novel insights from companion genomics analysis of the EXTRA study.,Makiguchi Tomonori; Tanaka Hisashi; Morikawa Kei; Hirata Aya; Itani Hidetoshi; Tanzawa Shigeru; Watanabe Kageaki; Yasuda Hiroyuki; Horiuchi Kazuya; Nakagawa Hideyuki; Seki Yoshitaka; Nakahara Yoshiro; Hayashi Kentaro; Takahashi Nobumasa; Endo Takeo; Bessho Akihiro; Okano Tetsuya; Takeyama Kiyoshi; Kawase Akikazu; Endo Makoto; Maekura Toshiya; Nemoto Kenji; Takigawa Nagio; Kishi Kazuma; Soejima Kenzo; Okuma Yusuke; Togashi Akira; Matsutani Noriyuki; Shinchi Hiroki; Ueda Koji; Seki Nobuhiko,Cancer treatment and research communications,2025,10.1016/j.ctarc.2025.100952,,No,No,
35491769,Risk stratification of pancreatic cancer by a blood test for apolipoprotein A2-isoforms.,Honda Kazufumi,Cancer biomarkers : section A of Disease markers,2022,10.3233/CBM-210198,PMC9108558,Yes,Yes,PMID_35491769.pdf
38635586,A Predictive Noninvasive Single-Nucleotide Variation-Based Biomarker Signature for Resectable Pancreatic Cancer: Protocol for a Prospective Validation Study.,Seeger Nico; Gutknecht Stefan; Zschokke Irin; Fleischmann Isabella; Roth Nadja; Metzger Jürg; Weber Markus; Breitenstein Stefan; Grochola Lukasz Filip,JMIR research protocols,2024,10.2196/54042,PMC11130767,Yes,No,
30191956,Circulating insulin-like growth factor I in relation to melanoma risk in the European prospective investigation into cancer and nutrition.,Bradbury Kathryn E; Appleby Paul N; Tipper Sarah J; Travis Ruth C; Allen Naomi E; Kvaskoff Marina; Overvad Kim; Tjønneland Anne; Halkjaer Jytte; Cervenka Iris; Mahamat-Saleh Yahya; Bonnet Fabrice; Kaaks Rudolf; Fortner Renée T; Boeing Heiner; Trichopoulou Antonia; La Vecchia Carlo; Stratigos Alexander J; Palli Domenico; Grioni Sara; Matullo Giuseppe; Panico Salvatore; Tumino Rosario; Peeters Petra H; Bueno-de-Mesquita H Bas; Ghiasvand Reza; Veierød Marit B; Weiderpass Elisabete; Bonet Catalina; Molina Elena; Huerta José M; Larrañaga Nerea; Barricarte Aurelio; Merino Susana; Isaksson Karolin; Stocks Tanja; Ljuslinder Ingrid; Hemmingsson Oskar; Wareham Nick; Khaw Kay-Tee; Gunter Marc J; Rinaldi Sabina; Tsilidis Konstantinos K; Aune Dagfinn; Riboli Elio; Key Timothy J,International journal of cancer,2019,10.1002/ijc.31854,PMC6481548,Yes,Yes,PMID_30191956.pdf
29797180,Pre- and early postoperative GFAP serum levels in glioma and brain metastases.,Baumgarten Peter; Quick-Weller Johanna; Gessler Florian; Wagner Marlies; Tichy Julia; Forster Marie-Therese; Foerch Christian; Seifert Volker; Mittelbronn Michel; Senft Christian,Journal of neuro-oncology,2018,10.1007/s11060-018-2898-1,,No,No,
38656744,[Molecular subtypes provide possibilities for precision medicine in a advanced prostate cancer].,Wikström Pernilla; Bergh Anders; Josefsson Andreas; Thysell Elin; Welén Karin,Lakartidningen,2024,,,No,No,
23513041,A prospective study of leukocyte telomere length and risk of renal cell carcinoma.,Hofmann Jonathan N; Lan Qing; Cawthon Richard; Hosgood H Dean; Shuch Brian; Moore Lee E; Rothman Nathaniel; Chow Wong-Ho; Purdue Mark P,"Cancer epidemiology, biomarkers & prevention : a publication of the American Association for Cancer Research, cosponsored by the American Society of Preventive Oncology",2013,10.1158/1055-9965.EPI-13-0142,PMC3655903,Yes,Yes,PMID_23513041.pdf
26294712,Quantitative FDG-PET: a new biomarker in PMBCL.,Meignan Michel,Blood,2015,10.1182/blood-2015-07-653386,,No,No,
34605301,Clinical significance of serum S100A10 in lung cancer.,Hou Yu-Lei; Zhang Jian-Hong; Guo Jin-Bao; Chen Hui,The Journal of international medical research,2021,10.1177/03000605211049653,PMC8493184,Yes,Yes,PMID_34605301.pdf
32937962,Prospective Study Using Plasma Apolipoprotein A2-Isoforms to Screen for High-Risk Status of Pancreatic Cancer.,Sato Yu; Kobayashi Takashi; Nishiumi Shin; Okada Akihiko; Fujita Tsuyoshi; Sanuki Tsuyoshi; Kobayashi Masao; Asahara Masakyo; Adachi Masayasu; Sakai Arata; Shiomi Hideyuki; Masuda Atsuhiro; Yoshida Masaru; Takeuchi Keiko; Kodama Yuzo; Kutsumi Hiromu; Nagashima Kengo; Honda Kazufumi,Cancers,2020,10.3390/cancers12092625,PMC7564617,Yes,Yes,PMID_32937962.pdf
31671219,Prediagnostic circulating inflammation biomarkers and esophageal squamous cell carcinoma: A case-cohort study in Japan.,Aversa John; Song Minkyo; Shimazu Taichi; Inoue Manami; Charvat Hadrien; Yamaji Taiki; Sawada Norie; Pfeiffer Ruth M; Karimi Parisa; Dawsey Sanford M; Rabkin Charles S; Tsugane Shoichiro; Camargo M Constanza,International journal of cancer,2020,10.1002/ijc.32763,,No,No,
40598473,Diagnostic value of the wnt target and cancer-associated blood biomarker hPG80: ONCOPRO case-control prospective study.,You Benoit; Couraud Sebastien; Ceruse Philippe; Badet Lionel; Paparel Philippe; Durand Alice; Guillet Marielle; Merle Philippe; Lescuyer Gaelle; Philip Charles-André; Ducray Francois; Pioche Mathieu; Karlin Lionel; Lifante Jean-Christophe; Glehen Olivier; Bolze Pierre-Adrien; Chauvenet Marion; Langlois-Jacques Carole; Subtil Fabien; Piecyk Marie; Carrot Aurore; Joubert Dominique; Prieur Alexandre; Vire Berengere; Calattini Sara; Payen Lea,Biomarker research,2025,10.1186/s40364-025-00793-z,PMC12218953,Yes,Yes,PMID_40598473.pdf
37817577,Interleukin-6 as a biomarker of hypersensitivity reactions in chemotherapeutics and monoclonal antibodies.,Villarreal-González Rosalaura V; González-Díaz Sandra; Vidal-Gutiérrez Oscar; de la Cruz-de la Cruz Carlos; Pérez-Ibave Diana C; Garza-Rodríguez María L,Journal of oncology pharmacy practice : official publication of the International Society of Oncology Pharmacy Practitioners,2024,10.1177/10781552231204367,,No,No,
40432386,Human Papillomavirus Genotyping and Viral Load as a Predictor of Cervical Lesions: A Prospective Study.,Zhou Yilu; Liu Jiaxin; Chen Shuai; Pan Wenjun; Lai Yiqing; Xiao Mohan; Shi Zhonghua; Xin Xianzhen; Zhang Lina,Journal of medical virology,2025,10.1002/jmv.70386,PMC12117288,Yes,Yes,PMID_40432386.pdf
39308967,Tongue Squamous Cell Carcinoma Prognosis Can Be Effectively Predicted by LncRNA LIPH4: A Prospective Study.,He Hailei; Wang Zhen; Fang Cuilin; Yan Junfeng,International journal of general medicine,2024,10.2147/IJGM.S474142,PMC11414749,Yes,Yes,PMID_39308967.pdf
29573228,A prospective study of soluble receptor for advanced glycation end products and adipokines in association with pancreatic cancer in postmenopausal women.,White Donna L; Hoogeveen Ron C; Chen Liang; Richardson Peter; Ravishankar Milan; Shah Preksha; Tinker Lesley; Rohan Thomas; Whitsel Eric A; El-Serag Hashem B; Jiao Li,Cancer medicine,2018,10.1002/cam4.1426,PMC5943487,Yes,Yes,PMID_29573228.pdf
31526283,Procalcitonin and C-Reactive Protein As Markers of Bacteremia in Patients With Febrile Neutropenia Who Receive Chemotherapy for Acute Leukemia: A Prospective Study From Nepal.,Shilpakar Ramila; Paudel Bishnu Dutta; Neupane Prakash; Shah Aarati; Acharya Bibek; Dulal Soniya; Wood Lori Anne; Shahi Rukmani; Khanal Usha; Poudyal Bishesh Sharma,Journal of global oncology,2019,10.1200/JGO.19.00147,PMC6872183,Yes,Yes,PMID_31526283.pdf
9237058,Dietary assessments in the European prospective study of diet and cancer (EPIC).,Bingham S A,European journal of cancer prevention : the official journal of the European Cancer Prevention Organisation (ECP),1997,,,No,No,
33618519,A pilot prospective study of plasma cell-free DNA whole-genome sequencing identified chromosome 7p copy number gains as a specific biomarker for early lung cancer detection.,Yu Hong-Jie; Yu Xiao-Jun; Tang Jia; Lu Xun; Ma Hai-Tao,Neoplasma,2021,10.4149/neo_2021_201106N1189,,No,Yes,PMID_33618519.pdf
18771580,A divergent role for estrogen receptor-beta in node-positive and node-negative breast cancer classified according to molecular subtypes: an observational prospective study.,Novelli Flavia; Milella Michele; Melucci Elisa; Di Benedetto Anna; Sperduti Isabella; Perrone-Donnorso Raffaele; Perracchio Letizia; Venturo Irene; Nisticò Cecilia; Fabi Alessandra; Buglioni Simonetta; Natali Pier Giorgio; Mottolese Marcella,Breast cancer research : BCR,2008,10.1186/bcr2139,PMC2614505,Yes,Yes,PMID_18771580.pdf
39259658,Long Noncoding RNAs MALAT1 and HOTTIP Act as Serum Biomarkers for Hepatocellular Carcinoma.,Bao Han; Jiang Yutian; Wang Ning; Su Hongying; Han Xiangjun,Cancer control : journal of the Moffitt Cancer Center,2024,10.1177/10732748241284821,PMC11406664,Yes,Yes,PMID_39259658.pdf
24169211,Optimizing prostate cancer screening; prospective randomized controlled study of the role of PSA and PCA3 testing in a sequential manner in an opportunistic screening program.,Rubio-Briones J; Casanova J; Dumont R; Rubio L; Fernandez-Serra A; Casanova-Salas I; Domínguez-Escrig J; Ramírez-Backhaus M; Collado A; Gómez-Ferrer A; Iborra I; Monrós J L; Ricós J V; Solsona E; Salas D; Martínez F; Lopez-Guerrero J A,Actas urologicas espanolas,2014,10.1016/j.acuro.2013.09.007,,No,No,
33848777,Intratumor heterogeneity is biomarker specific and challenges the association with heterogeneity in multimodal functional imaging in head and neck squamous cell carcinoma.,Rasmussen Jacob H; Olin Anders B; Lelkaitis Giedrius; Hansen Adam E; Andersen Flemming L; Johannesen Helle H; Kjaer Andreas; Fischer Barbara M; Specht Lena; Bentzen Søren M; von Buchwald Christian; Wessel Irene; Vogelius Ivan R,European journal of radiology,2021,10.1016/j.ejrad.2021.109668,,No,No,
28289938,Primary and metastatic ovarian cancer: Characterization by 3.0T diffusion-weighted MRI.,Lindgren Auni; Anttila Maarit; Rautiainen Suvi; Arponen Otso; Kivelä Annukka; Mäkinen Petri; Härmä Kirsi; Hämäläinen Kirsi; Kosma Veli-Matti; Ylä-Herttuala Seppo; Vanninen Ritva; Sallinen Hanna,European radiology,2017,10.1007/s00330-017-4786-z,PMC5544807,Yes,Yes,PMID_28289938.pdf
41041310,Serum pyruvate and lactate predict immunotherapy efficacy in advanced gastric cancer: a prospective biomarker study.,Liu Chang; Dai Ying; Wang Jiru; Wu Jingjing; Wei Bin,Frontiers in immunology,2025,10.3389/fimmu.2025.1663362,PMC12484006,Yes,Yes,PMID_41041310.pdf
28985716,"Selection of opioids for cancer-related pain using a biomarker: a randomized, multi-institutional, open-label trial (RELIEF study).",Matsuoka Hiromichi; Tsurutani Junji; Chiba Yasutaka; Fujita Yoshihiko; Terashima Masato; Yoshida Takeshi; Sakai Kiyohiro; Otake Yoichi; Koyama Atsuko; Nishio Kazuto; Nakagawa Kazuhiko,BMC cancer,2017,10.1186/s12885-017-3664-z,PMC5639590,Yes,Yes,PMID_28985716.pdf
28729292,Amide Proton Transfer Imaging Allows Detection of Glioma Grades and Tumor Proliferation: Comparison with Ki-67 Expression and Proton MR Spectroscopy Imaging.,Su C; Liu C; Zhao L; Jiang J; Zhang J; Li S; Zhu W; Wang J,AJNR. American journal of neuroradiology,2017,10.3174/ajnr.A5301,PMC7963688,Yes,Yes,PMID_28729292.pdf
37278937,Tissue and plasma free amino acid detection by LC-MS/MS method in high grade glioma patients.,Toklu Sureyya; Kemerdere Rahsan; Kacira Tibet; Gurses Murat Serdar; Benli Aksungar Fehime; Tanriverdi Taner,Journal of neuro-oncology,2023,10.1007/s11060-023-04329-z,,No,No,
19293310,A prospective study of relative telomere length and postmenopausal breast cancer risk.,De Vivo Immaculata; Prescott Jennifer; Wong Jason Y Y; Kraft Peter; Hankinson Susan E; Hunter David J,"Cancer epidemiology, biomarkers & prevention : a publication of the American Association for Cancer Research, cosponsored by the American Society of Preventive Oncology",2009,10.1158/1055-9965.EPI-08-0998,PMC2732000,Yes,Yes,PMID_19293310.pdf
38127275,Anti-Müllerian hormone: a novel biomarker for aggressive prostate cancer? Emerging evidence from a prospective study of radical prostatectomies.,Kontogiannis Stavros; Markantes Georgios; Stamou Maria; Tsagkarakis Michail; Mamali Irini; Giannitsas Konstantinos; Perimenis Petros; Georgopoulos Neoklis; Athanasopoulos Anastasios,"Hormones (Athens, Greece)",2024,10.1007/s42000-023-00520-z,PMC11190032,Yes,Yes,PMID_38127275.pdf
30121626,Prediagnostic circulating markers of inflammation and risk of oesophageal adenocarcinoma: a study within the National Cancer Institute Cohort Consortium.,Cook Michael B; Barnett Matthew J; Bock Cathryn H; Cross Amanda J; Goodman Phyllis J; Goodman Gary E; Haiman Christopher A; Khaw Kay-Tee; McCullough Marjorie L; Newton Christine C; Boutron-Ruault Marie-Christine; Lund Eiliv; Rutegård Martin; Thornquist Mark D; Spriggs Michael; Giffen Carol; Freedman Neal D; Kemp Troy; Kroenke Candyce H; Le Marchand Loïc; Park Jin Young; Simon Michael; Wilkens Lynne R; Pinto Ligia; Hildesheim Allan; Campbell Peter T,Gut,2019,10.1136/gutjnl-2018-316678,PMC6379150,Yes,Yes,PMID_30121626.pdf
31019022,Degree of MDM2 Amplification Affects Clinical Outcomes in Dedifferentiated Liposarcoma.,Bill Kate Lynn J; Seligson Nathan D; Hays John L; Awasthi Achal; Demoret Bryce; Stets Colin W; Duggan Megan C; Bupathi Manojkumar; Brock Guy N; Millis Sherri Z; Shakya Reena; Timmers Cynthia D; Wakely Paul E; Pollock Raphael E; Chen James L,The oncologist,2019,10.1634/theoncologist.2019-0047,PMC6656442,Yes,Yes,PMID_31019022.pdf
28160193,Correlation Between Tumor Mesothelin Expression and Serum Mesothelin in Patients with Epithelial Ovarian Carcinoma: A Potential Noninvasive Biomarker for Mesothelin-targeted Therapy.,Hanaoka Tatsuya; Hasegawa Kosei; Kato Tomomi; Sato Sho; Kurosaki Akira; Miyara Akiko; Nagao Shoji; Seki Hiroyuki; Yasuda Masanori; Fujiwara Keiichi,Molecular diagnosis & therapy,2017,10.1007/s40291-017-0255-2,,No,No,
31554369,MicroRNA-215 as a Diagnostic Marker in Egyptian Patients with Hepatocellular Carcinoma.,El Mahdy Hussein Ahmed; Abdelhamid Ismail Abdelshafy; Amen Ahmed Ibrahim; Abdelsameea Eman; Hassouna Mona M,Asian Pacific journal of cancer prevention : APJCP,2019,10.31557/APJCP.2019.20.9.2723,PMC6976828,Yes,Yes,PMID_31554369.pdf
34270831,Postoperative changes in plasma miR21-5p as a novel biomarker for colorectal cancer recurrence: A prospective study.,Fukada Masahiro; Matsuhashi Nobuhisa; Takahashi Takao; Sugito Nobuhiko; Heishima Kazuki; Yoshida Kazuhiro; Akao Yukihiro,Cancer science,2021,10.1111/cas.15065,PMC8486189,Yes,Yes,PMID_34270831.pdf
40812788,Association rule mining of clinical and biomarker data in neuroendocrine tumors: A prospective study on disease progression.,Knigge Ulrich Peter; Kjellman Magnus; Grønbæk Henning; Thiis-Evensen Espen; Schalin-Jäntti Camilla; Welin Staffan; Sørbye Halfdan; Schneider Maria Del Pilar; Belusa Roger; Nordic NET Biomarker Group,Journal of neuroendocrinology,2025,10.1111/jne.70069,PMC12488364,Yes,Yes,PMID_40812788.pdf
32180209,"Expression-based, consistent biomarkers for prognosis and diagnosis in lung cancer.",Arroyo M; Larrosa R; Gómez-Maldonado J; Cobo M Á; Claros M G; Bautista R,Clinical & translational oncology : official publication of the Federation of Spanish Oncology Societies and of the National Cancer Institute of Mexico,2020,10.1007/s12094-020-02328-4,,No,No,
23074281,"Prospective serial evaluation of 2-hydroxyglutarate, during treatment of newly diagnosed acute myeloid leukemia, to assess disease activity and therapeutic response.",Fathi Amir T; Sadrzadeh Hossein; Borger Darrell R; Ballen Karen K; Amrein Philip C; Attar Eyal C; Foster Julia; Burke Meghan; Lopez Hector U; Matulis Christina R; Edmonds Katherine M; Iafrate A John; Straley Kimberly S; Yen Katharine E; Agresta Samuel; Schenkein David P; Hill Cedric; Emadi Ashkan; Neuberg Donna S; Stone Richard M; Chen Yi-Bin,Blood,2012,10.1182/blood-2012-06-438267,,No,No,
29989859,Association Between Inflammatory Biomarker C-Reactive Protein and Radiotherapy-Induced Early Adverse Skin Reactions in a Multiracial/Ethnic Breast Cancer Population.,Hu Jennifer J; Urbanic James J; Case L Doug; Takita Cristiane; Wright Jean L; Brown Doris R; Langefeld Carl D; Lively Mark O; Mitchell Sandra E; Thakrar Anu; Bryant David; Baglan Kathy; Strasser Jon; Baez-Diaz Luis; Lesser Glenn J; Shaw Edward G,Journal of clinical oncology : official journal of the American Society of Clinical Oncology,2018,10.1200/JCO.2017.77.1790,PMC6097833,Yes,Yes,PMID_29989859.pdf
41199590,"Efficacy, safety and predictive biomarker of third-generation tyrosine kinase inhibitors with azacitidine in myeloid blast phase of chronic myeloid leukemia.",Bao Mei; Zhang Xiao S; Li Zong R; Yu Lu; Gale Robert Peter; Zhao Sha S; Ye Fang; Yan Cheng C; Huang Xiao J; Jiang Qian,Cancer,2025,10.1002/cncr.70166,PMC12592837,Yes,Yes,PMID_41199590.pdf
28928973,Prospective replication study implicates the catechol-O-methyltransferase Val158Met polymorphism as a biomarker for the response to morphine in patients with cancer.,Matsuoka Hiromichi; Makimura Chihiro; Koyama Atsuko; Fujita Yoshihiko; Tsurutani Junji; Sakai Kiyohiro; Sakamoto Ryo; Nishio Kazuto; Nakagawa Kazuhiko,Biomedical reports,2017,10.3892/br.2017.963,PMC5590034,Yes,Yes,PMID_28928973.pdf
39810535,micro-RNA 451-a as a Circulating Biomarker for Neuroblastoma.,Gupta Aditya Kumar; Ahmad Aijaz; Kakker Disha; Meena Jagdish Prasad; Majhi Ravi Kumar; Jan Ambreen; Seth Rachna; Iyer Venkatesawaran; Mallick Saumyaranjan,"MicroRNA (Shariqah, United Arab Emirates)",2025,10.2174/0122115366361597250108075627,,No,No,
32972968,Auto-antibodies to p53 and the Subsequent Development of Colorectal Cancer in a U.S. Prospective Cohort Consortium.,Butt Julia; Blot William J; Visvanathan Kala; Le Marchand Loïc; Wilkens Lynne R; Chen Yu; Sesso Howard D; Teras Lauren; Ryser Marc D; Hyslop Terry; Wassertheil-Smoller Sylvia; Tinker Lesley F; Potter John D; Song Mingyang; Berndt Sonja I; Waterboer Tim; Pawlita Michael; Epplein Meira,"Cancer epidemiology, biomarkers & prevention : a publication of the American Association for Cancer Research, cosponsored by the American Society of Preventive Oncology",2020,10.1158/1055-9965.EPI-20-0780,PMC7710535,Yes,Yes,PMID_32972968.pdf
33936265,"Crosstalk between vitamin D axis, inflammation and host immunity mechanisms: A prospective study.",Meca Andreea-Daniela; Ștefănescu Simona; Bogdan Maria; Turcu-Știolică Adina; Nițu Floarea Mimi; Matei Marius; Cioboată Ramona; Bugă Ana Maria; Pisoschi Cătălina-Gabriela,Experimental and therapeutic medicine,2021,10.3892/etm.2021.10040,PMC8082620,Yes,Yes,PMID_33936265.pdf
30605380,Comparison of body condition score and other minimally invasive biomarkers between dogs with gastric carcinoma and dogs with chronic gastritis.,Seim-Wikse Tonje; Skancke Ellen; Nødtvedt Ane; Jörundsson Einar; Grotmol Tom; Kristensen Annemarie T; Bjørnvad Charlotte R,Journal of the American Veterinary Medical Association,2019,10.2460/javma.254.2.226,,No,No,
26254391,Plasma TIMP-1 and CEA as Markers for Detection of Primary Colorectal Cancer: A Prospective Validation Study Including Symptomatic and Non-symptomatic Individuals.,Christensen Ib Jarle; Brünner Nils; Dowell Barry; Davis Gerard; Nielsen Hans Jørgen; Newstead Graham; King Denis,Anticancer research,2015,,,No,No,
25156182,"Serum 25-hydroxyvitamin D, vitamin D binding protein and risk of colorectal cancer in the Prostate, Lung, Colorectal and Ovarian Cancer Screening Trial.",Weinstein Stephanie J; Purdue Mark P; Smith-Warner Stephanie A; Mondul Alison M; Black Amanda; Ahn Jiyoung; Huang Wen-Yi; Horst Ronald L; Kopp William; Rager Helen; Ziegler Regina G; Albanes Demetrius,International journal of cancer,2015,10.1002/ijc.29157,PMC4289432,Yes,Yes,PMID_25156182.pdf
32277005,Premenopausal Plasma Osteoprotegerin and Breast Cancer Risk: A Case-Control Analysis Nested within the Nurses' Health Study II.,Kotsopoulos Joanne; McGee Emma E; Lozano-Esparza Susana; Garber Judy E; Ligibel Jennifer; Collins Laura C; Polyak Kornelia; Brown Myles; Narod Steven; Tamimi Rulla M; Eliassen A Heather,"Cancer epidemiology, biomarkers & prevention : a publication of the American Association for Cancer Research, cosponsored by the American Society of Preventive Oncology",2020,10.1158/1055-9965.EPI-19-1154,PMC7269832,Yes,Yes,PMID_32277005.pdf
32542563,Quantitative and Spatial Analysis of CD8+/PD-1 Tumor-Infiltrating Lymphocytes as a Predictive Biomarker for Clinical Response of Melanoma In-Transit Metastases to Topical Immunotherapy.,Haywood Sophia; Garioch Jennifer; Ramaiya Arjun; Moncrieff Marc,Annals of surgical oncology,2021,10.1245/s10434-020-08713-1,PMC7801318,Yes,Yes,PMID_32542563.pdf
35767221,"TJP1, a Membrane-Expressed Protein, is a Potential Therapeutic and Prognostic Target for Lung Cancer.",Pu Junyi; Ai Tao; Weng Weining; Wang Lijun; Yang Yuan; Ma Linjie; Hu Zhiping; Meng Xun,Technology in cancer research & treatment,2022,10.1177/15330338221106855,PMC9273941,Yes,Yes,PMID_35767221.pdf
39979858,The potential of thermal imaging as an early predictive biomarker of radiation dermatitis during radiotherapy for head and neck cancer: a prospective study.,Park Ye-In; Choi Seo Hee; Cho Min-Seok; Son Junyoung; Kim Changhwan; Han Min Cheol; Kim Hojin; Lee Ho; Kim Dong Wook; Kim Jin Sung; Hong Chae-Seon,BMC cancer,2025,10.1186/s12885-025-13734-8,PMC11844184,Yes,Yes,PMID_39979858.pdf
27221867,Adenosine Deaminase - a Novel Diagnostic and Prognostic Biomarker for Oral Squamous Cell Carcinoma.,Kelgandre Deepak Chandrakant; Pathak Jigna; Patel Shilpa; Ingale Pramod; Swain Niharika,Asian Pacific journal of cancer prevention : APJCP,2016,10.7314/apjcp.2016.17.4.1865,,No,Yes,PMID_27221867.pdf
40023494,Impact and Reproducibility of In-House Targeted Next-Generation Sequencing Biomarker Testing in Non-Small-Cell Lung Cancer: An Italian Multi-Institutional Experience.,Rapa Ida; Bertola Francesca; Roversi Gaia; Seminati Davide; Panebianco Federica; Durães Cecília; Gallo Enzo; Leone Biagio E; Palange Aldo; Righi Luisella; Visca Paolo; Volante Marco; Buglioni Simonetta,The Journal of molecular diagnostics : JMD,2025,10.1016/j.jmoldx.2025.02.001,,No,No,
39862364,Superior performance in classification of breast cancer molecular subtype and histological factors by radiomics based on ultrafast MRI over standard MRI: evidence from a prospective study.,Jeong Juhyun; Ham Sungwon; Seo Bo Kyoung; Lee Jeong Taek; Wang Shuncong; Bae Min Sun; Cho Kyu Ran; Woo Ok Hee; Song Sung Eun; Choi Hangseok,La Radiologia medica,2025,10.1007/s11547-025-01956-6,PMC11903601,Yes,Yes,PMID_39862364.pdf
32286106,Serum IGFBP2 Level Is a New Candidate Biomarker of Severe Malnutrition in Advanced Lung Cancer.,Dong Jie; Zeng Yaqi; Zhang Ping; Li Chunlei; Chen Yajun; Li Yueying; Wang Kun,Nutrition and cancer,2020,10.1080/01635581.2019.1656755,,No,No,
29929922,Combined symptom index and second-generation multivariate biomarker test for prediction of ovarian cancer in patients with an adnexal mass.,Urban Renata R; Pappas Todd C; Bullock Rowan G; Munroe Donald G; Bonato Vinicius; Agnew Kathy; Goff Barbara A,Gynecologic oncology,2018,10.1016/j.ygyno.2018.06.004,,No,No,
19508239,Design and inference for cancer biomarker study with an outcome and auxiliary-dependent subsampling.,Wang Xiaofei; Zhou Haibo,Biometrics,2010,10.1111/j.1541-0420.2009.01280.x,PMC2891224,Yes,Yes,PMID_19508239.pdf
40197529,Glymphatic system dysfunction and cerebrospinal fluid retention in gliomas: evidence from perivascular space diffusion and volumetric analysis.,Liang Weiqiang; Sun Wenbo; Li Chunyan; Zhou Jie; Long Changyou; Li Huan; Xu Dan; Xu Haibo,Cancer imaging : the official publication of the International Cancer Imaging Society,2025,10.1186/s40644-025-00868-y,PMC11974089,Yes,Yes,PMID_40197529.pdf
31377880,Serum levels of ANOS1 serve as a diagnostic biomarker of gastric cancer: a prospective multicenter observational study.,Kanda Mitsuro; Suh Yun-Suhk; Park Do Joong; Tanaka Chie; Ahn Sang-Hoon; Kong Seong-Ho; Lee Hyuk-Joon; Kobayashi Daisuke; Fujiwara Michitaka; Shimada Hideaki; Cho BeLong; Murotani Kenta; Kim Hyung-Ho; Yang Han-Kwang; Kodera Yasuhiro,Gastric cancer : official journal of the International Gastric Cancer Association and the Japanese Gastric Cancer Association,2020,10.1007/s10120-019-00995-z,,No,Yes,PMID_31377880.pdf
40996609,Liquid biopsy based on multi-targeted capture of urinary tumor DNA combined with machine learning to detect urothelial carcinoma: a multicenter prospective study.,Tang Chaozhi; Wang Tianlong; Luo Huarong; Xue Jingdong; Zhu Miaojun; Hong Zhe; Ding Fang; Zhang Fengwu; Zhu Yihao; Tan Ruoying; Wu Denglong,International urology and nephrology,2025,10.1007/s11255-025-04813-7,,No,No,
32361006,Treatment Response Monitoring in Patients with Advanced Malignancies Using Cell-Free SHOX2 and SEPT9 DNA Methylation in Blood: An Observational Prospective Study.,de Vos Luka; Jung Maria; Koerber Ruth-Miriam; Bawden Emma G; Holderried Tobias A W; Dietrich Jörn; Bootz Friedrich; Brossart Peter; Kristiansen Glen; Dietrich Dimo,The Journal of molecular diagnostics : JMD,2020,10.1016/j.jmoldx.2020.04.205,,No,No,
23979814,Urine kidney injury molecule-1: a potential non-invasive biomarker for patients with renal cell carcinoma.,Zhang Ping L; Mashni Joseph W; Sabbisetti Venkata S; Schworer Charles M; Wilson George D; Wolforth Stacy C; Kernen Kenneth M; Seifman Brian D; Amin Mitual B; Geddes Timothy J; Lin Fan; Bonventre Joseph V; Hafron Jason M,International urology and nephrology,2014,10.1007/s11255-013-0522-z,PMC4066455,Yes,Yes,PMID_23979814.pdf
34853657,The potential of PIVKA-II as a treatment response biomarker in hepatocellular carcinoma: a prospective United Kingdom cohort study.,Sagar Vandana M; Herring Kathyrn; Curbishley Stuart; Hodson James; Fletcher Peter; Karkhanis Salil; Mehrzad Homoyon; Punia Pankaj; Shah Tahir; Shetty Shishir; Ma Yuk Ting,Oncotarget,2021,10.18632/oncotarget.28136,PMC8629402,Yes,Yes,PMID_34853657.pdf
34605346,Dynamics of methylated cell-free DNA in the urine of non-small cell lung cancer patients.,Bach Sander; Wever Birgit M M; van de Wiel Mark A; Veltman Joris D; Hashemi Sayed M S; Kazemier Geert; Bahce Idris; Steenbergen Renske D M,Epigenetics,2022,10.1080/15592294.2021.1982511,PMC9542718,Yes,Yes,PMID_34605346.pdf
32156475,Clinical value of tissue DNA integrity index in pancreatic cancer.,Tuchalska-Czuroń Julia; Lenart Jacek; Augustyniak Justyna; Durlik Marek,The surgeon : journal of the Royal Colleges of Surgeons of Edinburgh and Ireland,2020,10.1016/j.surge.2019.10.008,,No,No,
36167777,Chromosomal Instability in Cell-free DNA as a Prognostic Biomarker of Metastatic Hormone-sensitive Prostate Cancer Treated with Androgen Deprivation Therapy.,Lee Chung Un; Cho Eunhae; Lee Junnam; Lim Joung Eun; Chung Jae Hoon; Song Wan; Kang Minyong; Sung Hyun Hwan; Jeong Byong Chang; Seo Seong Il; Jeon Seong Soo; Lee Hyun Moo; Jeon Hwang Gyun,European urology focus,2023,10.1016/j.euf.2022.09.002,,No,No,
31119613,Expression of mitochondrial genes predicts survival in pediatric acute myeloid leukemia.,Tyagi Anudishi; Pramanik Raja; Bakhshi Radhika; Singh Archna; Vishnubhatla Sreenivas; Bakhshi Sameer,International journal of hematology,2019,10.1007/s12185-019-02666-2,,No,No,
32440721,A systematic literature review assessing if genetic biomarkers are predictors for platinum-based chemotherapy response in ovarian cancer patients.,Phillips-Chavez Caitlin; Watson Michael; Coward Jermaine; Schloss Janet,European journal of clinical pharmacology,2020,10.1007/s00228-020-02874-4,,No,No,
37334387,The presence of senescent peripheral T-cells is negatively correlated to COVID-19 vaccine-induced immunity in cancer patients under 70 years of age.,Orillard E; Spehner L; Mansi L; Bouard A; Falcoz A; Lepiller Q; Renaude E; Pallandre J R; Vienot A; Kroemer M; Borg C,Frontiers in immunology,2023,10.3389/fimmu.2023.1160664,PMC10272422,Yes,Yes,PMID_37334387.pdf
38258582,Prospective Evaluation of Circulating Tumor DNA Using Next-generation Sequencing as a Biomarker During Neoadjuvant Chemotherapy in Localized Pancreatic Cancer.,Shah Dhavan; Wells Amy; Cox Madison; Dawravoo Kevin; Abad John; D'Souza Arlene; Suh Grace; Bayer Robert; Chaudhry Sohail; Zhang Qiang; Cristofanilli Massimo; Bentrem David; Chawla Akhil,Annals of surgery,2025,10.1097/SLA.0000000000006209,PMC11263501,Yes,No,
21725159,"Clinical utility of alpha fetoprotein and HCCR-1, alone or in combination, in patients with chronic hepatitis, liver cirrhosis and hepatocellular carcinoma.",Jirun Peng; Zhang Guoxin; Kim Hyun Kee; Ha Seon-Ah; Zhongtian Jin; Shishi Qiao; Zhuqingqing Cui; Lei Gong; Yoo Jinah; Kim Sanghee; Park Yong Gyu; Wang Jing; Yang Yang; Xu Zekuan; Huang Zuhu; Lee Yun Kyung; Song Eun Young; Kim Jin Woo,Disease markers,2011,10.3233/DMA-2011-0789,PMC3825078,Yes,Yes,PMID_21725159.pdf
38285768,Cytogenetic Subclone Burden: A New Biomarker Predicting Chronic Lymphocytic Leukemia Patients Outcome.,Aref Salah; Mansour Mona; Abdel-Aziz Sherin; Sabry Mohamed; Aref Mohamed; El Dosoky Wesam,Asian Pacific journal of cancer prevention : APJCP,2024,10.31557/APJCP.2024.25.1.65,PMC10911707,Yes,Yes,PMID_38285768.pdf
25574109,Circulating Metastasis Associated in Colon Cancer 1 transcripts in gastric cancer patient plasma as diagnostic and prognostic biomarker.,Burock Susen; Herrmann Pia; Wendler Ina; Niederstrasser Markus; Wernecke Klaus-Dieter; Stein Ulrike,World journal of gastroenterology,2015,10.3748/wjg.v21.i1.333,PMC4284353,Yes,Yes,PMID_25574109.pdf
40639019,The clinical potential of HMGB1 for the risk assessment of severe checkpoint inhibitor pneumonitis: A prospective multicenter study (CS-Lung004).,Yamaguchi Kakuhiro; Takao Shun; Kanaji Nobuhiro; Hirakawa Tetsu; Matsumoto Naoko; Miyazaki Kozue; Okimoto Tamio; Ando Chihiro; Higo Hisao; Yanai Masaaki; Nagasaki Yasunari; Kurose Koji; Watanabe Masako; Oyama Kosuke; Toyoda Yuko; Ono Sachie; Tada Shinpei; Iwamoto Hiroshi; Hattori Noboru,"European journal of cancer (Oxford, England : 1990)",2025,10.1016/j.ejca.2025.115606,,No,No,
29324722,Evaluation of a New Survivin ELISA and UBC® Rapid for the Detection of Bladder Cancer in Urine.,Gleichenhagen Jan; Arndt Christian; Casjens Swaantje; Meinig Carmen; Gerullis Holger; Raiko Irina; Brüning Thomas; Ecke Thorsten; Johnen Georg,International journal of molecular sciences,2018,10.3390/ijms19010226,PMC5796175,Yes,Yes,PMID_29324722.pdf
32678138,DNA methylation of the long intergenic noncoding RNA 299 gene in triple-negative breast cancer: results from a prospective study.,Manoochehri Mehdi; Jones Michael; Tomczyk Katarzyna; Fletcher Olivia; Schoemaker Minouk J; Swerdlow Anthony J; Borhani Nasim; Hamann Ute,Scientific reports,2020,10.1038/s41598-020-68506-0,PMC7367270,Yes,Yes,PMID_32678138.pdf
37505778,Prognostic Value of Plasma miR-29a Evaluation in Chronic Lymphocytic Leukemia Patients.,Aref Salah; El Tantawy Ahmed; Aref Mohamed; El Agdar Mohamed; Ayed Mohamed,Asian Pacific journal of cancer prevention : APJCP,2023,10.31557/APJCP.2023.24.7.2439,PMC10676476,Yes,Yes,PMID_37505778.pdf
35669967,Prospective quantitative gene expression analysis of kallikrein-related peptidase KLK10 as a diagnostic biomarker for childhood acute lymphoblastic leukemia.,Ahmad Shwan Majid; Ahmed Basima Sadq; Khidhir Karzan Ghafur; Rahman Heshu Sulaiman,PeerJ,2022,10.7717/peerj.13489,PMC9165590,Yes,Yes,PMID_35669967.pdf
27502701,Selection of an early biomarker for vascular normalization using dynamic contrast-enhanced ultrasonography to predict outcomes of metastatic patients treated with bevacizumab.,Lassau N; Coiffier B; Kind M; Vilgrain V; Lacroix J; Cuinet M; Taieb S; Aziza R; Sarran A; Labbe-Devilliers C; Gallix B; Lucidarme O; Ptak Y; Rocher L; Caquot L M; Chagnon S; Marion D; Luciani A; Feutray S; Uzan-Augui J; Benatsou B; Bonastre J; Koscielny S,Annals of oncology : official journal of the European Society for Medical Oncology,2016,10.1093/annonc/mdw280,PMC5035788,Yes,Yes,PMID_27502701.pdf
32083810,Urine cytology suspicious for urothelial carcinoma: Prospective follow-up of cases using cytology and urine biomarker-based ancillary techniques.,Montalbo Ruth; Izquierdo Laura; Ingelmo-Torres Mercedes; Galve Pilar; Solé Manel; Franco Agustín; Ribal María José; Alcaraz Antonio; Mengual Lourdes,Cancer cytopathology,2020,10.1002/cncy.22252,,No,No,
30043712,Serum procalcitonin levels in prostate cancer: A new biomarker?,Canat Lütfi; Atalay Hasan A; Can Osman; Alkan İlter; Ötünçtemur Alper,Urologia,2018,10.1177/0391560317752600,,No,No,
34645896,"Plasma lipidomic profiles of kidney, breast and prostate cancer patients differ from healthy controls.",Wolrab Denise; Jirásko Robert; Peterka Ondřej; Idkowiak Jakub; Chocholoušková Michaela; Vaňková Zuzana; Hořejší Karel; Brabcová Ivana; Vrána David; Študentová Hana; Melichar Bohuslav; Holčapek Michal,Scientific reports,2021,10.1038/s41598-021-99586-1,PMC8514434,Yes,Yes,PMID_34645896.pdf
39817468,Predictive Role of Soluble B-Cell Maturation Antigen in Short-Term Monitoring of Differently Treated Multiple Myeloma Patients: A Prospective Study.,Caponi Laura; Del Giudice Maria Livia; Botti Alice; Ursino Silvia; Gennari Alberto; Paolicchi Aldo; Galimberti Sara; Buda Gabriele,Journal of clinical laboratory analysis,2025,10.1002/jcla.25151,PMC11848191,Yes,Yes,PMID_39817468.pdf
36750254,Suitability of tumor-associated antibodies as predictive biomarker for response to immune checkpoint inhibitors in patients with melanoma: a short report.,de Joode Karlijn; Veenbergen Sharon; Kransse Claudia; Kortleve Dian; Debets Reno; Mathijssen Ron H J; Joosse Arjen; Schreurs Marco W J; Van der Veldt Astrid A M,Journal for immunotherapy of cancer,2023,10.1136/jitc-2022-006467,PMC9906380,Yes,Yes,PMID_36750254.pdf
30740056,Evaluating ZNF217 mRNA Expression Levels as a Predictor of Response to Endocrine Therapy in ER+ Breast Cancer.,Vendrell Julie A; Solassol Jérôme; Győrffy Balázs; Vilquin Paul; Jarlier Marta; Donini Caterina F; Gamba Laurent; Maudelonde Thierry; Rouanet Philippe; Cohen Pascale A,Frontiers in pharmacology,2018,10.3389/fphar.2018.01581,PMC6355665,Yes,Yes,PMID_30740056.pdf
40012763,Application of Intravoxel Incoherent Motion in the Prediction of Intra-Tumoral Tertiary Lymphoid Structures in Hepatocellular Carcinoma.,Ma Lidi; Liao Shuting; Zhang Xiaolan; Zhou Fan; Geng Zhijun; Hu Jing; Zhang Yunfei; Zhang Cheng; Meng Tiebao; Wang Shutong; Xie Chuanmiao,Journal of hepatocellular carcinoma,2025,10.2147/JHC.S508357,PMC11863790,Yes,Yes,PMID_40012763.pdf
29728144,A prospective study to evaluate the intra-individual reproducibility of bone scans for quantitative assessment in patients with metastatic prostate cancer.,Reza Mariana; Kaboteh Reza; Sadik May; Bjartell Anders; Wollmer Per; Trägårdh Elin,BMC medical imaging,2018,10.1186/s12880-018-0257-5,PMC5935944,Yes,Yes,PMID_29728144.pdf
16614110,Plasma C-reactive protein and risk of colorectal cancer in a nested case-control study: Japan Public Health Center-based prospective study.,Otani Tetsuya; Iwasaki Motoki; Sasazuki Shizuka; Inoue Manami; Tsugane Shoichiro; Japan Public Health Center-Based Prospective Study Group,"Cancer epidemiology, biomarkers & prevention : a publication of the American Association for Cancer Research, cosponsored by the American Society of Preventive Oncology",2006,10.1158/1055-9965.EPI-05-0708,,No,No,
28753809,Significance of Serum N-glycan Profiling as a Diagnostic Biomarker in Urothelial Carcinoma.,Oikawa Masaaki; Hatakeyama Shingo; Yoneyma Tohru; Tobisawa Yuki; Narita Takuma; Yamamoto Hayato; Hashimoto Yasuhiro; Koie Takuya; Narita Shintaro; Sasaki Atsushi; Tsuchiya Norihiko; Habuchi Tomonori; Takahashi Ippei; Nakaji Shigeyuki; Ohyama Chikara,European urology focus,2018,10.1016/j.euf.2016.11.004,,No,No,
21917682,Serum midkine as a prognostic biomarker for patients with hepatocellular carcinoma.,Hung Yi-Ju; Lin Zoe H Y; Cheng Tsun-I; Liang Chung-Ting; Kuo Tse-Ming; Kao Kuo-Jang,American journal of clinical pathology,2011,10.1309/AJCPWT70XOVXSVGE,,No,No,
34740331,Molecular profiling of advanced soft-tissue sarcomas: the MULTISARC randomized trial.,Italiano Antoine; Dinart Derek; Soubeyran Isabelle; Bellera Carine; Espérou Hélène; Delmas Christelle; Mercier Noémie; Albert Sabrina; Poignie Ludivine; Boland Anne; Bourdon Aurélien; Geneste Damien; Cavaille Quentin; Laizet Yec'han; Khalifa Emmanuel; Auzanneau Céline; Squiban Barbara; Truffaux Nathalène; Olaso Robert; Gerber Zuzana; Wallet Cédrick; Bénard Antoine; Blay Jean-Yves; Laurent-Puig Pierre; Deleuze Jean-François; Lucchesi Carlo; Mathoulin-Pelissier Simone; MULTISARC study group,BMC cancer,2021,10.1186/s12885-021-08878-2,PMC8570026,Yes,Yes,PMID_34740331.pdf
35031842,Risk stratification of abdominal tumors in children with amide proton transfer imaging.,Jia Xuan; Wang Wenqi; Liang Jiawei; Ma Xiaohui; Chen Weibo; Wu Dan; Lai Can; Zhang Yi,European radiology,2022,10.1007/s00330-021-08376-w,,No,No,
32759718,Tumor Tissue MIR92a and Plasma MIRs21 and 29a as Predictive Biomarkers Associated with Clinicopathological Features and Surgical Resection in a Prospective Study on Colorectal Cancer Patients.,Fukada Masahiro; Matsuhashi Nobuhisa; Takahashi Takao; Sugito Nobuhiko; Heishima Kazuki; Akao Yukihiro; Yoshida Kazuhiro,Journal of clinical medicine,2020,10.3390/jcm9082509,PMC7465950,Yes,Yes,PMID_32759718.pdf
31862185,Multiparametric MRI as a Biomarker of Response to Neoadjuvant Therapy for Localized Prostate Cancer-A Pilot Study.,Fennessy Fiona M; Fedorov Andriy; Vangel Mark G; Mulkern Robert V; Tretiakova Maria; Lis Rosina T; Tempany Clare; Taplin Mary-Ellen,Academic radiology,2020,10.1016/j.acra.2019.10.017,PMC7297658,Yes,Yes,PMID_31862185.pdf
33178494,"Baseline plasma levels of soluble PD-1, PD-L1, and BTN3A1 predict response to nivolumab treatment in patients with metastatic renal cell carcinoma: a step toward a biomarker for therapeutic decisions.",Incorvaia Lorena; Fanale Daniele; Badalamenti Giuseppe; Porta Camillo; Olive Daniel; De Luca Ida; Brando Chiara; Rizzo Mimma; Messina Carlo; Rediti Mattia; Russo Antonio; Bazan Viviana; Iovanna Juan Lucio,Oncoimmunology,2020,10.1080/2162402X.2020.1832348,PMC7595592,Yes,Yes,PMID_33178494.pdf
29923180,"Pre-diagnostic plasma concentrations of Fibrinogen, sGPIIb/IIIa, sP-selectin, sThrombomodulin, Thrombopoietin in relation to cancer risk: Findings from a large prospective study.",Graf Mirja E; Sookthai Disorn; Johnson Theron; Schübel Ruth; Maldonado Sandra González; Pletsch-Borba Laura; Katzke Verena; Bugert Peter; Hoffmeister Michael; Kaaks Rudolf; Kühn Tilman,International journal of cancer,2018,10.1002/ijc.31623,,No,No,
28196874,Prospective Evaluation of Sunitinib-Induced Cardiotoxicity in Patients with Metastatic Renal Cell Carcinoma.,Narayan Vivek; Keefe Stephen; Haas Naomi; Wang Le; Puzanov Igor; Putt Mary; Catino Anna; Fang James; Agarwal Neeraj; Hyman David; Smith Amanda M; Finkelman Brian S; Narayan Hari K; Ewer Steven; ElAmm Chantal; Lenihan Daniel; Ky Bonnie,Clinical cancer research : an official journal of the American Association for Cancer Research,2017,10.1158/1078-0432.CCR-16-2869,PMC5516884,Yes,Yes,PMID_28196874.pdf
23779129,Prostate cancer cell telomere length variability and stromal cell telomere length as prognostic markers for metastasis and death.,Heaphy Christopher M; Yoon Ghil Suk; Peskoe Sarah B; Joshu Corinne E; Lee Thomas K; Giovannucci Edward; Mucci Lorelei A; Kenfield Stacey A; Stampfer Meir J; Hicks Jessica L; De Marzo Angelo M; Platz Elizabeth A; Meeker Alan K,Cancer discovery,2013,10.1158/2159-8290.CD-13-0135,PMC3797255,Yes,Yes,PMID_23779129.pdf
37541105,Methylated Septin9 identified patients with colorectal carcinoma and showed higher sensitivity than conventional biomarkers in detecting tumor.,Leerhoff Sabine; Raem Arnold; Kolbe Ernst-Wolfgang; Schulz Laura; Borchers Kirsten; Köhler Thomas; Winde Günther; Kirchner Carmen,Cancer treatment and research communications,2023,10.1016/j.ctarc.2023.100748,,No,No,
16322896,Serum biomarkers for detection of breast cancers: A prospective study.,Mathelin Carole; Cromer Anne; Wendling Corinne; Tomasetto Catherine; Rio Marie-Christine,Breast cancer research and treatment,2006,10.1007/s10549-005-9046-2,,No,No,
40155013,Circulating Tumor DNA Methylation Is a Biomarker of Poor Recurrence-free Survival in Locally-Advanced Rectal Cancer.,Sugimoto Kiichi; Irie Takahiro; Momose Hirotaka; Kochi Saki; Toake Miyuki; Tsuchiya Yuki; Tsukamoto Ryoichi; Honjo Kumpei; Ishiyama Shun; Takahashi Makoto; Hoffman Robert M; Sakamoto Kazuhiro,Anticancer research,2025,10.21873/anticanres.17537,,No,Yes,PMID_40155013.pdf
27134855,Preliminary Study on Serum Lactate Dehydrogenase (LDH)-Prognostic Biomarker in Carcinoma Breast.,Agrawal Aditi; Gandhe Mahendra Bhauraoji; Gupta Dilip; Reddy M V R,Journal of clinical and diagnostic research : JCDR,2016,10.7860/JCDR/2016/17111.7364,PMC4843241,Yes,Yes,PMID_27134855.pdf
34976787,"Coagulation Factor XIII Subunit A Is a Biomarker for Curative Effects and Prognosis in Malignant Solid Tumors, Especially Non-small Cell Lung Cancer.",Luo Yujiao; Li Bin; Li Ji; Zhang Yang; Deng Mingyang; Hu Chunhong; Yan Wenzhe; Zhou Zhiguang; Zhang Guangsen,Frontiers in oncology,2021,10.3389/fonc.2021.719085,PMC8714639,Yes,Yes,PMID_34976787.pdf
34262858,Longitudinal Analysis of Circulating Tumor Cells in Colorectal Cancer Patients by a Cytological and Molecular Approach: Feasibility and Clinical Application.,Hendricks Alexander; Dall Katharina; Brandt Burkhard; Geisen Reinhild; Röder Christian; Schafmayer Clemens; Becker Thomas; Hinz Sebastian; Sebens Susanne,Frontiers in oncology,2021,10.3389/fonc.2021.646885,PMC8273730,Yes,Yes,PMID_34262858.pdf
25664927,Assessment of cardiac troponin I (cTnI) and tissue velocity imaging (TVI) in 14 dogs with malignant lymphoma undergoing chemotherapy treatment with doxorubicin.,Tater G; Eberle N; Hungerbuehler S; Joetzke A; Nolte I; Wess G; Betz D,Veterinary and comparative oncology,2017,10.1111/vco.12135,,No,No,
41137977,Sustained AFP-L3 or DCP expression is associated with progression risk and inferior outcomes in unresectable hepatocellular carcinoma.,Núñez Kelley; Sandow Tyler; Burton Jeff; Hibino Mina; Gimenez Juan; Cohen Ari; Mehta Neil; Thevenot Paul,Clinical and experimental medicine,2025,10.1007/s10238-025-01877-8,PMC12553611,Yes,Yes,PMID_41137977.pdf
29749129,Plasma Cell-Free DNA as a Predictive Marker after Radiotherapy for Hepatocellular Carcinoma.,Park Sangjoon; Lee Eun Jung; Rim Chai Hong; Seong Jinsil,Yonsei medical journal,2018,10.3349/ymj.2018.59.4.470,PMC5949288,Yes,Yes,PMID_29749129.pdf
40671387,Pre-diagnostic serum concentrations of free light chains and risk of non-Hodgkin lymphoma in a population-based prospective study.,Hu Wei; Landgren Ola; Bassig Bryan A; Purdue Mark P; Engels Eric A; Lan Qing; Rothman Nathaniel,Leukemia & lymphoma,2025,10.1080/10428194.2025.2524505,,No,No,
39380461,Plasma-derived Exosomal miR-25-3p and miR-23b-3p as Predictors of Response to Chemoradiotherapy in Esophageal Squamous Cell Carcinoma.,Jing Zhao; Guo Zhen; Zhang Chuanfeng,Technology in cancer research & treatment,2024,10.1177/15330338241289520,PMC11465297,Yes,Yes,PMID_39380461.pdf
19457569,Analysis of GD2/GM2 synthase mRNA as a biomarker for small cell lung cancer.,Chen Lin-Chi; Brown Andrew B; Cheung Irene Y; Cheung Nai-Kong V; Kris Mark G; Krug Lee M,"Lung cancer (Amsterdam, Netherlands)",2010,10.1016/j.lungcan.2009.04.009,,No,No,
24129710,(11)C-acetate as a new biomarker for PET/CT in patients with multiple myeloma: initial staging and postinduction response assessment.,Lin Chieh; Ho Chi-Lai; Ng Shu-Hang; Wang Po-Nan; Huang Yenlin; Lin Yu-Chun; Tang Tzung-Chih; Tsai Shu-Fan; Rahmouni Alain; Yen Tzu-Chen,European journal of nuclear medicine and molecular imaging,2014,10.1007/s00259-013-2520-x,,No,No,
34972191,Transcriptomic profiling of adjuvant colorectal cancer identifies three key prognostic biological processes and a disease specific role for granzyme B.,Daemen Anneleen; Udyavar Akshata R; Sandmann Thomas; Li Congfen; Bosch Linda J W; O'Gorman William; Li Yijin; Au-Yeung Amelia; Takahashi Chikara; Kabbarah Omar; Bourgon Richard; Hegde Priti; Bais Carlos; Das Thakur Meghna,PloS one,2021,10.1371/journal.pone.0262198,PMC8719661,Yes,Yes,PMID_34972191.pdf
31686753,Prognostic Value of HER-2/neu Gene Amplification in Epithelial Ovarian Carcinoma.,Pankaj Sangeeta; Kumari Jaya; Choudhary Vijayanand; Kumari Anita; Kumari Simi; Kumari Anjili; Nazneen Syed; Madhawi Richa; Kumar Shishir,Journal of obstetrics and gynaecology of India,2019,10.1007/s13224-018-1186-5,PMC6801266,Yes,Yes,PMID_31686753.pdf
36319985,Prognostic value of combined MTV and ADC derived from baseline FDG PET/MRI in aggressive non-Hodgkins lymphoma.,Husby Trine; Johansen Håkon; Bogsrud Trond Velde; Hustad Kari Vekseth; Evensen Birte Veslemøy; Boellaard Ronald; Giskeødegård Guro F; Fagerli Unn-Merete; Eikenes Live,BMC cancer,2022,10.1186/s12885-022-10194-2,PMC9623965,Yes,Yes,PMID_36319985.pdf
35770523,Natural killer cell activity as a biomarker for the diagnosis of lung cancer in high-risk patients.,Borg Morten; Wen Sara Witting Christensen; Hansen Torben Frøstrup; Jakobsen Anders; Andersen Rikke Fredslund; Hilberg Ole; Weinreich Ulla Møller; Nederby Line,The Journal of international medical research,2022,10.1177/03000605221108924,PMC9251988,Yes,Yes,PMID_35770523.pdf
23735943,Biomarker discordance: prospective and retrospective evidence that biopsy of recurrent disease is of clinical utility.,Moussa Osama; Purdie Colin; Vinnicombe Sarah; Thompson Alastair M,Cancer biomarkers : section A of Disease markers,2012,10.3233/CBM-130314,,No,No,
22253921,Identification of miRNA-103 in the cellular fraction of human peripheral blood as a potential biomarker for malignant mesothelioma--a pilot study.,Weber Daniel G; Johnen Georg; Bryk Oleksandr; Jöckel Karl-Heinz; Brüning Thomas,PloS one,2012,10.1371/journal.pone.0030221,PMC3256226,Yes,Yes,PMID_22253921.pdf
28049011,"FGFR3, TERT and OTX1 as a Urinary Biomarker Combination for Surveillance of Patients with Bladder Cancer in a Large Prospective Multicenter Study.",Beukers Willemien; van der Keur Kirstin A; Kandimalla Raju; Vergouwe Yvonne; Steyerberg Ewout W; Boormans Joost L; Jensen Jorgen B; Lorente José A; Real Francisco X; Segersten Ulrike; Orntoft Torben F; Malats Nuria; Malmström Per-Uno; Dyrskjot Lars; Zwarthoff Ellen C,The Journal of urology,2017,10.1016/j.juro.2016.12.096,,No,No,
28406844,"The Role of HE4, a Novel Biomarker, in Predicting Optimal Cytoreduction After Neoadjuvant Chemotherapy in Advanced Ovarian Cancer.",Plotti Francesco; Scaletta Giuseppe; Capriglione Stella; Montera Roberto; Luvero Daniela; Lopez Salvatore; Gatti Alessandra; De Cicco Nardone Carlo; Terranova Corrado; Angioli Roberto,International journal of gynecological cancer : official journal of the International Gynecological Cancer Society,2017,10.1097/IGC.0000000000000944,,No,No,
40853762,"Assessing PD-L1 expression in non-small cell lung carcinoma: a prospective study of matched fine-needle aspirates, core biopsies, and resection specimens using alcohol and forming fixatives.",Haragan Alexander; Kipling Natalie; Shackcloth Michael; Gosney John R; Davies Michael P; Field John K,The journal of pathology. Clinical research,2025,10.1002/2056-4538.70041,PMC12377403,Yes,Yes,PMID_40853762.pdf
26718916,Overexpression of TMOD1 is associated with enhanced regional lymph node metastasis in human oral cancer.,Suzuki Toshikazu; Kasamatsu Atsushi; Miyamoto Isao; Saito Tomoaki; Higo Morihiro; Endo-Sakamoto Yosuke; Shiiba Masashi; Tanzawa Hideki; Uzawa Katsuhiro,International journal of oncology,2016,10.3892/ijo.2015.3305,,No,Yes,PMID_26718916.pdf
32039004,Pilot Study to Establish a Novel Five-Gene Biomarker Panel for Predicting Lymph Node Metastasis in Patients With Early Stage Endometrial Cancer.,Huang Chia-Yen; Liao Kuang-Wen; Chou Chih-Hung; Shrestha Sirjana; Yang Chi-Dung; Chiew Men-Yee; Huang Hsin-Tzu; Hong Hsiao-Chin; Huang Shih-Hung; Chang Tzu-Hao; Huang Hsien-Da,Frontiers in oncology,2019,10.3389/fonc.2019.01508,PMC6985442,Yes,Yes,PMID_32039004.pdf
36356847,Autoantibody panel on small extracellular vesicles for the early detection of lung cancer.,Hua Yan; Dai Chunyang; He Qing; Cai Xueqin; Li Ming,"Clinical immunology (Orlando, Fla.)",2022,10.1016/j.clim.2022.109175,,No,No,
33098030,Clinical efficacy of an antibody-based detection system for human papilloma virus infection in oral squamous cell carcinoma.,Blatt Sebastian; Pabst Andreas; Zimmer Stefanie; Walter Christian; Al-Nawas Bilal; Krüger Maximilian,Clinical oral investigations,2021,10.1007/s00784-020-03601-0,PMC8060226,Yes,Yes,PMID_33098030.pdf
28583312,Prognostic Impact of a 12-gene Progression Score in Non-muscle-invasive Bladder Cancer: A Prospective Multicentre Validation Study.,Dyrskjøt Lars; Reinert Thomas; Algaba Ferran; Christensen Emil; Nieboer Daan; Hermann Gregers G; Mogensen Karin; Beukers Willemien; Marquez Mirari; Segersten Ulrika; Høyer Søren; Ulhøi Benedicte P; Hartmann Arndt; Stöhr Robert; Wach Sven; Nawroth Roman; Schwamborn Kristina; Tulic Cane; Simic Tatjana; Junker Kerstin; Harving Niels; Petersen Astrid C; Jensen Jørgen B; Keck Bastian; Grimm Marc-Oliver; Horstmann Marcus; Maurer Tobias; Steyerberg Ewout W; Zwarthoff Ellen C; Real Francisco X; Malats Núria; Malmström Per-Uno; Ørntoft Torben F,European urology,2017,10.1016/j.eururo.2017.05.040,,No,No,
41682784,Optical Coherence Tomography for Invasive Oral Squamous Cell Carcinoma: Diagnostic Accuracy and Grade- and Subsite-Associated Imaging Features.,Jerjes Waseem; Hamdoon Zaid; Rashed Dara; Hopper Colin,Journal of clinical medicine,2026,10.3390/jcm15031102,PMC12898315,Yes,Yes,PMID_41682784.pdf
37174944,Evaluation of the RDW Index (Red Cell Distribution Width) in Women with Breast Cancer Treated with Doxorubicin in a One-Year Follow-Up Study.,Simões Ricardo; Ferreira Amanda Cambraia; Silva Luciana Maria; Sabino Adriano de Paula; Carvalho Maria das Graças; Gomes Karina Braga,"Diagnostics (Basel, Switzerland)",2023,10.3390/diagnostics13091552,PMC10177911,Yes,Yes,PMID_37174944.pdf
11045792,Novel translational model for breast cancer chemoprevention study: accrual to a presurgical intervention with tamoxifen and N-[4-hydroxyphenyl] retinamide.,Singletary E; Lieberman R; Atkinson N; Sneige N; Sahin A; Tolley S; Colchin M; Bevers T; Stelling C; Fornage B; Fritsche H; Hittelman W; Kelloff G; Lippman S M,"Cancer epidemiology, biomarkers & prevention : a publication of the American Association for Cancer Research, cosponsored by the American Society of Preventive Oncology",2000,,,No,No,
38366021,"EORTC-SPECTA Arcagen study, comprehensive genomic profiling and treatment adaptation of rare thoracic cancers.",Tagliamento Marco; Morfouace Marie; Loizides Charalambos; Oliveira Julio; Greillier Laurent; Raimbourg Judith; Toffart Anne-Claire; Chatellier Thierry; Cloarec Nicolas; Sullivan Ivana; Brasiuniene Birute; Duruisseaux Michael; Oselin Kersti; Robert Marie-Sophie; Fernandes Carolina; Poncin Arnaud; Blay Jean-Yves; Besse Benjamin; Girard Nicolas,NPJ precision oncology,2024,10.1038/s41698-024-00518-9,PMC10873296,Yes,Yes,PMID_38366021.pdf
40572034,Circulating Cell-Free DNA Concentration as a Biomarker in Head and Neck Cancer.,Rodríguez-Ces Ana María; Rapado-González Óscar; Aguín-Losada Santiago; Formoso-García Inés; López-Cedrún José Luís; Triana-Martínez Gabriel; López-López Rafael; Suárez-Cunqueiro María Mercedes,Oral diseases,2025,10.1111/odi.70002,,No,No,
30524639,Role of Diffusion-Weighted Magnetic Resonance Imaging (DWMRI) in Assessment of Primary Penile Tumor Characteristics and Its Correlations With Inguinal Lymph Node Metastasis: A Prospective Study.,Barua Sasanka Kumar; Kaman Pranab K; Baruah Saumar Jyoti; T P Rajeev; Bagchi Puskal K; Sarma Debanga; Singh Yashasvi,World journal of oncology,2018,10.14740/wjon1138w,PMC6279457,Yes,Yes,PMID_30524639.pdf
36984892,Oxylipins as Biomarkers for Aromatase Inhibitor-Induced Arthralgia (AIA) in Breast Cancer Patients.,Martinez Jessica A; Wertheim Betsy C; Roe Denise J; Taljanovic Mihra S; Chow H-H Sherry; Chew Wade; Ehsani Sima; Jiralerspong Sao; Segar Jennifer; Chalasani Pavani,Metabolites,2023,10.3390/metabo13030452,PMC10052117,Yes,Yes,PMID_36984892.pdf
18064485,Serum levels of interleukin-1 receptor antagonist (IL-1ra) in thyroid cancer patients.,Niedźwiecki Sebastian; Stepień Tomasz; Kuzdak Krzysztof; Stepień Henryk; Krupiński Roman; Seehofer Daniel; Rayes Nada; Ulrich Frank,Langenbeck's archives of surgery,2008,10.1007/s00423-007-0251-9,,No,No,
36893880,Do PHI and PHI density improve detection of clinically significant prostate cancer only in the PSA gray zone?,Rius Bilbao Leire; Valladares Gomez Carmen; Aguirre Larracoechea Urko; Pereira Arias Jose Gregorio; Arredondo Calvo Pablo; Urdaneta Salegui Luis Felipe; Escobal Tamayo Victor; Sanz Jaka Juan Pablo; Recio Ayesa Adrian; Mar Medina Javier; Mar Medina Carmen,Clinica chimica acta; international journal of clinical chemistry,2023,10.1016/j.cca.2023.117270,,No,No,
22239988,"Urinary excretion of 8-oxo-7,8-dihydroguanine as biomarker of oxidative damage to DNA.",Loft Steffen; Danielsen Pernille; Løhr Mille; Jantzen Kim; Hemmingsen Jette G; Roursgaard Martin; Karotki Dorina Gabriela; Møller Peter,Archives of biochemistry and biophysics,2012,10.1016/j.abb.2011.12.026,,No,No,
20491774,Plasma concentrations of VCAM-1 and PAI-1: a predictive biomarker for post-operative recurrence in colorectal cancer.,Yamada Yasuhide; Arao Tokuzo; Matsumoto Kazuko; Gupta Vinita; Tan Woei; Fedynyshyn Joe; Nakajima Takako E; Shimada Yasuhiro; Hamaguchi Tetsuya; Kato Ken; Taniguchi Hirokazu; Saito Yutaka; Matsuda Takahisa; Moriya Yoshihiro; Akasu Takayuki; Fujita Shin; Yamamoto Seiichiro; Nishio Kazuto,Cancer science,2010,10.1111/j.1349-7006.2010.01595.x,PMC11158901,Yes,Yes,PMID_20491774.pdf
37029200,Tumour infiltrating lymphocytes and survival after adjuvant chemotherapy in patients with gastric cancer: post-hoc analysis of the CLASSIC trial.,Liu Drolaiz H W; Kim Young-Woo; Sefcovicova Nina; Laye Jon P; Hewitt Lindsay C; Irvine Andrew F; Vromen Vincent; Janssen Yannick; Davarzani Naser; Fazzi Gregorio E; Jolani Shahab; Melotte Veerle; Magee Derek R; Kook Myeong-Cherl; Kim Hyunki; Langer Rupert; Cheong Jae-Ho; Grabsch Heike I,British journal of cancer,2023,10.1038/s41416-023-02257-3,PMC10241786,Yes,Yes,PMID_37029200.pdf
41157276,miR-129 as a Molecular Biomarker in Gastric Cancer and Its Association with Neurodegenerative and Vascular Pathology.,Birsan Sabrina; Boicean Adrian-Gheorghe; Anderco Paula; Ichim Cristian; Todor Samuel Bogdan; Iulian Roman; Grama Blanca; Stîngaciu Anca-Rafila; Brusnic Olga; Ilias Tiberia; Roman-Filip Corina,"Life (Basel, Switzerland)",2025,10.3390/life15101603,PMC12565655,Yes,Yes,PMID_41157276.pdf
36977323,Effectiveness for Diagnosis of Malignancy of Bile Pyruvate Kinase M2 in Patients with Indeterminate Biliary Stricture.,Aguilar Olivos Nancy Edith; Oria-Hernández Jesús; Briones Nicole Somerville; Téllez Ávila Félix Ignacio,"Surgical laparoscopy, endoscopy & percutaneous techniques",2023,10.1097/SLE.0000000000001158,,No,No,
34206321,Detection of Hepatocellular Carcinoma in a High-Risk Population by a Mass Spectrometry-Based Test.,Mahalingam Devalingam; Chelis Leonidas; Nizamuddin Imran; Lee Sunyoung S; Kakolyris Stylianos; Halff Glenn; Washburn Ken; Attwood Kristopher; Fahad Ibnshamsah; Grigorieva Julia; Asmellash Senait; Meyer Krista; Oliveira Carlos; Roder Heinrich; Roder Joanna; Iyer Renuka,Cancers,2021,10.3390/cancers13133109,PMC8268628,Yes,Yes,PMID_34206321.pdf
29533009,Albumin-to-fibrinogen ratio as a promising biomarker to predict clinical outcome of non-small cell lung cancer individuals.,Li Shu-Qi; Jiang Yu-Huan; Lin Jin; Zhang Jing; Sun Fan; Gao Qiu-Fang; Zhang Lei; Chen Qing-Gen; Wang Xiao-Zhong; Ying Hou-Qun,Cancer medicine,2018,10.1002/cam4.1428,PMC5911606,Yes,Yes,PMID_29533009.pdf
40961458,The value of plasma presepsin as a diagnostic and prognostic biomarker for febrile neutropenia in children.,Liang Jianbo; Luo Jinmei; Li Gen; Li Laisheng; Wu Juehui,Annals of medicine,2025,10.1080/07853890.2025.2561224,PMC12444927,Yes,Yes,PMID_40961458.pdf
15860356,Association between the stages of cervical cancer and chromosome 1 aneusomy.,Cortés-Gutiérrez Elva I; Dávila-Rodríguez Martha I; Muraira-Rodríguez Marycarmen; Said-Fernández Salvador; Cerda-Flores Ricardo M,Cancer genetics and cytogenetics,2005,10.1016/j.cancergencyto.2004.10.001,,No,No,
31156344,Soluble sPD-L1 and Serum Amyloid A1 as Potential Biomarkers for Lung Cancer.,Jovanović Dragana; Roksandić-Milenković Marina; Kotur-Stevuljević Jelena; Ćeriman Vesna; Vukanić Ivana; Samardžić Natalija; Popević Spasoje; Ilić Branislav; Gajić Milija; Simon Marioara; Simon Ioan; Spasojević-Kalimanovska Vesna; Belić Milica; Mirkov Damjan; Šumarac Zorica; Milenković Vladislav,Journal of medical biochemistry,2019,10.2478/jomb-2018-0036,PMC6534957,Yes,Yes,PMID_31156344.pdf
24402378,Inventory of economic evaluation of head and neck oncology from the German perspective.,Kurzweg Thiemo; Knecht R,European archives of oto-rhino-laryngology : official journal of the European Federation of Oto-Rhino-Laryngological Societies (EUFOS) : affiliated with the German Society for Oto-Rhino-Laryngology - Head and Neck Surgery,2014,10.1007/s00405-013-2878-1,,No,No,
31307428,Circulating T cell subsets are associated with clinical outcome of anti-VEGF-based 1st-line treatment of metastatic colorectal cancer patients: a prospective study with focus on primary tumor sidedness.,Bencsikova Beatrix; Budinska Eva; Selingerova Iveta; Pilatova Katerina; Fedorova Lenka; Greplova Kristina; Nenutil Rudolf; Valik Dalibor; Obermannova Radka; Sheard Michael A; Zdrazilova-Dubska Lenka,BMC cancer,2019,10.1186/s12885-019-5909-5,PMC6631500,Yes,Yes,PMID_31307428.pdf
38540316,Gut Microbiota Signatures with Potential Clinical Usefulness in Colorectal and Non-Small Cell Lung Cancers.,Tesolato Sofía; Vicente-Valor Juan; Paz-Cabezas Mateo; Gómez-Garre Dulcenombre; Sánchez-González Silvia; Ortega-Hernández Adriana; de la Serna Sofía; Domínguez-Serrano Inmaculada; Dziakova Jana; Rivera Daniel; Jarabo Jose-Ramón; Gómez-Martínez Ana-María; Hernando Florentino; Torres Antonio; Iniesta Pilar,Biomedicines,2024,10.3390/biomedicines12030703,PMC10967942,Yes,Yes,PMID_38540316.pdf
35740311,Prognostic Implications of Portal Venous Circulating Tumor Cells in Resectable Pancreatic Cancer.,Choi Young Hoon; Hong Tae Ho; Yoon Seung Bae; Lee In Seok; Lee Myung Ah; Choi Ho Joong; Choi Moon Hyung; Jung Eun Sun,Biomedicines,2022,10.3390/biomedicines10061289,PMC9219704,Yes,Yes,PMID_35740311.pdf
38391165,"The mRNA of solute carrier family 22, member 17 (SLC22A17) plays the potential diagnostic and prognostic role in advantage non-small cell lung cancer patients.",Qin Wenwen; Ding Cuimin; Peng Fei; Wang Ping,Annales de biologie clinique,2024,10.1684/abc.2023.1861,,No,Yes,PMID_38391165.pdf
29199717,Tumor characteristics and metabolic quantification in carcinoma breast: An institutional experience.,Dubey I P; Jain A; Chauhan M S; Kumar R; Agarwal S; Kishore B; Vishnoi M G; Paliwal D; John A R; Kumar N; Sharma A; Pandit A G,Indian journal of cancer,2017,10.4103/ijc.IJC_121_17,,No,No,
22911366,High expression of patched homolog-1 messenger RNA and glioma-associated oncogene-1 messenger RNA of sonic hedgehog signaling pathway indicates a risk of postresection recurrence of hepatocellular carcinoma.,Jeng Kuo-Shyang; Sheen I-Shyan; Jeng Wen-Juei; Lin Chien-Chu; Lin Chien-Kuan; Su Jui-Chih; Yu Ming-Che; Fang Hsin-Yi,Annals of surgical oncology,2013,10.1245/s10434-012-2593-y,,No,No,
14572583,Prospective evaluation of fecal calprotectin as a screening biomarker for colorectal neoplasia.,Limburg Paul J; Devens Mary E; Harrington Jonathan J; Diehl Nancy N; Mahoney Douglas W; Ahlquist David A,The American journal of gastroenterology,2003,10.1111/j.1572-0241.2003.07630.x,,No,No,
39273528,Upregulation of Insulin-like Growth Factor-I in Response to Chemotherapy in Children with Acute Lymphoblastic Leukemia.,Kocadag Helin Berna; Weischendorff Sarah; De Pietri Silvia; Nielsen Claus Henrik; Rathe Mathias; Als-Nielsen Bodil; Hasle Henrik; Juul Anders; Müller Klaus; Sørum Maria Ebbesen,International journal of molecular sciences,2024,10.3390/ijms25179582,PMC11394967,Yes,Yes,PMID_39273528.pdf
26039581,Identification of a Circulating MicroRNA Profile as a Biomarker of Metastatic Cutaneous Melanoma.,Armand-Labit Virginie; Meyer Nicolas; Casanova Anne; Bonnabau Henri; Platzer Valérie; Tournier Emilie; Sansas Benoît; Verdun Stéphane; Thouvenot Benoit; Hilselberger Benoit; Doncescu Andrei; Lamant Laurence; Lacroix-Triki Magali; Favre Gilles; Pradines Anne,Acta dermato-venereologica,2016,10.2340/00015555-2156,,No,Yes,PMID_26039581.pdf
31066966,Plasma-free amino acid profiles in dogs with hepatocellular carcinoma.,Leela-Arporn Rommaneeya; Ohta Hiroshi; Tamura Masahiro; Nagata Noriyuki; Sasaoka Kazuyoshi; Dermlim Angkhana; Nisa Khoirun; Osuga Tatsuyuki; Morishita Keitaro; Sasaki Noboru; Takiguchi Mitsuyoshi,Journal of veterinary internal medicine,2019,10.1111/jvim.15512,PMC6639499,Yes,Yes,PMID_31066966.pdf
32587591,Dynamics of Serum Tumor Markers Can Serve as a Prognostic Biomarker for Chinese Advanced Non-small Cell Lung Cancer Patients Treated With Immune Checkpoint Inhibitors.,Zhang Zhibo; Yuan Fang; Chen Runzhe; Li Ye; Ma Junxun; Yan Xiang; Wang Lijie; Zhang Fan; Tao Haitao; Guo Dong; Huang Zhiyue; Zhang Sujie; Li Xiaoyan; Zhi Xiaoyu; Ge Xiangwei; Hu Yi; Wang Jinliang,Frontiers in immunology,2020,10.3389/fimmu.2020.01173,PMC7298878,Yes,Yes,PMID_32587591.pdf
22076478,A short-term biomarker modulation study of simvastatin in women at increased risk of a new breast cancer.,Higgins Michaela J; Prowell Tatiana M; Blackford Amanda L; Byrne Celia; Khouri Nagi F; Slater Shannon A; Jeter Stacie C; Armstrong Deborah K; Davidson Nancy E; Emens Leisha A; Fetting John H; Powers Pendleton P; Wolff Antonio C; Green Hannah; Thibert Jacklyn N; Rae James M; Folkerd Elizabeth; Dowsett Mitchell; Blumenthal Roger S; Garber Judy E; Stearns Vered,Breast cancer research and treatment,2012,10.1007/s10549-011-1858-7,PMC3536477,Yes,Yes,PMID_22076478.pdf
23485510,Methylation of a novel panel of tumor suppressor genes in urine moves forward noninvasive diagnosis and prognosis of bladder cancer: a 2-center prospective study.,García-Baquero Rodrigo; Puerta Patricia; Beltran Manuel; Alvarez Miguel; Sacristan Raquel; Alvarez-Ossorio Jose Luis; Sánchez-Carbayo Marta,The Journal of urology,2013,10.1016/j.juro.2013.01.105,,No,No,
39840661,Plasma glucagon-like peptide-2 in cats with chronic enteropathies.,Jugan Maria C; Plattner Brandon L; Ford Alexandra K; Freilich Leah; Bieberly Zackery; Schermerhorn Thomas,Journal of feline medicine and surgery,2025,10.1177/1098612X241305923,PMC11755514,Yes,Yes,PMID_39840661.pdf
38083992,Postoperative recurrence detection using individualized circulating tumor DNA in upper tract urothelial carcinoma.,Tamura Daichi; Abe Masakazu; Hiraki Hayato; Sasaki Noriyuki; Yashima-Abo Akiko; Ikarashi Daiki; Kato Renpei; Kato Yoichiro; Maekawa Shigekatsu; Kanehira Mitsugu; Takata Ryo; Maejima Kazuhiro; Sasagawa Shota; Fujita Masashi; Suzuki Yutaka; Nakagawa Hidewaki; Iwaya Takeshi; Nishizuka Satoshi S; Obara Wataru,Cancer science,2024,10.1111/cas.16025,PMC10859621,Yes,Yes,PMID_38083992.pdf
22316048,Progranulin (GP88) tumor tissue expression is associated with increased risk of recurrence in breast cancer patients diagnosed with estrogen receptor positive invasive ductal carcinoma.,Serrero Ginette; Hawkins Douglas M; Yue Binbin; Ioffe Olga; Bejarano Pablo; Phillips Jeffrey T; Head Jonathan F; Elliott Robert L; Tkaczuk Katherine R; Godwin Andrew K; Weaver Joellen; Kim Wes E,Breast cancer research : BCR,2012,10.1186/bcr3111,PMC3496144,Yes,Yes,PMID_22316048.pdf
33066760,Quantitative dynamic contrast-enhanced MR imaging can be used to predict the pathologic stages of oral tongue squamous cell carcinoma.,Guo Na; Zeng Weike; Deng Hong; Hu Huijun; Cheng Ziliang; Yang Zehong; Jiang Shuqi; Duan Xiaohui; Shen Jun,BMC medical imaging,2020,10.1186/s12880-020-00516-w,PMC7566024,Yes,Yes,PMID_33066760.pdf
39555374,Prognostic Effectiveness of PD-L1 Tumoral Expression in Oral Cavity Squamous Cell Carcinoma.,Singh Ambesh; Nagarkar Nitin M; Chowhan Amit Kumar; Mehta Rupa; Arora Ripu Daman; Rao Karthik N; Dange Prajwal S,Indian journal of surgical oncology,2024,10.1007/s13193-024-01984-0,PMC11564476,Yes,Yes,PMID_39555374.pdf
38398159,Procalcitonin for Early Detection of Pharyngocutaneous Fistula after Total Laryngectomy: A Pilot Study.,Mesolella Massimo; Allosso Salvatore; Petruzzi Gerardo; Evangelista Antonietta; Motta Giovanni; Motta Gaetano,Cancers,2024,10.3390/cancers16040768,PMC10886710,Yes,Yes,PMID_38398159.pdf
36552335,Mesothelin Gene Variants Affect Soluble Mesothelin-Related Protein Levels in the Plasma of Asbestos-Exposed Males and Mesothelioma Patients from Germany.,Rihs Hans-Peter; Casjens Swaantje; Raiko Irina; Kollmeier Jens; Lehnert Martin; Nöfer Kerstin; May-Taube Kerstin; Kaiser Nina; Taeger Dirk; Behrens Thomas; Brüning Thomas; Johnen Georg; MoMar Study Group,Biology,2022,10.3390/biology11121826,PMC9776112,Yes,Yes,PMID_36552335.pdf
29191584,Circulating tumor cells as a predictive biomarker in patients with small cell lung cancer undergoing chemotherapy.,Aggarwal Charu; Wang Xingmei; Ranganathan Anjana; Torigian Drew; Troxel Andrea; Evans Tracey; Cohen Roger B; Vaidya Bhavesh; Rao Chandra; Connelly Mark; Vachani Anil; Langer Corey; Albelda Steven,"Lung cancer (Amsterdam, Netherlands)",2017,10.1016/j.lungcan.2017.08.008,,No,No,
29848712,Gallstone Patients with Enhanced Oxidative Stress Biomarker Superoxide Dismutase (SOD1) Plasma Levels Have Significantly Lower Number of Postoperative Analgesic Oxycodone Doses: A Prospective Study with Special Reference to Cancer Patients.,Kärkkäinen Jari; Saimanen Iina; Selander Tuomas; Aspinen Samuli; Harju Jukka; Juvonen Petri; Eskelinen Matti,Anticancer research,2018,10.21873/anticanres.12630,,No,Yes,PMID_29848712.pdf
30651017,The prognostic and predictive significance of serum thiols and disulfide levels in advanced non-small cell lung cancer.,Karatas Fatih; Acat Murat; Sahin Suleyman; Inci Fatih; Karatas Gulsah; Neselioglu Salim; Haskul Ismail; Erel Ozcan,The aging male : the official journal of the International Society for the Study of the Aging Male,2020,10.1080/13685538.2018.1559805,,No,No,
21422457,A prospective study on the role of CXCL13 in Lyme neuroborreliosis.,Schmidt C; Plate A; Angele B; Pfister H-W; Wick M; Koedel U; Rupprecht T A,Neurology,2011,10.1212/WNL.0b013e318211c39a,,No,No,
28218011,Asymmetric dimethylarginine in the assessment of febrile neutropenia in hematological patients.,Lappalainen Marika; Hämäläinen Sari; Juutilainen Auni; Koivula Irma; Pulkki Kari; Jantunen Esa,Scandinavian journal of clinical and laboratory investigation,2017,10.1080/00365513.2017.1286518,,No,No,
39778509,Association of stromal tumor-infiltrating lymphocytes with clinicopathological parameters in endometrial cancer.,Ahuja Sana; Dubey Ashi; Zaheer Sufian,Korean journal of clinical oncology,2024,10.14216/kjco.24010,PMC11717582,Yes,Yes,PMID_39778509.pdf
35868002,11 C-Acetate PET/CT Detects Reactive Astrogliosis Helping Glioma Classification.,Kim Dongwoo; Chun Joong Hyun; Yi Ju Hyeon; Ko Hae Young; Chung Jee-In; Lee Misu; Park Yongmin Mason; Nam Min-Ho; Kim Jisu; Kim Seon Yoo; Park Youngjoo; Moon Ju Hyung; Kang Seok-Gu; Chang Jong Hee; Lee C Justin; Kim Se Hoon; Yun Mijin,Clinical nuclear medicine,2022,10.1097/RLU.0000000000004341,,No,No,
26614642,Squamous cell carcinoma antigen-IgM is associated with hepatocellular carcinoma in patients with cirrhosis: A prospective study.,Biasiolo Alessandra; Trotta Elisa; Fasolato Silvano; Ruvoletto Mariagrazia; Martini Andrea; Gallotta Andrea; Fassina Giorgio; Angeli Paolo; Gatta Angelo; Pontisso Patrizia,Digestive and liver disease : official journal of the Italian Society of Gastroenterology and the Italian Association for the Study of the Liver,2016,10.1016/j.dld.2015.10.022,,No,No,
28168196,Preoperative Gamma-Glutamyltransferase Is Associated with Cancer-Specific Survival and Recurrence-Free Survival of Nonmetastatic Renal Cell Carcinoma with Venous Tumor Thrombus.,Luo Cheng; Xu Ben; Fan Yu; Yu Wei; Zhang Qian; Jin Jie,BioMed research international,2017,10.1155/2017/3142926,PMC5266806,Yes,Yes,PMID_28168196.pdf
31777606,Identification of Cancer-Specific Methylation of Gene Combination for the Diagnosis of Bladder Cancer.,Zhang Ning; Chen Siteng; Wu Lingfeng; Wu Yishuo; Jiang Guangliang; Shao Jialiang; Chen Lixin; Sun Jishan; Na Rong; Wang Xiang; Xu Jianfeng,Journal of Cancer,2019,10.7150/jca.28192,PMC6856882,Yes,Yes,PMID_31777606.pdf
38398148,Interleukin-6 as a Predictive Factor of Pathological Response to FLOT Regimen Systemic Treatment in Locally Advanced Gastroesophageal Junction or Gastric Cancer Patients.,Marcisz-Grzanka Katarzyna; Kotowicz Beata; Nowak Aleksandra; Winiarek Mariola; Fuksiewicz Malgorzata; Kowalska Maria; Tysarowski Andrzej; Olesinski Tomasz; Palucki Jakub; Sulkowska Urszula; Kolasinska-Cwikla Agnieszka; Wyrwicz Lucjan Stanislaw,Cancers,2024,10.3390/cancers16040757,PMC10887209,Yes,Yes,PMID_38398148.pdf
33617469,53BP1 expression as a biomarker to differentiate thyroid follicular tumors.,Sato Ayako; Matsuda Katsuya; Motoyama Takahiro; Mussazhanova Zhanna; Otsubo Ryota; Kondo Hisayoshi; Akazawa Yuko; Higuchi Miyoko; Suzuki Ayana; Hirokawa Mitsuyoshi; Miyauchi Akira; Nagayasu Takeshi; Nakashima Masahiro,Endocrine connections,2021,10.1530/EC-20-0630,PMC8052578,Yes,Yes,PMID_33617469.pdf
39429952,D-dimer as a Predictive Biomarker of Response to Chemotherapy in Patients With Metastatic Breast Cancer.,Alkhoder Lubana; Salamoon Maher; Saifo Maher; Alwassouf Sulaf,Biomarker insights,2024,10.1177/11772719241290704,PMC11489913,Yes,Yes,PMID_39429952.pdf
39224737,Comparative Study Analysis of Epstein-Barr Virus Infection: Tissue Versus Blood Samples in Patients With Prostatic Adenocarcinoma and Its Correlation With Clinicopathological Parameters.,Mharrach Imane; Anouar Tadlaoui Kaoutar; Laraqui Abdelilah; Ennibi Khalid; Hamedoun Larbi; Ameur Ahmed; Alami Mohammed; El Ghazzaly Anouar; Ennaji Moulay Mustapha,Cureus,2024,10.7759/cureus.66048,PMC11367065,Yes,Yes,PMID_39224737.pdf
18264096,Multiple loci identified in a genome-wide association study of prostate cancer.,Thomas Gilles; Jacobs Kevin B; Yeager Meredith; Kraft Peter; Wacholder Sholom; Orr Nick; Yu Kai; Chatterjee Nilanjan; Welch Robert; Hutchinson Amy; Crenshaw Andrew; Cancel-Tassin Geraldine; Staats Brian J; Wang Zhaoming; Gonzalez-Bosquet Jesus; Fang Jun; Deng Xiang; Berndt Sonja I; Calle Eugenia E; Feigelson Heather Spencer; Thun Michael J; Rodriguez Carmen; Albanes Demetrius; Virtamo Jarmo; Weinstein Stephanie; Schumacher Fredrick R; Giovannucci Edward; Willett Walter C; Cussenot Olivier; Valeri Antoine; Andriole Gerald L; Crawford E David; Tucker Margaret; Gerhard Daniela S; Fraumeni Joseph F; Hoover Robert; Hayes Richard B; Hunter David J; Chanock Stephen J,Nature genetics,2008,10.1038/ng.91,,No,No,
27321151,Prognostic utility of (18)F-FDG PET-CT performed prior to and during primary radiotherapy for nasopharyngeal carcinoma: Index node is a useful prognostic imaging biomarker site.,Lin Peter; Min Myo; Lee Mark; Holloway Lois; Forstner Dion; Bray Victoria; Xuan Wei; Chicco Andrew; Fowler Allan,Radiotherapy and oncology : journal of the European Society for Therapeutic Radiology and Oncology,2016,10.1016/j.radonc.2016.05.021,,No,No,
39224020,Circulating nucleosomes as a potential cancer biomarker in dogs with splenic nodular lesions.,Meazzi Sara; Martini Valeria; Marconato Laura; Aralla Marina; Licenziato Luca; Olimpo Matteo; Roccabianca Paola; Sabattini Silvia; Ubiali Alessandra; Zaccone Riccardo; Aresu Luca,The veterinary quarterly,2024,10.1080/01652176.2024.2399648,PMC11373370,Yes,Yes,PMID_39224020.pdf
36718344,Impact of serum C-reactive protein level as a biomarker of cancer dissemination in canine lymphoid neoplasia.,Manachai Nawin; Umnuayyonvaree Duangchanok; Punyathi Panitnan; Rungsipipat Anudep; Rattanapinyopituk Kasem,Veterinary world,2022,10.14202/vetworld.2022.2810-2815,PMC9880848,Yes,Yes,PMID_36718344.pdf
26035700,Augmented expression of MYC and/or MYCN protein defines highly aggressive MYC-driven neuroblastoma: a Children's Oncology Group study.,Wang L L; Teshiba R; Ikegaki N; Tang X X; Naranjo A; London W B; Hogarty M D; Gastier-Foster J M; Look A T; Park J R; Maris J M; Cohn S L; Seeger R C; Asgharzadeh S; Shimada H,British journal of cancer,2015,10.1038/bjc.2015.188,PMC4647535,Yes,Yes,PMID_26035700.pdf
39638971,Tumor Suppressor miR-34a: Potential Biomarker of TACE Response in HCC.,Zavadil Jan; Juracek Jaroslav; Cechova Barbora; Rohan Tomas; Husty Jakub; Slaby Ondrej; Litschmannova Martina; Uher Michal; Goldberg S Nahum; Andrasina Tomas,Cardiovascular and interventional radiology,2025,10.1007/s00270-024-03908-5,,No,No,
38514751,Cross-sectional and longitudinal analyses of urinary extracellular vesicle mRNA markers in urothelial bladder cancer patients.,Murakami Taku; Minami Keita; Harabayashi Toru; Maruyama Satoru; Takada Norikata; Kashiwagi Akira; Miyata Haruka; Sato Yasuyuki; Matsumoto Ryuji; Kikuchi Hiroshi; Abe Takashige; Ito Yoichi M; Murai Sachiyo; Shinohara Nobuo; Harada Hiroshi; Osawa Takahiro,Scientific reports,2024,10.1038/s41598-024-55251-x,PMC10957914,Yes,Yes,PMID_38514751.pdf
29330728,Analysis of Plasma Tenascin-C in Post-HCV Cirrhosis: A Prospective Study.,Benbow Jennifer H; Elam April D; Bossi Krista L; Massengill Danae L; Brandon-Warner Elizabeth; Anderson William E; Culberson Catherine R; Russo Mark W; deLemos Andrew S; Schrum Laura W,Digestive diseases and sciences,2018,10.1007/s10620-017-4860-z,,No,No,
28476819,Customized Adjuvant Chemotherapy Based on Biomarker Examination May Improve Survival of Patients Completely Resected for Non-small-cell Lung Cancer.,Liu Dage; Nakashima Nariyasu; Nakano Jun; Tarumi Shintaro; Matsuura Natsumi; Nakano Takayuki; Nii Kazuhito; Tokunaga Yoshimasa; Go Tetsuhiko; Yokomise Hiroyasu,Anticancer research,2017,10.21873/anticanres.11591,,No,Yes,PMID_28476819.pdf
40257655,Utility of circulating human papillomavirus DNA as a biomarker for detection and prognosis of cervical cancer in Japanese patients.,Taguchi Tomoko; Yokoyama Minako; Fujita Toshitsugu; Tanba Satoka; Oikiri Hiroe; Osawa Yuki; Matsumura Yukiko; Shigeto Tatsuhiko; Yokoyama Yoshihito; Fujii Hodaka,International journal of clinical oncology,2025,10.1007/s10147-025-02762-w,,No,No,
35454041,Analysis of Septin 9 Gene Hypermethylation as Follow-Up Biomarker of Colorectal Cancer Patients after Curative Surgery.,Leon Arellano Miguel; García-Arranz Mariano; Guadalajara Héctor; Olivera-Salazar Rocío; Valdes-Sanchez Teresa; García-Olmo Damián,"Diagnostics (Basel, Switzerland)",2022,10.3390/diagnostics12040993,PMC9024426,Yes,Yes,PMID_35454041.pdf
12960187,Imaging proliferation in lung tumors with PET: 18F-FLT versus 18F-FDG.,Buck Andreas K; Halter Gisela; Schirrmeister Holger; Kotzerke Jörg; Wurziger Imke; Glatting Gerhard; Mattfeldt Torsten; Neumaier Bernd; Reske Sven N; Hetzel Martin,"Journal of nuclear medicine : official publication, Society of Nuclear Medicine",2003,,,No,No,
38730689,High Serum Levels of CCL20 Are Associated with Recurrence and Unfavorable Overall Survival in Advanced Melanoma Patients Receiving Immunotherapy.,Kött Julian; Hoehne Inka Lilott; Heidrich Isabel; Zimmermann Noah; Reese Kim-Lea; Zell Tim; Geidel Glenn; Rünger Alessandra; Schneider Stefan W; Pantel Klaus; Smit Daniel J; Gebhardt Christoffer,Cancers,2024,10.3390/cancers16091737,PMC11083498,Yes,Yes,PMID_38730689.pdf
39158803,Impact of a comprehensive geriatric assessment to manage elderly patients with locally advanced non-small-cell lung cancers: a multicenter prospective study.,Rondan Maria Arnal; Sánchez-Hernández Alfredo; Estellés David Lorente; Sánchez Jóse García; Aparisi Francisco de Asís Aparisi; López Jorge Soler; Benajes Raquel Ten; Sarrió Regina Gironés,Clinical & translational oncology : official publication of the Federation of Spanish Oncology Societies and of the National Cancer Institute of Mexico,2025,10.1007/s12094-024-03657-4,,No,No,
11234882,Overexpression of p53 in tumor-distant epithelia of head and neck cancer patients is associated with an increased incidence of second primary carcinoma.,Homann N; Nees M; Conradt C; Dietz A; Weidauer H; Maier H; Bosch F X,Clinical cancer research : an official journal of the American Association for Cancer Research,2001,,,No,No,
35004325,CDKN2A Deletion Leading to Hematogenous Metastasis of Human Gastric Carcinoma.,Qiao Juanli; Tian Yuan; Cheng Xiaojing; Liu Zhaojun; Zhou Jing; Gu Liankun; Zhang Baozhen; Zhang Lianhai; Ji Jiafu; Xing Rui; Deng Dajun,Frontiers in oncology,2021,10.3389/fonc.2021.801219,PMC8733704,Yes,Yes,PMID_35004325.pdf
32989915,Detection of circulating genetically abnormal cells in peripheral blood for early diagnosis of non-small cell lung cancer.,Liu Wei-Ran; Zhang Bin; Chen Chen; Li Yue; Ye Xin; Tang Dong-Jiang; Zhang Jun-Cheng; Ma Jing; Zhou Yan-Ling; Fan Xian-Jun; Yue Dong-Sheng; Li Chen-Guang; Zhang Hua; Ma Yu-Chen; Huo Yan-Song; Zhang Zhen-Fa; He Shu-Yu; Wang Chang-Li,Thoracic cancer,2020,10.1111/1759-7714.13654,PMC7606026,Yes,Yes,PMID_32989915.pdf
33122354,MiR-100 is a predictor of endocrine responsiveness and prognosis in patients with operable luminal breast cancer.,Petrelli Annalisa; Bellomo Sara Erika; Sarotto Ivana; Kubatzki Franziska; Sgandurra Paola; Maggiorotto Furio; Di Virgilio Maria Rosaria; Ponzone Riccardo; Geuna Elena; Galizia Danilo; Nuzzo Anna Maria; Medico Enzo; Miglio Umberto; Berrino Enrico; Venesio Tiziana; Ribisi Salvatore; Provero Paolo; Sapino Anna; Giordano Silvia; Montemurro Filippo,ESMO open,2020,10.1136/esmoopen-2020-000937,PMC7597498,Yes,Yes,PMID_33122354.pdf
32320103,A potential disease monitoring and prognostic biomarker in cervical cancer patients: The clinical application of circular RNA_0018289.,He Jing; Lv Xin; Zeng Zhen,Journal of clinical laboratory analysis,2020,10.1002/jcla.23340,PMC7439420,Yes,Yes,PMID_32320103.pdf
24220911,The detection of hepatocellular carcinoma using a prospectively developed and validated model based on serological biomarkers.,Johnson Philip J; Pirrie Sarah J; Cox Trevor F; Berhane Sarah; Teng Mabel; Palmer Daniel; Morse Janet; Hull Diana; Patman Gillian; Kagebayashi Chiaki; Hussain Syed; Graham Janine; Reeves Helen; Satomura Shinji,"Cancer epidemiology, biomarkers & prevention : a publication of the American Association for Cancer Research, cosponsored by the American Society of Preventive Oncology",2014,10.1158/1055-9965.EPI-13-0870,,No,No,
36847256,Circulating Tumor DNA as a Prognostic Factor in Patients With Resectable Hepatic Metastases of Uveal Melanoma.,Mariani Pascale; Bidard François-Clément; Rampanou Aurore; Houy Alexandre; Servois Vincent; Ramtohul Toulsie; Pierron Gaelle; Chevrier Marion; Renouf Benjamin; Lantz Olivier; Gardrat Sophie; Vincent-Salomon Anne; Roman-Roman Sergio; Rodrigues Manuel; Piperno-Neumann Sophie; Cassoux Nathalie; Stern Marc-Henri; Renault Shufang,Annals of surgery,2023,10.1097/SLA.0000000000005822,PMC10481917,Yes,Yes,PMID_36847256.pdf
40569116,Serum gp100 as an Independent Prognostic Biomarker in Early-Stage Uveal Melanoma.,Bande Manuel F; Piñeiro Carmen; Lago-Baameiro Nerea; Silva-Rodríguez Paula; Pardo María; Blanco-Teijeiro María José,Investigative ophthalmology & visual science,2025,10.1167/iovs.66.6.80,PMC12205563,Yes,Yes,PMID_40569116.pdf
28845081,Soluble CD14 as a Diagnostic and Prognostic Biomarker in Hematological Patients with Febrile Neutropenia.,Korpelainen Sini; Intke Carina; Hämäläinen Sari; Jantunen Esa; Juutilainen Auni; Pulkki Kari,Disease markers,2017,10.1155/2017/9805609,PMC5563432,Yes,Yes,PMID_28845081.pdf
22530010,Performance of survivin mRNA as a biomarker for bladder cancer in the prospective study UroScreen.,Johnen Georg; Gawrych Katarzyna; Bontrup Heike; Pesch Beate; Taeger Dirk; Banek Séverine; Kluckert Matthias; Wellhäußer Harald; Eberle Friedhelm; Nasterlack Michael; Leng Gabriele; Stenzl Arnulf; Brüning Thomas; UroScreen Study Group,PloS one,2012,10.1371/journal.pone.0035363,PMC3328337,Yes,Yes,PMID_22530010.pdf
40643471,Application of N-NOSE for Evaluating the Response to Neoadjuvant Chemotherapy in Breast Cancer Patients.,Tokumaru Yoshihisa; Niwa Yoshimi; Mori Ryutaro; Okawa Mai; Nakakami Akira; Sato Yuta; Hatakeyama Hideyuki; Hirotsu Takaaki; di Luccio Eric; Matsuhashi Nobuhisa; Futamura Manabu,Cells,2025,10.3390/cells14130950,PMC12248712,Yes,Yes,PMID_40643471.pdf
39838089,Serial assessment of coronary artery inflammation using cardiac CT in anthracycline chemotherapy for breast cancer.,Kidoh Masafumi; Oda Seitaro; Sueta Daisuke; Egashira Koichi; Hayashi Hidetaka; Nakaura Takeshi; Nagayama Yasunori; Yamamoto Yutaka; Tsujita Kenichi; Hirai Toshinori,European radiology,2025,10.1007/s00330-025-11347-0,,No,No,
40596289,Diagnostic accuracy of urinary PENK methylation test for urothelial and other cancers: A prospective study.,Lee Sangmin; Lim Bumjin; Suh Jungyo; Hong Bumsik; Jeong In Gab,Scientific reports,2025,10.1038/s41598-025-07173-5,PMC12217785,Yes,Yes,PMID_40596289.pdf
25704501,"Circulating tumor cells as a longitudinal biomarker in patients with advanced chemorefractory, RAS-BRAF wild-type colorectal cancer receiving cetuximab or panitumumab.",Musella Valeria; Pietrantonio Filippo; Di Buduo Eleonora; Iacovelli Roberto; Martinetti Antonia; Sottotetti Elisa; Bossi Ilaria; Maggi Claudia; Di Bartolomeo Maria; de Braud Filippo; Daidone Maria Grazia; Cappelletti Vera,International journal of cancer,2015,10.1002/ijc.29493,,No,No,
41077138,Circulating tumor DNA level is associated with time to clinical recurrence in Merkel cell carcinoma: Implications for patient management.,Akaike Tomoko; Thakuria Manisha; Silk Ann W; Hippe Daniel S; Ch'en Peter Y; Park Song Youn; Urman Nicole M; Chiu Meliea W; Kim Hannah; Kim Emily Y; Hall Evan T; Bhatia Shailender; Reddy Sunil; Krainock Michael; Aleshin Alexey; Choi Jacob S; Tsai Kenneth Y; Yom Sue S; Yu Siegrid S; Choi Jaehyuk; Chandra Sunandana; Nghiem Paul T; Zaba Lisa C,Journal of the American Academy of Dermatology,2026,10.1016/j.jaad.2025.10.032,PMC12596136,Yes,Yes,PMID_41077138.pdf
22617301,Serum interleukin-6 as a prognostic biomarker in patients with metastatic melanoma.,Hoejberg Lise; Bastholt Lars; Johansen Julia S; Christensen Ib Jarle; Gehl Julie; Schmidt Henrik,Melanoma research,2012,10.1097/CMR.0b013e3283550aa5,,No,No,
36588611,Serum Free Light Chain Assay as a Prognostic Marker in Patients with Aggressive B-Cell Non-Hodgkin's Lymphoma: Impact on Survival Outcome.,Anoop T M; Narayanan Geetha; Chacko Steffi; Krishna K M Jagathnath; Nair Sreejith G,South Asian journal of cancer,2022,10.1055/s-0042-1743426,PMC9803539,Yes,Yes,PMID_36588611.pdf
29859759,Soluble Programmed Cell Death Ligand 1 as a Novel Biomarker for Nivolumab Therapy for Non-Small-cell Lung Cancer.,Okuma Yusuke; Wakui Hiroshi; Utsumi Hirofumi; Sagawa Yukiko; Hosomi Yukio; Kuwano Kazuyoshi; Homma Sadamu,Clinical lung cancer,2018,10.1016/j.cllc.2018.04.014,,No,No,
32190309,S100B as a biomarker for brain metastases in patients with non-small cell lung cancer.,Kondrup Maria; Nygaard Anneli Dowler; Madsen Jonna Skov; Bechmann Troels,Biomedical reports,2020,10.3892/br.2020.1277,PMC7054701,Yes,Yes,PMID_32190309.pdf
29849825,Novel Biomarker Candidates for Febrile Neutropenia in Hematological Patients Using Nontargeted Metabolomics.,Lappalainen Marika; Jokkala Jenna; Juutilainen Auni; Hämäläinen Sari; Koivula Irma; Jantunen Esa; Hanhineva Kati; Pulkki Kari,Disease markers,2018,10.1155/2018/6964529,PMC5925027,Yes,Yes,PMID_29849825.pdf
38360040,Machine learning analysis of pathological images to predict 1-year progression-free survival of immunotherapy in patients with small-cell lung cancer.,Shibaki Ryota; Fujimoto Daichi; Nozawa Tsukasa; Sano Akira; Kitamura Yuka; Fukuoka Junya; Sato Yuki; Kijima Takashi; Matsumoto Hirotaka; Yokoyama Toshihide; Miura Satoru; Hata Akito; Tamiya Motohiro; Taniguchi Yoshihiko; Sugisaka Jun; Furuya Naoki; Tanaka Hisashi; Yamamoto Nobuyuki; Koh Yasuhiro; Akamatsu Hiroaki,Journal for immunotherapy of cancer,2024,10.1136/jitc-2023-007987,PMC10875545,Yes,Yes,PMID_38360040.pdf
22824243,Tobacco smoke biomarkers and cancer risk among male smokers in the Shanghai cohort study.,Hecht Stephen S; Murphy Sharon E; Stepanov Irina; Nelson Heather H; Yuan Jian-Min,Cancer letters,2013,10.1016/j.canlet.2012.07.016,PMC3648613,Yes,Yes,PMID_22824243.pdf
23645556,Notch3 overexpression associates with poor prognosis in human non-small-cell lung cancer.,Ye Yuan-zi; Zhang Zhi-hong; Fan Xiao-yun; Xu Xiao-lan; Chen Mei-li; Chang Bo-wen; Zhang Yan-bei,"Medical oncology (Northwood, London, England)",2013,10.1007/s12032-013-0595-7,,No,No,
33867440,Is serum endocan a sensitive biomarker for early recurrence of hepatocellular carcinoma after radiofrequency ablation?,Omar Seham A; Attia Nahla M; Sheir Mohamed I; Amer Ayman S; El Shabrawy Mohamed M; Hasan Basma B,European journal of gastroenterology & hepatology,2021,10.1097/MEG.0000000000002074,,No,No,
34469022,Chemoradiotherapy-induced increase in Th17 cell frequency in cervical cancer patients is associated with therapy resistance and early relapse.,Theobald Laura; Stroeder Russalina; Melchior Patrick; Iordache Ioan Iulian; Tänzer Tanja; Port Meike; Glombitza Birgit; Marx Stefanie; Schub David; Herr Christian; Hart Martin; Ludwig Nicole; Meese Eckart; Kim Yoo-Jin; Bohle Rainer Maria; Smola Sigrun; Rübe Christian; Solomayer Erich Franz; Walch-Rückheim Barbara,Molecular oncology,2021,10.1002/1878-0261.13095,PMC8637579,Yes,Yes,PMID_34469022.pdf
23161620,Biomarkers of inflammation are associated with colorectal cancer risk in women but are not suitable as early detection markers.,Toriola Adetunji T; Cheng Ting-Yuan D; Neuhouser Marian L; Wener Mark H; Zheng Yingye; Brown Elissa; Miller Joshua W; Song Xiaoling; Beresford Shirley A A; Gunter Marc J; Caudill Marie A; Ulrich Cornelia M,International journal of cancer,2013,10.1002/ijc.27942,PMC3609926,Yes,Yes,PMID_23161620.pdf
38383240,"Blood-based liquid biopsy: A promising noninvasive test in diagnosis, surveillance, and prognosis of patients with upper tract urothelial carcinoma.",Ghoreifi Alireza; Shishido Stephanie N; Sayeed Salmaan; Courcoubetis George; Huang Amy; Schuckman Anne; Aron Monish; Desai Mihir; Daneshmand Siamak; Gill Inderbir S; Kuhn Peter; Djaladat Hooman; Mason Jeremy,Urologic oncology,2024,10.1016/j.urolonc.2024.02.001,,No,No,
19240654,BCL-2 expression is prognostic for improved survival in non-small cell lung cancer.,Renouf Daniel J; Wood-Baker Richard; Ionescu Diana N; Leung Samuel; Masoudi Hamid; Gilks Cyril B; Laskin Janessa,Journal of thoracic oncology : official publication of the International Association for the Study of Lung Cancer,2009,10.1097/JTO.0b013e318199e03a,,No,No,
32255536,Extracellular vesicular microRNAs as potential biomarker for early detection of doxorubicin-induced cardiotoxicity.,Beaumier Amelie; Robinson Sally R; Robinson Nicholas; Lopez Katherine E; Meola Dawn M; Barber Lisa G; Bulmer Barret J; Calvalido Jerome; Rush John E; Yeri Ashish; Das Saumya; Yang Vicky K,Journal of veterinary internal medicine,2020,10.1111/jvim.15762,PMC7255649,Yes,Yes,PMID_32255536.pdf
29712897,Optical detection of field cancerization in the buccal mucosa of patients with esophageal cancer.,Bugter Oisín; Spaander Manon C W; Bruno Marco J; Baatenburg de Jong Robert J; Amelink Arjen; Robinson Dominic J,Clinical and translational gastroenterology,2018,10.1038/s41424-018-0023-6,PMC5928160,Yes,Yes,PMID_29712897.pdf
21694469,Correlation of D dimer and factor VIII levels with histopathology in patients with breast carcinoma.,Khangarot Shyamveer Singh; Gupta Nikhil; Goswami Binita; Hadke Niladhar Shankarrao; Lal Pawanindra; Gupta Naresh; Khurana Nita,Cancer biomarkers : section A of Disease markers,2010,10.3233/CBM-2010-0196,,No,No,
30478507,Development of a Non-invasive Assessment of Hypoxia and Neovascularization with Magnetic Resonance Imaging in Benign and Malignant Breast Tumors: Initial Results.,Stadlbauer Andreas; Zimmermann Max; Bennani-Baiti Barbara; Helbich Thomas H; Baltzer Pascal; Clauser Paola; Kapetas Panagiotis; Bago-Horvath Zsuzsanna; Pinker Katja,Molecular imaging and biology,2019,10.1007/s11307-018-1298-4,PMC7480075,Yes,Yes,PMID_30478507.pdf
21953299,Identification of osteopontin as a novel marker for early hepatocellular carcinoma.,Shang Sufen; Plymoth Amelie; Ge Shaokui; Feng Ziding; Rosen Hugo R; Sangrajrang Suleeporn; Hainaut Pierre; Marrero Jorge A; Beretta Laura,"Hepatology (Baltimore, Md.)",2012,10.1002/hep.24703,PMC3914762,Yes,Yes,PMID_21953299.pdf
31759363,"Predictive Value of Neutrophil to Lymphocyte Ratio in the Diagnosis of Significant Prostate Cancer at Initial Biopsy: A Comparison with Free Percent Prostate Specific Antigen, Prostate Specific Antigen Density and Primary Circulating Prostate Cells.",Murray Nigel P; Fuentealba Cynthia; Reyes Eduardo; Lopez Marco Antonio; Salazar Anibal; Minzer Simona; Munoz Lorena; Orrego Shenda; Guzman Eghon; Arzeno Lucas,Asian Pacific journal of cancer prevention : APJCP,2019,10.31557/APJCP.2019.20.11.3385,PMC7062991,Yes,Yes,PMID_31759363.pdf
23637120,EDNRB and DCC salivary rinse hypermethylation has a similar performance as expert clinical examination in discrimination of oral cancer/dysplasia versus benign lesions.,Schussel Juliana; Zhou Xian Chong; Zhang Zhe; Pattani Kavita; Bermudez Francisco; Jean-Charles Germain; McCaffrey Thomas; Padhya Tapan; Phelan Joan; Spivakovsky Silvia; Brait Mariana; Li Ryan; Bowne Helen Yoo; Goldberg Judith D; Rolnitzky Linda; Robbins Miriam; Kerr A Ross; Sirois David; Califano Joseph A,Clinical cancer research : an official journal of the American Association for Cancer Research,2013,10.1158/1078-0432.CCR-12-3496,PMC3687013,Yes,Yes,PMID_23637120.pdf
31651066,Prognostic value of transforming growth factor beta receptor 1 polymorphisms in patients with oral cancer.,Chen Lin; Chen Fa; Wang Xiaoxia; Chen Qing; Lin Jing; Bao Xiaodan; Wang Rui; Wang Jing; Yan Lingjun; Lin Lisong; Qiu Yu; Pan Lizhen; Shi Bin; Zheng Xiaoyan; Liu Fengqiong; He Baochang,Journal of oral pathology & medicine : official publication of the International Association of Oral Pathologists and the American Academy of Oral Pathology,2020,10.1111/jop.12967,,No,No,
24721904,The combination of autofluorescence endoscopy and molecular biomarkers is a novel diagnostic tool for dysplasia in Barrett's oesophagus.,di Pietro Massimiliano; Boerwinkel David F; Shariff Mohammed Kareem; Liu Xinxue; Telakis Emmanouil; Lao-Sirieix Pierre; Walker Elaine; Couch George; Mills Leanne; Nuckcheddy-Grant Tara; Slininger Susan; O'Donovan Maria; Visser Mike; Meijer Sybren L; Kaye Philip V; Wernisch Lorenz; Ragunath Krish; Bergman Jacques J G H M; Fitzgerald Rebecca C,Gut,2015,10.1136/gutjnl-2013-305975,PMC4283667,Yes,Yes,PMID_24721904.pdf
7517570,Mixed-effects regression models for studying the natural history of prostate disease.,Pearson J D; Morrell C H; Landis P K; Carter H B; Brant L J,Statistics in medicine,1994,10.1002/sim.4780130520,,No,No,
36788188,Tumor Burden Monitoring with Circulating Tumor DNA During Treatment in Patients with Esophageal Squamous Cell Carcinoma.,Morimoto Yosuke; Matsuda Satoru; Kawakubo Hirofumi; Nakamura Kohei; Kobayashi Ryota; Hisaoka Kazuhiko; Okui Jun; Takeuchi Masashi; Aimono Eriko; Fukuda Kazumasa; Nakamura Rieko; Saya Hideyuki; Nishihara Hiroshi; Kitagawa Yuko,Annals of surgical oncology,2023,10.1245/s10434-023-13194-z,,No,No,
31177175,The Significance of Pregnancy-associated Plasma Protein a Serum Concentration in Clear Cell Renal Cell Carcinoma.,Cechova Marcela; Chocholaty Matus; Zima Tomas; Babjuk Marek; Kalousova Marta,Anticancer research,2019,10.21873/anticanres.13466,,No,Yes,PMID_31177175.pdf
40302095,The Predictive Significance of Galectin 3 Expression in Patients with Unresectable Non-Small Cell Lung Cancer without EGFR or ALK Mutations Treated Platinum-Based Doublet Chemotherapy.,Aazzane Oussama; Mellouki Abderrahmane; Fathi Sofia; Charkaoui Meryem; Stitou Saida; Acharki Abdelkader; Benchakroun Nadia; Sahraoui Souha; Fellah Hassan; Karkouri Mehdi,Asian Pacific journal of cancer prevention : APJCP,2025,10.31557/APJCP.2025.26.4.1407,PMC12227976,Yes,Yes,PMID_40302095.pdf
28642869,Detection of MicroRNA in Hepatic Cirrhosis and Hepatocellular Carcinoma in Hepatitis C Genotype-4 in Egyptian Patients.,Demerdash Hala M; Hussien Hend M; Hassouna Ehab; Arida Emad A,BioMed research international,2017,10.1155/2017/1806069,PMC5469990,Yes,Yes,PMID_28642869.pdf
34441406,Ultrasound Measurement of Tumor-Free Distance from the Serosal Surface as the Alternative to Measuring the Depth of Myometrial Invasion in Predicting Lymph Node Metastases in Endometrial Cancer.,Liro Marcin; Śniadecki Marcin; Wycinka Ewa; Wojtylak Szymon; Brzeziński Michał; Stańczak Agata; Wydra Dariusz,"Diagnostics (Basel, Switzerland)",2021,10.3390/diagnostics11081472,PMC8392068,Yes,Yes,PMID_34441406.pdf
33528032,Prognostic value of serum HE4 level in the management of endometrial cancer: A pilot study.,Rajadevan Niveditha; McNally Orla; Neesham Deborah; Richards Anthony; Naaman Yael,The Australian & New Zealand journal of obstetrics & gynaecology,2021,10.1111/ajo.13302,,No,No,
40887406,Immunohistochemical evaluation of Ki67 in predicting malignant transformation in oral submucous fibrosis.,Kamala K A; Sankethguddad S; Karobari Mohmed Isaqali,The British journal of oral & maxillofacial surgery,2025,10.1016/j.bjoms.2025.07.007,,No,No,
32790249,Evaluation of serum human epididymis protein 4 in patients with relapsing-remitting multiple sclerosis.,Adamczyk Bożena; Partyka Robert; Adamczyk-Sowa Monika; Wierzbicki Krzysztof; Sowa Paweł; Kokocińska Danuta,Advances in clinical and experimental medicine : official organ Wroclaw Medical University,2020,10.17219/acem/121006,,No,No,
33030975,HE4 in the evaluation of tumor load and prognostic stratification of high grade serous ovarian carcinoma.,Salminen Liina; Gidwani Kamlesh; Grènman Seija; Carpén Olli; Hietanen Sakari; Pettersson Kim; Huhtinen Kaisa; Hynninen Johanna,"Acta oncologica (Stockholm, Sweden)",2020,10.1080/0284186X.2020.1827157,,No,No,
38783369,Potential clinical application of anti-Müllerian hormone testing in radioiodine treatment of thyroid carcinoma.,Havlínová Barbora; Součková Ilona; Kopřivová Kateřina; Doležal Jiří,BMC research notes,2024,10.1186/s13104-024-06802-y,PMC11119708,Yes,Yes,PMID_38783369.pdf
30314738,Base excision repair capacity as a determinant of prognosis and therapy response in colon cancer patients.,Vodenkova Sona; Jiraskova Katerina; Urbanova Marketa; Kroupa Michal; Slyskova Jana; Schneiderova Michaela; Levy Miroslav; Buchler Tomas; Liska Vaclav; Vodickova Ludmila; Vymetalkova Veronika; Collins Andrew; Opattova Alena; Vodicka Pavel,DNA repair,2018,10.1016/j.dnarep.2018.09.006,,No,No,
31000938,Role of apparent diffusion coefficient as a biomarker in the evaluation of cervical cancer.,Dashottar Sunita; Preeth Pany T; Lohia Nishant,The Indian journal of radiology & imaging,2019,10.4103/ijri.IJRI_441_18,PMC6467043,Yes,Yes,PMID_31000938.pdf
36340465,Fourier Transform Infrared Spectroscopy in the Study of Discrimination of Lobular Breast Cancers.,Markouizou Athina; Anastassopoulou Jane; Kolovou Panayiota; Theophanides Theophile; Tsekeris Perikles,Cancer diagnosis & prognosis,2022,10.21873/cdp.10170,PMC9628140,Yes,Yes,PMID_36340465.pdf
35388082,Acute-phase serum amyloid A for early detection of hepatocellular carcinoma in cirrhotic patients with low AFP level.,Wu Jin-Lin; Su Tung-Hung; Chen Pei-Jer; Chen Yun-Ru,Scientific reports,2022,10.1038/s41598-022-09713-9,PMC8986837,Yes,Yes,PMID_35388082.pdf
36158981,Epidermal growth factor receptor (EGFR) expression in the serum of patients with triple-negative breast carcinoma: prognostic value of this biomarker.,de Araújo Rogério Agenor; da Luz Felipe Andrés Cordero; da Costa Marinho Eduarda; Nascimento Camila Piqui; de Andrade Marques Lara; Delfino Patrícia Ferreira Ribeiro; Antonioli Rafael Mathias; Araújo Breno Jeha; da Silva Ana Cristina Araújo Lemos; Dos Reis Monteiro Maria Luiza Gonçalves; Neto Morun Bernardino; Silva Marcelo José Barbosa,Ecancermedicalscience,2022,10.3332/ecancer.2022.1431,PMC9458269,Yes,Yes,PMID_36158981.pdf
32645898,Prospective Assessment of Systemic MicroRNAs as Markers of Response to Neoadjuvant Chemotherapy in Breast Cancer.,McGuire Andrew; Casey Maire-Caitlin; Waldron Ronan M; Heneghan Helen; Kalinina Olga; Holian Emma; McDermott Ailbhe; Lowery Aoife J; Newell John; Dwyer Róisín M; Miller Nicola; Keane Maccon; Brown James A L; Kerin Michael J,Cancers,2020,10.3390/cancers12071820,PMC7408914,Yes,Yes,PMID_32645898.pdf
41252851,Prospective evaluation of copy number alterations validates chromosome 1q gain as an independent marker of poor prognosis in localized Ewing sarcoma.,Díaz-Martín Juan; Ranft Andreas; Blanquer-Maceiras Maite; Noguera Rosa; Salguero-Aranda Carmen; Delgado-Bellido Daniel; Romero-Pérez Laura; Dirksen Uta; de Álava Enrique,Experimental and molecular pathology,2025,10.1016/j.yexmp.2025.105008,,No,No,
24740759,Apparent diffusion coefficient quantification as an early imaging biomarker of response and predictor of survival following yttrium-90 radioembolization for unresectable infiltrative hepatocellular carcinoma with portal vein thrombosis.,Kokabi Nima; Camacho Juan C; Xing Minzhi; Qiu Deqiang; Kitajima Hiroumi; Mittal Pardeep K; Kim Hyun S,Abdominal imaging,2014,10.1007/s00261-014-0127-8,,No,No,
30374843,Autotaxin is a novel molecular identifier of type I endometrial cancer.,Mazzocca Antonio; Schönauer Luca Maria; De Nola Rosalba; Lippolis Antonio; Marrano Teresa; Loverro Matteo; Sabbà Carlo; Di Naro Edoardo,"Medical oncology (Northwood, London, England)",2018,10.1007/s12032-018-1222-4,,No,No,
40083263,Relationship between HE4 levels and metabolic parameters in PET of non-small cell lung cancer patients.,Yilmaz Yiğit; Özercan Mesut Melih; Ancin Burcu; Dikmen Zeliha Günnur; Cağlar Tuncali Meltem; Tuncel Murat; Uysal Serkan; Kumbasar Ulaş; Dikmen Erkan; Doğan Rıza,Biomarkers in medicine,2025,10.1080/17520363.2025.2471744,PMC11970736,Yes,No,
11418153,Serum soluble interleukin-2 receptor concentrations as an independent prognostic marker in head and neck cancer.,Tartour E; Mosseri V; Jouffroy T; Deneux L; Jaulerry C; Brunin F; Fridman W H; Rodriguez J,"Lancet (London, England)",2001,10.1016/s0140-6736(00)04420-2,,No,No,
38133553,Whole-Brain Intracellular pH Mapping of Gliomas Using High-Resolution 31P MR Spectroscopic Imaging at 7.0 T.,Paech Daniel; Weckesser Nina; Franke Vanessa L; Breitling Johannes; Görke Steffen; Deike-Hofmann Katerina; Wick Antje; Scherer Moritz; Unterberg Andreas; Wick Wolfgang; Bendszus Martin; Bachert Peter; Ladd Mark E; Schlemmer Heinz-Peter; Korzowski Andreas,Radiology. Imaging cancer,2024,10.1148/rycan.220127,PMC10825708,Yes,Yes,PMID_38133553.pdf
33037444,Preoperative normalized iodine concentration derived from spectral CT is correlated with early recurrence of hepatocellular carcinoma after curative resection.,Luo Ningbin; Li Wenzhu; Xie Jisheng; Fu Danhui; Liu Lidong; Huang Xiangyang; Su Danke; Jin Guanqiao,European radiology,2021,10.1007/s00330-020-07330-6,,No,No,
34431786,Determinants of elevated chemerin as a novel biomarker of immunometabolism: data from a large population-based cohort.,Koelman Liselot; Reichmann Robin; Börnhorst Claudia; Schulze Matthias B; Weikert Cornelia; Biemann Ronald; Isermann Berend; Fritsche Andreas; Aleksandrova Krasimira,Endocrine connections,2021,10.1530/EC-21-0273,PMC8494416,Yes,Yes,PMID_34431786.pdf
20470789,Clinical significance of promoter hypermethylation of DNA repair genes in tumor and serum DNA in invasive ductal breast carcinoma patients.,Sharma Gayatri; Mirza Sameer; Parshad Rajinder; Srivastava Anurag; Gupta Siddartha Datta; Pandya Pranav; Ralhan Ranju,Life sciences,2010,10.1016/j.lfs.2010.05.001,,No,No,
33367119,Longitudinal characterization of the tumoral microbiome during radiotherapy in HPV-associated oropharynx cancer.,Bahig Houda; Fuller Clifton D; Mitra Aparna; Yoshida-Court Kyoko; Solley Travis; Ping Ng Sweet; Abu-Gheida Ibrahim; Elgohari Baher; Delgado Andrea; Rosenthal David I; Garden Adam S; Frank Steven J; Reddy Jay P; Colbert Lauren; Klopp Ann,Clinical and translational radiation oncology,2021,10.1016/j.ctro.2020.11.007,PMC7749292,Yes,Yes,PMID_33367119.pdf
27870706,Evaluation of a Validated Biomarker Test in Combination With a Symptom Index to Predict Ovarian Malignancy.,Urban Renata R; Smith Alan; Agnew Kathy; Bonato Vinicius; Goff Barbara A,International journal of gynecological cancer : official journal of the International Gynecological Cancer Society,2017,10.1097/IGC.0000000000000873,,No,No,
34827609,Independent Clinical Validation of the Automated Ki67 Scoring Guideline from the International Ki67 in Breast Cancer Working Group.,Boyaci Ceren; Sun Wenwen; Robertson Stephanie; Acs Balazs; Hartman Johan,Biomolecules,2021,10.3390/biom11111612,PMC8615770,Yes,Yes,PMID_34827609.pdf
30744694,Application of magnetic resonance diffusion kurtosis imaging for distinguishing histopathologic subtypes and grades of rectal carcinoma.,Wen Ziqiang; Chen Yan; Yang Xinyue; Lu Baolan; Liu Yiyan; Shen Bingqi; Yu Shenping,Cancer imaging : the official publication of the International Cancer Imaging Society,2019,10.1186/s40644-019-0192-x,PMC6371623,Yes,Yes,PMID_30744694.pdf
16046726,A homocysteine metabolism-related dietary pattern and the risk of coronary heart disease in two independent German study populations.,Weikert Cornelia; Hoffmann Kurt; Dierkes Jutta; Zyriax Birgit-Christiane; Klipstein-Grobusch Kerstin; Schulze Matthias B; Jung Roman; Windler Eberhard; Boeing Heiner,The Journal of nutrition,2005,10.1093/jn/135.8.1981,,No,No,
23665271,"Spondin-2, a secreted extracellular matrix protein, is a novel diagnostic biomarker for prostate cancer.",Lucarelli Giuseppe; Rutigliano Monica; Bettocchi Carlo; Palazzo Silvano; Vavallo Antonio; Galleggiante Vanessa; Trabucco Senia; Di Clemente Daniela; Selvaggi Francesco Paolo; Battaglia Michele; Ditonno Pasquale,The Journal of urology,2013,10.1016/j.juro.2013.05.004,,No,No,
27042567,"Major Protein of Carcinoembryonic Antigen Gene Family - CD66c, A Novel Marker in Colon Carcinoma.",Nataraj Suma M; Prema Chaitra Linganna; Vimalambike Manjunath Gubbanna; Shivalingaiah Sheeladevi Chandakavadi; Sundaram Shivakumar; Kumar Anjali Pradeep; Math Ananda Kuruvatti; Prashant Akila,Journal of clinical and diagnostic research : JCDR,2016,10.7860/JCDR/2016/17180.7286,PMC4800633,Yes,Yes,PMID_27042567.pdf
28270948,Neutrophil gelatinase-associated lipocalin as a screening test in prostate cancer.,Muşlu Necati; Ercan Bahadır; Akbayır Serin; Balcı Şenay; Ovla H Didem; Bozlu Murat,Turkish journal of urology,2017,10.5152/tud.2016.08941,PMC5330265,Yes,Yes,PMID_28270948.pdf
28866819,Fluorescence in situ hybridization as prognostic predictor of tumor recurrence during treatment with Bacillus Calmette-Guérin therapy for intermediate- and high-risk non-muscle-invasive bladder cancer.,Liem Esmee I M L; Baard Joyce; Cauberg Evelyne C C; Bus Mieke T J; de Bruin D Martijn; Laguna Pes M Pilar; de la Rosette Jean J M C H; de Reijke Theo M,"Medical oncology (Northwood, London, England)",2017,10.1007/s12032-017-1033-z,PMC5581817,Yes,Yes,PMID_28866819.pdf
34242975,Identification of a predictive metabolic signature of response to immune checkpoint inhibitors in non-small cell lung cancer: METABO-ICI clinical study protocol.,Sannicolo Sarah; Giaj Levra Matteo; Le Gouellec Audrey; Aspord Caroline; Boccard Julien; Chaperot Laurence; Toussaint Bertrand; Moro-Sibilot Denis; Hannani Dalil; Toffart Anne-Claire,Respiratory medicine and research,2021,10.1016/j.resmer.2021.100845,,No,No,
34249690,INSTIGO Trial: Evaluation of a Plasma Protein Profile as a Predictive Biomarker for Metastatic Relapse of Triple Negative Breast Cancer.,Veyssière Hugo; Lusho Sejdi; Molnar Ioana; Kossai Myriam; Bernadach Maureen; Abrial Catherine; Bidet Yannick; Radosevic-Robin Nina; Durando Xavier,Frontiers in oncology,2021,10.3389/fonc.2021.653370,PMC8268015,Yes,Yes,PMID_34249690.pdf
29733378,Assessing the predictability of IDH mutation and MGMT methylation status in glioma patients using relaxation-compensated multipool CEST MRI at 7.0 T.,Paech Daniel; Windschuh Johannes; Oberhollenzer Johanna; Dreher Constantin; Sahm Felix; Meissner Jan-Eric; Goerke Steffen; Schuenke Patrick; Zaiss Moritz; Regnery Sebastian; Bickelhaupt Sebastian; Bäumer Philipp; Bendszus Martin; Wick Wolfgang; Unterberg Andreas; Bachert Peter; Ladd Mark Edward; Schlemmer Heinz-Peter; Radbruch Alexander,Neuro-oncology,2018,10.1093/neuonc/noy073,PMC6231210,Yes,Yes,PMID_29733378.pdf
29207716,Expression of p16INK4A Protein in Cervical Intraepithelial Neoplasia and Invasive Carcinoma of Uterine Cervix.,Kishore Vatsala; Patil Anuradha G,Journal of clinical and diagnostic research : JCDR,2017,10.7860/JCDR/2017/29394.10644,PMC5713738,Yes,Yes,PMID_29207716.pdf
33012551,Development of a longitudinal two-biomarker algorithm for early detection of ovarian cancer in women with BRCA mutations.,Lentz Scott E; Powell C Bethan; Haque Reina; Armstrong Mary Anne; Anderson Meredith; Liu Yiling; Jiang Wenqing; Chillemi Giulia; Shaw Sally; Alvarado Monica M; Kushi Lawrence H; Skates Steven J,Gynecologic oncology,2020,10.1016/j.ygyno.2020.09.021,,No,No,
32314548,"Multi-marker algorithms based on CXCL13, IL-10, sIL-2 receptor, and β2-microglobulin in cerebrospinal fluid to diagnose CNS lymphoma.",Maeyama Masahiro; Sasayama Takashi; Tanaka Kazuhiro; Nakamizo Satoshi; Tanaka Hirotomo; Nishihara Masamitsu; Fujita Yuichi; Sekiguchi Kenji; Kohta Masaaki; Mizukawa Katsu; Hirose Takanori; Itoh Tomoo; Kohmura Eiji,Cancer medicine,2020,10.1002/cam4.3048,PMC7300423,Yes,Yes,PMID_32314548.pdf
24932286,Fascin upregulation in primary head and neck squamous cell carcinoma is associated with lymphatic metastasis.,Papaspyrou Konstantinos; Brochhausen Christoph; Schmidtmann Irene; Fruth Kai; Gouveris Haralampos; Kirckpatrick James; Mann Wolf; Brieger Juergen,Oncology letters,2014,10.3892/ol.2014.2007,PMC4049762,Yes,Yes,PMID_24932286.pdf
31162842,Prospective observation: Clinical utility of plasma Epstein-Barr virus DNA load in EBV-associated gastric carcinoma patients.,Qiu Miao-Zhen; He Cai-Yun; Lu Shi-Xun; Guan Wen-Long; Wang Fang; Wang Xiao-Jian; Jin Ying; Wang Feng-Hua; Li Yu-Hong; Shao Jian-Yong; Zhou Zhi-Wei; Yun Jing-Ping; Xu Rui-Hua,International journal of cancer,2020,10.1002/ijc.32490,,No,No,
32435497,Circulating long non-coding RNA GAS5 (growth arrest-specific transcript 5) as a complement marker for the detection of malignant mesothelioma using liquid biopsies.,Weber Daniel G; Casjens Swaantje; Brik Alexander; Raiko Irina; Lehnert Martin; Taeger Dirk; Gleichenhagen Jan; Kollmeier Jens; Bauer Torsten T; Brüning Thomas; Johnen Georg; MoMar study group,Biomarker research,2020,10.1186/s40364-020-00194-4,PMC7222324,Yes,Yes,PMID_32435497.pdf
37179906,Application of amide proton transfer imaging to pretreatment risk stratification of childhood neuroblastoma: comparison with neuron-specific enolase.,Jia Xuan; Wang Wenqi; Liang Jiawei; Ma Xiaohui; Chen Weibo; Wu Dan; Zhang Hongxi; Ni Shaoqing; Wu Jiheng; Lai Can; Zhang Yi,Quantitative imaging in medicine and surgery,2023,10.21037/qims-22-780,PMC10167440,Yes,Yes,PMID_37179906.pdf
33059122,Plasma thiobarbituric acid reactive substances predicts survival in chemotherapy naïve patients with metastatic urothelial carcinoma.,Slopovsky Jan; Kucharska Jarmila; Obertova Jana; Mego Michal; Kalavska Katarina; Cingelova Silvia; Svetlovska Daniela; Gvozdjakova Anna; Furka Samuel; Palacka Patrik,Translational oncology,2021,10.1016/j.tranon.2020.100890,PMC7566937,Yes,Yes,PMID_33059122.pdf
27752969,"Uveal melanoma: quantitative evaluation of diffusion-weighted MR imaging in the response assessment after proton-beam therapy, long-term follow-up.",Foti Pietro Valerio; Longo Antonio; Reibaldi Michele; Russo Andrea; Privitera Giuseppe; Spatola Corrado; Raffaele Luigi; Salamone Vincenzo; Farina Renato; Palmucci Stefano; Musumeci Andrea; Caltabiano Rosario; Ragusa Marco; Mariotti Cesare; Avitabile Teresio; Milone Pietro; Ettorre Giovanni Carlo,La Radiologia medica,2017,10.1007/s11547-016-0697-3,,No,No,
40691650,Monitoring breast cancer progression through circulating methylated GCM2 and TMEM240 detection.,Hung Chin-Sheng; Shen Hsieh-Tsung; Wang Pei-Yu; Su Chih-Ming; Hsu Wei-Wen; Chien Kuan-Yu; Han Cai-Sia; Liao Li-Min; Lin Ruo-Kai,Clinical epigenetics,2025,10.1186/s13148-025-01939-4,PMC12281721,Yes,Yes,PMID_40691650.pdf
30098474,A Plasma Long Noncoding RNA Signature for Early Detection of Lung Cancer.,Lin Yanli; Leng Qixin; Zhan Min; Jiang Feng,Translational oncology,2018,10.1016/j.tranon.2018.07.016,PMC6089091,Yes,Yes,PMID_30098474.pdf
41016227,Angiogenesis biomarkers in prostate cancer: Unlocking new avenues for prognosis and diagnosis.,Ecer Büşra; Sivrikaya Abdullah; Ecer Gökhan; Göktaş Serdar; Yıldız Mehmet; Balasar Mehmet; Ünlü Ali,Current problems in cancer,2025,10.1016/j.currproblcancer.2025.101253,,No,No,
28643734,The significance of serum leptin level in patients with early stage nonsmall cell lung cancer.,Karatas Fatih; Yalcin Bulent; Sahin Suleyman; Akbulut Hakan; Utkan Gungor; Demirkazik Ahmet; Icli Fikri,Journal of cancer research and therapeutics,2017,10.4103/0973-1482.196859,,No,No,
41262295,sCD36 as a Biomarker for Progression and Recurrence in Type 2 Diabetes Mellitus Associated Hepatocellular Carcinoma.,Dai Weiwei; Yang Fan; Guo Furao; Ding Yuling; He Deying; Zhang Jiajia; Guo Ying; Gao Yingying; Xiao Anhua,Journal of hepatocellular carcinoma,2025,10.2147/JHC.S565006,PMC12625760,Yes,Yes,PMID_41262295.pdf
33612835,Diagnostic and prognostic value of placental growth factor serum concentration in clear cell renal cell carcinoma.,Cechova Marcela; Chocholaty Matus; Babjuk Marek; Zima Tomas; Havlova Klara; Koldova Marketa; Schmidt Marek; Kalousova Marta,"Biomedical papers of the Medical Faculty of the University Palacky, Olomouc, Czechoslovakia",2021,10.5507/bp.2021.003,,No,Yes,PMID_33612835.pdf
32518596,Early identification of treatment benefit by methylated circulating tumor DNA in metastatic colorectal cancer.,Thomsen Caroline B; Hansen Torben F; Andersen Rikke F; Lindebjerg Jan; Jensen Lars H; Jakobsen Anders,Therapeutic advances in medical oncology,2020,10.1177/1758835920918472,PMC7252368,Yes,Yes,PMID_32518596.pdf
35847691,Plasma thymus and activation-regulated chemokine (TARC) as diagnostic marker in pediatric Hodgkin lymphoma.,Zijtregtop Eline A M; Meyer-Wentrup Friederike; Wong Wai-Chu; Hoogendijk Raoull; Lopez-Yurda Marta; Zwaan Christian M; Beishuizen Auke,EJHaem,2020,10.1002/jha2.41,PMC9176129,Yes,Yes,PMID_35847691.pdf
34359813,Plasma BRAF Mutation Detection for the Diagnostic and Monitoring Trajectory of Patients with LDH-High Stage IV Melanoma.,Tolmeijer Sofie H; Koornstra Rutger H T; de Groot Jan Willem B; Geerlings Maartje J; van Rens Dirk H; Boers-Sonderen Marye J; Schalken Jack A; Gerritsen Winald R; Ligtenberg Marjolijn J L; Mehra Niven,Cancers,2021,10.3390/cancers13153913,PMC8345527,Yes,Yes,PMID_34359813.pdf
24879617,The levels of Ki-67 positive are positively associated with lymph node metastasis in invasive ductal breast cancer.,Yin Yongxiang; Zeng Ke; Wu Man; Ding Yun; Zhao Min; Chen Qi,Cell biochemistry and biophysics,2014,10.1007/s12013-014-0034-1,,No,No,
21326957,"The value of serum biomarkers (Bc1, Bc2, Bc3) in the diagnosis of early breast cancer.",Atahan Kemal; Küpeli Hakan; Gür Serhat; Yiğitbaşı Türkan; Baskın Yasemin; Yiğit Seyran; Deniz Mehmet; Cökmez Atilla; Tarcan Ercüment,International journal of medical sciences,2011,10.7150/ijms.8.148,PMC3039230,Yes,Yes,PMID_21326957.pdf
31949343,Role of ADC values in assessing clinical response and identifying residual disease post-chemo radiation in uterine cervix cancer.,Jajodia Ankush; Mahawar Vivek; Chaturvedi Arvind K; Rao Avinash; Singla Rishu; Mitra Swarupa; Goyal Sumit; Kesan Sikha; Pasricha Sunil; Maheshwari Udip; Tripathi Rupal; Babu Koyyala Venkata Pradeep,The Indian journal of radiology & imaging,2019,10.4103/ijri.IJRI_339_19,PMC6958886,Yes,Yes,PMID_31949343.pdf
29456719,Estrogen receptor-α promoter methylation is a biomarker for outcome prediction of cisplatin resistance in triple-negative breast cancer.,Xu Junnan; Sun Tao; Guo Xiangyu; Wang Yan; Jing Mingxi,Oncology letters,2018,10.3892/ol.2017.7637,PMC5778783,Yes,Yes,PMID_29456719.pdf
26014047,CSF neopterin level as a diagnostic marker in primary central nervous system lymphoma.,Viaccoz Aurélien; Ducray François; Tholance Yannick; Barcelos Gleicy Keli; Thomas-Maisonneuve Laure; Ghesquières Hervé; Meyronet David; Quadrio Isabelle; Cartalat-Carel Stéphanie; Louis-Tisserand Guy; Jouanneau Emmanuel; Guyotat Jacques; Honnorat Jérôme; Perret-Liaudet Armand,Neuro-oncology,2015,10.1093/neuonc/nov092,PMC4648303,Yes,Yes,PMID_26014047.pdf
21807768,An observational study of bevacizumab-induced hypertension as a clinical biomarker of antitumor activity.,Mir Olivier; Coriat Romain; Cabanes Laure; Ropert Stanislas; Billemont Bertrand; Alexandre Jérôme; Durand Jean-Philippe; Treluyer Jean-Marc; Knebelmann Bertrand; Goldwasser François,The oncologist,2011,10.1634/theoncologist.2010-0002,PMC3228164,Yes,Yes,PMID_21807768.pdf
39530908,Anti-Müllerian Hormone Can Help With Predicting Ovarian Failure for Premenopausal Women Who Have Undergone Ablative Radioiodine Treatment for Thyroid Cancer.,Havlínová B; Součková I; Kopořivová K; Doležal J,Physiological research,2024,10.33549/physiolres.935247,PMC11629958,Yes,Yes,PMID_39530908.pdf
22167663,Plasma concentrations of angiogenesis-related molecules in patients with pancreatic cancer.,Sakamoto Hiroki; Kimura Hideharu; Sekijima Masaru; Matsumoto Kazuko; Arao Tokuzo; Chikugo Takaaki; Yamada Yasuhide; Kitano Masayuki; Ito Akihiko; Takeyama Yoshifumi; Kudo Masatoshi; Nishio Kazuto,Japanese journal of clinical oncology,2012,10.1093/jjco/hyr178,,No,No,
41565875,Leukocyte telomere attrition following radiotherapy in prostate cancer: a prospective study.,Langsenlehner Tanja; Paal Katarzyna; Thurner Eva- Maria; Genser Selina; Sternat Renate; Stranz Bettina; Renner Wilfried,Scientific reports,2026,10.1038/s41598-026-36205-x,PMC12894989,Yes,Yes,PMID_41565875.pdf
22212937,Controversies in surveillance and early diagnosis of hepatocellular carcinoma.,Kim Do Young; Kim Jin Wook; Kuromatsu Ryoko; Ahn Sang Hoon; Torimura Takuji; Sherman Morris,Oncology,2011,10.1159/000333261,,No,No,
26579255,The expression of p63 in bladder cancer vs. chronic bilharzial bladder.,Mursi Khaled; Agag Ayman; Hammam Olfat; Riad Mahmoud; Daw Mahmoud,Arab journal of urology,2013,10.1016/j.aju.2012.12.008,PMC4442933,Yes,Yes,PMID_26579255.pdf
8230281,Upregulation of estradiol C16 alpha-hydroxylation in human breast tissue: a potential biomarker of breast cancer risk.,Osborne M P; Bradlow H L; Wong G Y; Telang N T,Journal of the National Cancer Institute,1993,10.1093/jnci/85.23.1917,,No,No,
40568293,Expression of Long Non-coding RNA in Oral Squamous Cell Carcinoma and Its Implication in Response to Radiation Therapy.,An Gurumoorthy; M Ramesh; Govindan Ramajayam; Aravind Akshar; Sa Inpharasun; Pavshere Rahul; Poomarimuthu MaheshKumar; K Essakiraja,Cureus,2025,10.7759/cureus.84839,PMC12190554,Yes,Yes,PMID_40568293.pdf
41250539,[Plasma lipidomics-based exploration of potential biomarkers of metastasis in pediatric medulloblastoma].,Yang Chun-Jing; Xu Xi-Qiao; Bao Li; Wu Wan-Shui; Jiang De-Chun; Shi Zheng-Yuan,Zhongguo dang dai er ke za zhi = Chinese journal of contemporary pediatrics,2025,10.7499/j.issn.1008-8830.2503030,PMC12688193,Yes,Yes,PMID_41250539.pdf
33327893,Upregulation of Serum lncRNA DLEU1 Predicts Progression of Premalignant Endometrial Lesion and Unfavorable Clinical Outcome of Endometrial Cancer.,Shan Lixia; Zhao Tao; Wang Yu,Technology in cancer research & treatment,2020,10.1177/1533033820965589,PMC7750898,Yes,Yes,PMID_33327893.pdf
40832890,Minimal residual disease and prognostic significance of circulating tumour cells in early-stage colorectal cancer.,Tolmaci Benjamin; Stejskal Pavel; Zuffa Peter; Rehulkova Alona; Kourilova Pavla; Berta Emil; Hajduch Marian; Klein Jiri; Srovnal Josef,"Biomedical papers of the Medical Faculty of the University Palacky, Olomouc, Czechoslovakia",2025,10.5507/bp.2025.023,,No,Yes,PMID_40832890.pdf
25511138,Measurement of circulating cell-free DNA levels by a simple fluorescent test in patients with breast cancer.,Agassi Ravit; Czeiger David; Shaked Gad; Avriel Avital; Sheynin Jony; Lavrenkov Konstantin; Ariad Samuel; Douvdevani Amos,American journal of clinical pathology,2015,10.1309/AJCPI5YHG0OGFAHM,,No,No,
30775798,"Exonuclease 1 expression is associated with clinical progression, metastasis, and survival prognosis of prostate cancer.",Luo Fei; Wang Yu-Zhuo; Lin Dong; Li Jian; Yang Kuo,Journal of cellular biochemistry,2019,10.1002/jcb.28415,,No,No,
25862351,Association of decreased mRNA expression of multidrug and toxin extrusion protein 1 in peripheral blood cells with the development of flutamide-induced liver injury.,Nakano Kazuhiko; Ando Hitoshi; Kurokawa Shinsuke; Hosohata Keiko; Ushijima Kentarou; Takada Makoto; Tateishi Masato; Yonezawa Atsushi; Masuda Satohiro; Matsubara Kazuo; Inui Ken-Ichi; Morita Tatsuo; Fujimura Akio,Cancer chemotherapy and pharmacology,2015,10.1007/s00280-015-2743-6,,No,No,
25518072,[Plasma DNA measurement as a biomarker of cancer].,Czeiger David; Agassi Ravit; Sebbag Gilbert; Zlotnik Alexander; Douvdevani Amos; Shaked Gad,Harefuah,2014,,,No,No,
24832174,Evaluation of FLT-PET-CT as an imaging biomarker of proliferation in primary breast cancer.,Woolf D K; Beresford M; Li S P; Dowsett M; Sanghera B; Wong W L; Sonoda L; Detre S; Amin V; Ah-See M-L; Miles D; Makris A,British journal of cancer,2014,10.1038/bjc.2014.207,PMC4056049,Yes,Yes,PMID_24832174.pdf
26261621,Combined evaluation of adenosine deaminase level and histopathological findings from pleural biopsy with Cope's needle for the diagnosis of tuberculous pleurisy.,Behrsin Rodolfo Fred; Junior Cyro Teixeira da Silva; Cardoso Gilberto Perez; Barillo Jorge Luiz; de Souza Joeber Bernardo Soares; de Araújo Elizabeth Giestal,International journal of clinical and experimental pathology,2015,,PMC4525955,Yes,Yes,PMID_26261621.pdf
41096600,Predicting Survival in Bevacizumab-Treated Colorectal Cancer: Personalized Mathematical Models Based on Clinical and Angiogenic Biomarkers.,Moisuc Diana Cornelia; Marinca Mihai Vasile; Gafton Bogdan; Constantinescu Daniela; Cianga Petru; Pavel-Tanasa Mariana,International journal of molecular sciences,2025,10.3390/ijms26199332,PMC12525502,Yes,Yes,PMID_41096600.pdf
40511222,Salivary Biomarkers vs. Conventional Biopsy for Oral Cancer Detection in India: A Comparative Study.,Parihar Anuj Singh; Tariq Mehak; Singh Abhishek K; Mathur Priyesh; Bhattacharjee Akanksha; Priyadarshini Kriti,Journal of pharmacy & bioallied sciences,2025,10.4103/jpbs.jpbs_152_25,PMC12156604,Yes,No,
39758246,Prognostic Significance of Lymphocyte-to-Monocyte Ratio in Patients With Unresectable Biliary Tract Cancer Undergoing Systemic Chemotherapy.,Suzuki Hideo; Kuwano Akifumi; Takahira Junro; Tanaka Kosuke; Yada Masayoshi; Motomura Kenta,Cancer diagnosis & prognosis,2025,10.21873/cdp.10422,PMC11696337,Yes,Yes,PMID_39758246.pdf
40815554,Novel liquid immunocytochemistry with machine learning analysis for bladder cancer detection.,Patel Ankush U; Atiya Samir; Song Yi; Chu Wenjiang; Parwani Anil V,Journal of histotechnology,2025,10.1080/01478885.2025.2546655,,No,No,
28453530,Intracellular signaling entropy can be a biomarker for predicting the development of cervical intraepithelial neoplasia.,Sato Masakazu; Kawana Kei; Adachi Katsuyuki; Fujimoto Asaha; Yoshida Mitsuyo; Nakamura Hiroe; Nishida Haruka; Inoue Tomoko; Taguchi Ayumi; Ogishima Juri; Eguchi Satoko; Yamashita Aki; Tomio Kensuke; Wada-Hiraike Osamu; Oda Katsutoshi; Nagamatsu Takeshi; Osuga Yutaka; Fujii Tomoyuki,PloS one,2017,10.1371/journal.pone.0176353,PMC5409150,Yes,Yes,PMID_28453530.pdf
25593345,Sputum microRNA biomarkers for identifying lung cancer in indeterminate solitary pulmonary nodules.,Xing Lingxiao; Su Jian; Guarnera Maria A; Zhang Howard; Cai Ling; Zhou Rixin; Stass Sanford A; Jiang Feng,Clinical cancer research : an official journal of the American Association for Cancer Research,2015,10.1158/1078-0432.CCR-14-1873,PMC4299920,Yes,Yes,PMID_25593345.pdf
40217689,Biomarkers Affecting Treatment Outcomes of Febrile Neutropenia in Hematological Patients with Lymphomas: Is Presepsin the New Promising Diagnostic and Prognostic Biomarker?,Mišura Jakobac Karla; Milunović Vibor; Kušec Vesna; Hrabač Pero; Martinović Marko; Radić-Krišto Delfa; Ostojić Kolonić Slobodanka; Pavliša Gordana,Journal of clinical medicine,2025,10.3390/jcm14072238,PMC11989253,Yes,Yes,PMID_40217689.pdf
33113608,[The effect of peripheral blood cell score on the prognosis of multiple myeloma patients treated with bortezomib].,Qiu L; Han X Y; He D H; Zhu F; Zhao Y; Zhu W W; Zheng G F; Yang Y; Wu W W; Cai Z; Yang X C; He J S,Zhonghua xue ye xue za zhi = Zhonghua xueyexue zazhi,2020,10.3760/cma.j.issn.0253-2727.2020.09.009,PMC7595856,Yes,Yes,PMID_33113608.pdf
28903362,Cell-free circulating DNA integrity is an independent predictor of impending breast cancer recurrence.,Cheng Jie; Cuk Katarina; Heil Jörg; Golatta Michael; Schott Sarah; Sohn Christof; Schneeweiss Andreas; Burwinkel Barbara; Surowy Harald,Oncotarget,2017,10.18632/oncotarget.17384,PMC5589601,Yes,Yes,PMID_28903362.pdf
28512045,Early Diagnosis of Delayed Cerebral Ischemia: Possible Relevance for Inflammatory Biomarkers in Routine Clinical Practice?,Chamling Bishwas; Gross Stefan; Stoffel-Wagner Birgit; Schubert Gerrit A; Clusmann Hans; Coburn Mark; Höllig Anke,World neurosurgery,2017,10.1016/j.wneu.2017.05.021,,No,No,
22293824,Expression changes in arrestin β 1 and genetic variation in catechol-O-methyltransferase are biomarkers for the response to morphine treatment in cancer patients.,Matsuoka Hiromichi; Arao Tokuzo; Makimura Chihiro; Takeda Masayuki; Kiyota Hidemi; Tsurutani Junji; Fujita Yoshihiko; Matsumoto Kazuko; Kimura Hideharu; Otsuka Masatomo; Koyama Atsuko; Imamura Chiyo K; Tanigawara Yusuke; Yamanaka Takeharu; Tanaka Kyoko; Nishio Kazuto; Nakagawa Kazuhiko,Oncology reports,2012,10.3892/or.2012.1660,,No,No,
27766627,Whole body magnetic resonance imaging in newly diagnosed multiple myeloma: early changes in lesional signal fat fraction predict disease response.,Latifoltojar Arash; Hall-Craggs Margaret; Rabin Neil; Popat Rakesh; Bainbridge Alan; Dikaios Nikolaos; Sokolska Magdalena; Rismani Ali; D'Sa Shirley; Punwani Shonit; Yong Kwee,British journal of haematology,2017,10.1111/bjh.14401,PMC5244686,Yes,Yes,PMID_27766627.pdf
41043558,Postoperative Human Papilloma Virus Circulating Tumor DNA Guided Adjuvant Therapy for Human Papilloma Virus-Related Oropharyngeal Carcinoma (PATH Study).,Chen Linda; Cohen Marc; Hatzglou Vaios; Zhang Zhigang; Riaz Nadeem; Shamseddine Achraf A; Morris Luc G T; McBride Sean M; Gelblum Daphna Y; Zakeri Kaveh; Yu Yao; Ganly Ian; Cracchiolo Jennifer; Wong Richard J; Kalman Noah S; Tassler Andrew B; Kutler David; Wong Winston; Kriplani Anuja; Dunn Lara; Ho Alan L; Michel Loren S; Fetten James; Pfister David G; Katabi Nora; Sherman Eric J; Lee Nancy Y,"International journal of radiation oncology, biology, physics",2026,10.1016/j.ijrobp.2025.09.044,,No,No,
41094333,Overlapping Extremes: An Analysis of Avelumab Maintenance and Pembrolizumab in Advanced Urothelial Carcinoma.,Catalano Martina; de Gennaro Aquino Irene; Vascotto Ismaela Anna; Guarino Adriana; Mancini Silvia; Doni Laura; Paulet Alexandra; Rossi Virginia; Giorgione Roberta; Nesi Gabriella; Antonuzzo Lorenzo; Roviello Giandomenico,Oncology and therapy,2025,10.1007/s40487-025-00387-7,PMC12647452,Yes,Yes,PMID_41094333.pdf
40965275,Deep Learning Integration of Endoscopic Ultrasound Features and Serum Data Reveals LTB4 as a Diagnostic and Therapeutic Target in ESCC.,Huo Shuran; Zhang Wuwen; Wang Yingnan; Qi Jing; Wang Yang; Bai Chunying,Cancer biotherapy & radiopharmaceuticals,2025,10.1177/10849785251380368,,No,No,
41390254,Overall Survival for Bevacizumab Therapy in Metastatic Colorectal Cancer: An Updated Analysis of the TRAVASTIN Study.,Solomon Rosie Maye; Morgan Robert D; Horsley Laura; Marti-Marti Kalena; Shaw Danielle; Clamp Andrew R; Saunders Mark P; Mullamitha Saifee; Hasan Jurjees; Manoharan Prakash; O'Connor James P B; Dive Caroline; Braun Michael; Zhou Cong; Jayson Gordon C,Clinical colorectal cancer,2025,10.1016/j.clcc.2025.11.001,,No,No,
41514514,Response Prediction of Chemoradiotherapy for Rectal Cancer Using Rapid Semi-Automated Flow Cytometry.,Amagai Hiroyuki; Hayano Koichi; Shioyama Takahiro; Suzuki Akane; Ohira Gaku; Maruyama Tetsuro; Tochigi Toru; Okada Koichiro; Arasawa Takahiro; Sekino Nobufumi; Mizumachi Ryoya; Hirasawa Soichiro; Uesato Masaya; Maruyama Michihiro; Kurata Yoshihiro; Hirata Atsushi; Matsubara Hisahiro,Cancers,2025,10.3390/cancers18010001,PMC12784879,Yes,Yes,PMID_41514514.pdf
31475093,Validation of molecular biomarkers for preoperative diagnostics of human papillary thyroid carcinoma in fine needle aspirates.,Sadowski Samira M; Petrenko Volodymyr; Meyer Patrick; Pusztaszeri Marc; Brulhart-Meynet Marie-Claude; Heddad Masson Mounia; Triponez Frédéric; Philippe Jacques; Dibner Charna,Gland surgery,2019,10.21037/gs.2018.11.04,PMC6694023,Yes,Yes,PMID_31475093.pdf
30452400,High serum Hsp70 level predicts poor survival in colorectal cancer: Results obtained in an independent validation cohort.,Gráf László; Barabás Lóránd; Madaras Balázs; Garam Nóra; Maláti Éva; Horváth Laura; Prohászka Zoltán; Horváth Zsolt; Kocsis Judit,Cancer biomarkers : section A of Disease markers,2018,10.3233/CBM-181683,,No,No,
24026657,Elevated expression of tumor miR-222 in pancreatic cancer is associated with Ki67 and poor prognosis.,Lee ChongLek; He Hang; Jiang Yongjian; Di Yang; Yang Feng; Li Ji; Jin Chen; Fu Deliang,"Medical oncology (Northwood, London, England)",2013,10.1007/s12032-013-0700-y,,No,No,
40636784,Detection of metabolic signatures implicated in the progression from hepatitis to cirrhosis to hepatocellular carcinoma.,Yu Simiao; Wang Sici; Li Jiahui; Zheng Haocheng; Li Ping; Rong Wenya; Jing Jing; He Tingting; Sun Yongqiang; Wang Liping; Zhu Zhenyu; Ding Xia; Wang Ruilin,iLIVER,2025,10.1016/j.iliver.2024.100142,PMC12212674,Yes,Yes,PMID_40636784.pdf
41291770,Non-invasive identification of KRAS mutation in rectal cancer using hybrid intravoxel incoherent motion and diffusion kurtosis model.,Yuan Jie; Yao Mingrong; Wang Ziyuan; Tan Wenli; Zhang Yun; Yan Huamei; Liu Mengxiao; Liu Kun; Gong Hangjun; Zhan Songhua,World journal of surgical oncology,2025,10.1186/s12957-025-04097-2,PMC12649068,Yes,Yes,PMID_41291770.pdf
40130316,Daxx Variation as a Potential Predictive Marker of the Therapeutic Response to Neoadjuvant Chemoradiotherapy in Locally Advanced Rectal Cancer.,Zhu Xi; Kao Xiaoming; Liu Leilei; Wang Xuan; Li Yang; Li Qiurong,Cancer medicine,2025,10.1002/cam4.70815,PMC11933753,Yes,Yes,PMID_40130316.pdf
41123671,Chemotherapy-induced polyneuropathy: diagnostic challenges and the potential of neurofilament as a biomarker for sensory disorders: the CONKO 023-ChemTox Trial.,Stephan Lars Uwe; Abel Janine; Boehmerle Wolfgang; Schröder Sebastian; Yap Soo Ann; Schaeper Nigel Dross Engelbert; Stintzing Sebastian; Bleumer Tobias; Pelzer Uwe,Journal of neurology,2025,10.1007/s00415-025-13463-9,PMC12546420,Yes,Yes,PMID_41123671.pdf
22371940,"Upregulation of APE/ref-1 in recurrence stage I, non small cell lung cancer.",Kang Min-Woong; Kang Shin Kwang; Choi Songyi; Lee Choong Sik; Jeon Byeong Hwa; Lim Seung Pyung,Asian cardiovascular & thoracic annals,2012,10.1177/0218492311432800,,No,No,
24403838,High expression of Sonic Hedgehog signaling pathway genes indicates a risk of recurrence of breast carcinoma.,Jeng Kuo-Shyang; Sheen I-Shyan; Jeng Wen-Juei; Yu Ming-Che; Hsiau Hsin-I; Chang Fang-Yu,OncoTargets and therapy,2013,10.2147/OTT.S54702,PMC3883580,Yes,Yes,PMID_24403838.pdf
28508828,Evaluation of role of alpha-methyl acyl-coenzyme A racemase/P504S and high molecular weight cytokeratin in diagnosing prostatic lesions.,Jain Deepika; Gupta Sumiti; Marwah Nisha; Kalra Rajnish; Gupta Veena; Gill Meenu; Jain Nikita; Lal Shubha; Sen Rajeev,Journal of cancer research and therapeutics,2017,10.4103/0973-1482.206239,,No,No,
41266347,Early tumor volume reduction by breast DCE MRI predicts pathologic complete response to neoadjuvant therapy in triple negative breast cancer.,Guirguis Mary S; Adrada Beatriz E; Yam Clinton; Tripathy Debu; Candelaria Rosalind; Yang Wei; Patel Miral; Moseley Tanya; Perez Frances; Whitman Gary J; Leung Jessica W T; Le-Petross Huong; Lane Deanna L; Huo Lei; Litton Jennifer K; Valero Vicente; Hunt Kelly K; Arun Banu; Mohamed Rania; Sun Jia; Korkut Anil; Xu Zhan; Pashapoor Sanaz; White Jason; Son Jong Bum; Thompson Alastair; Wei Peng; Ma Jingfei; Moulder Stacy; Rauch Gaiane M,NPJ breast cancer,2025,10.1038/s41523-025-00839-3,PMC12635395,Yes,Yes,PMID_41266347.pdf
22480120,[Role of procalcitonin in monitoring the antibiotic therapy in septic surgical patients].,Pundiche M; Sârbu V; Unc O D; Grasa C; Martinescu A; Bădărău V; Durbală I; Sapte E; Pasăre R; Voineagu L; Iordache I; Vâncă A; Adam A,"Chirurgia (Bucharest, Romania : 1990)",2012,,,No,No,
41309999,PSMA-targeted PET imaging in patients with metastatic triple-negative breast cancer: results of the prospective PRISMA trial.,Manley Martin; Nader-Marta Guilherme; Ozturk Ayça Arcay; Kassas Mutaz; Rothé Francoise; Taraji Loubna; Sotiriou Christos; Wimana Zena; Salgado Roberto; Flamen Patrick; Gebhart Géraldine,European journal of nuclear medicine and molecular imaging,2025,10.1007/s00259-025-07667-4,,No,No,
41552907,Normal SFLC Ratio in Newly Diagnosed Myeloma: A Potential Biomarker of Non-High-Risk and Nonaggressive Disease.,Singh Manish K; Sanjeev Yadav; Pandey Akshita; Rahman Khaliqur; Vijayran Mona; Kapoor Poorvi; Roy Sayan Sinha; Gupta Ruchi; Chandra Dinesh; Kumar Kaushal; Sharma Vineet; Kashyap Rajesh,International journal of laboratory hematology,2026,10.1111/ijlh.70058,,No,No,
40991517,HPV ctDNA as a Biomarker for Monitoring Disease Progression in HPV16/18-Associated Cervical Cancer.,Kim Meejeong; Lee Miseon; Kang Jun; Lee Sung Jong; Hong Sook Hee; Lee Keun Ho; Lee Ahwon,"Pathobiology : journal of immunopathology, molecular and cellular biology",2025,10.1159/000548452,,No,No,
41473751,New biomarkers for the diagnosis of primary central nervous system lymphoma in CSF: A multicenter retrospective cohort study.,van Rooij Josephus L M; Wessels Peter H; Delemarre Eveline M; Meek Bob; Ruven Henk J T; Seute Tatjana; Minnema Monique C; Nierkens Stefan; Snijders Tom J,Neuro-oncology advances,2025,10.1093/noajnl/vdaf208,PMC12746602,Yes,Yes,PMID_41473751.pdf
25279192,Granulocyte macrophage colony-stimulating factor as a predictor of the response of metastatic renal cell carcinoma to tyrosine kinase inhibitor therapy.,Yamada Daisuke; Matsushita Hirokazu; Azuma Takeshi; Nakagawa Tohru; Nagata Masayoshi; Yamada Yukio; Suzuki Motofumi; Fujimura Tetsuya; Fukuhara Hiroshi; Kume Haruki; Homma Yukio; Kakimi Kazuhiro,Molecular and clinical oncology,2014,10.3892/mco.2014.360,PMC4179789,Yes,Yes,PMID_25279192.pdf
27708242,Early responses of EGFR circulating tumor DNA to EGFR tyrosine kinase inhibitors in lung cancer treatment.,Imamura Fumio; Uchida Junji; Kukita Yoji; Kumagai Toru; Nishino Kazumi; Inoue Takako; Kimura Madoka; Kato Kikuya,Oncotarget,2016,10.18632/oncotarget.12373,PMC5342122,Yes,Yes,PMID_27708242.pdf
21792312,Increased Circulating Level of the Survival Factor GP88 (Progranulin) in the Serum of Breast Cancer Patients When Compared to Healthy Subjects.,Tkaczuk Katherine Rak; Yue Binbin; Zhan Min; Tait Nancy; Yarlagadda Lavanya; Dai Huifang; Serrero Ginette,Breast cancer : basic and clinical research,2011,10.4137/BCBCR.S7224,PMC3140268,Yes,Yes,PMID_21792312.pdf
29161279,Whole exome sequencing for determination of tumor mutation load in liquid biopsy from advanced cancer patients.,Koeppel Florence; Blanchard Steven; Jovelet Cécile; Genin Bérengère; Marcaillou Charles; Martin Emmanuel; Rouleau Etienne; Solary Eric; Soria Jean-Charles; André Fabrice; Lacroix Ludovic,PloS one,2017,10.1371/journal.pone.0188174,PMC5697854,Yes,Yes,PMID_29161279.pdf
22293654,Breast cancer biomarkers predict weight loss after gastric bypass surgery.,Sauter Edward R; Mitchell James E; Kliethermes Beth; Crosby Ross D,BMC research notes,2012,10.1186/1756-0500-5-82,PMC3296620,Yes,Yes,PMID_22293654.pdf
41597200,"Establishment of Patient-Derived Organoids from Hepatocellular Carcinoma: Preliminary Data on Yield, Histopathological Concordance, and Methodological Challenges.",Lo Re Oriana; Corti Christian; Cerrito Lucia; Cesari Eleonora; Creta Elisabetta; De Maio Flavio; Di Prima Alessia; Facciuto Vincenzo; Ferraro Clelia; Huqi Eleonora; Liotta Rosa; Lo Pinto Margot; Pagano Duilio; Perriera Riccardo; Petito Valentina; Santarelli Giulia; Santopaolo Francesco; Stella Leonardo; Tortomasi Floriana; Sette Claudio; Gruttadauria Salvatore; Giuliante Felice; Zito Giovanni; Ponziani Francesca Romana,Cells,2026,10.3390/cells15020125,PMC12839850,Yes,Yes,PMID_41597200.pdf
24096714,Phytohemagglutinin-induced IL2 mRNA in whole blood can predict bortezomib-induced peripheral neuropathy for multiple myeloma patients.,Watanabe T; Mitsuhashi M; Sagawa M; Ri M; Suzuki K; Abe M; Ohmachi K; Nakagawa Y; Nakamura S; Chosa M; Iida S; Kizaki M,Blood cancer journal,2013,10.1038/bcj.2013.47,PMC3816208,Yes,Yes,PMID_24096714.pdf
24955421,MicroRNA-222 expression and its prognostic potential in non-small cell lung cancer.,Mao Kai-ping; Zhang Wei-na; Liang Xiao-min; Ma Yu-rong,TheScientificWorldJournal,2014,10.1155/2014/908326,PMC4009118,Yes,Yes,PMID_24955421.pdf
41603139,Expression profile of circular RNAs in type 2 diabetes mellitus patients with retinopathy.,An Wencheng; Wang Bingyan; Chen Fang; An Bo; Zhou Shujing; Jiang Lin; Cui Zhijun; Ou Xiaohong; Huang Wei; Yan Huixian,Journal of diabetes investigation,2026,10.1111/jdi.70241,,No,No,
41655951,Exploring global cfDNA fragmentomics as a biomarker in real-world melanoma patients.,Rizo-Potau Daniel; Forniés-Mariné Anton; Villanueva-Cañas José Luis; Aguilar Michelle; Sánchez-Cárdenas Cristina; Torres Teresa; Podlipnik Sebastian; Carrera Cristina; Puig Susana; Malvehy Josep; Puig-Butillé Joan Anton,The Journal of investigative dermatology,2026,10.1016/j.jid.2026.01.030,,No,No,
41683979,"Clinical Significance of Cytokeratin 19-Fragments (CYFRA 21-1), Osteopontin (OPN) and Human Epididymis Protein 4 (HE4) in Pancreatic Adenocarcinoma.",Dima Augustin Catalin; Balaban Daniel Vasile; Stanescu-Spinu Iulia-Ioana; Teodorescu Ana; Manucu George; Coman Laura Ioana; Dima Alina; Betianu Cezar; Tanase Mihai; Miricescu Daniela; Jinga Mariana; Carstoiu Catalin,International journal of molecular sciences,2026,10.3390/ijms27031562,PMC12898393,Yes,Yes,PMID_41683979.pdf
24322994,"A pilot study on potential plasma hypoxia markers in the radiotherapy of non-small cell lung cancer. Osteopontin, carbonic anhydrase IX and vascular endothelial growth factor.",Ostheimer C; Bache M; Güttler A; Kotzsch M; Vordermark D,Strahlentherapie und Onkologie : Organ der Deutschen Rontgengesellschaft ... [et al],2014,10.1007/s00066-013-0484-1,,No,No,
23224432,Midkine mRNA level in peripheral blood mononuclear cells is a novel biomarker for primary non-small cell lung cancer: a prospective study.,Ma Zhihong; Li Hongwei; Wang Bin; Shen Qibin; Cui Enhai; Min Lishan; Qian Fuchu; Ping Jinliang; Dai Licheng,Journal of cancer research and clinical oncology,2013,10.1007/s00432-012-1357-1,PMC11824478,Yes,Yes,PMID_23224432.pdf
35804826,Basal VEGF-A and ACE Plasma Levels of Metastatic Colorectal Cancer Patients Have Prognostic Value for First-Line Treatment with Chemotherapy Plus Bevacizumab.,Ortiz-Morales M José; Toledano-Fonseca Marta; Mena-Osuna Rafael; Cano M Teresa; Gómez-España Auxiliadora; Haba-Rodríguez Juan R De la; Rodríguez-Ariza Antonio; Aranda Enrique,Cancers,2022,10.3390/cancers14133054,PMC9265004,Yes,Yes,PMID_35804826.pdf
18957060,Identification of prognostic biomarkers in gastric cancer using endoscopic biopsy samples.,Yamada Yasuhide; Arao Tokuzo; Gotoda Takuji; Taniguchi Hirokazu; Oda Ichiro; Shirao Kuniaki; Shimada Yasuhiro; Hamaguchi Tetsuya; Kato Ken; Hamano Tetsutaro; Koizumi Fumiaki; Tamura Tomohide; Saito Daizo; Shimoda Tadakazu; Saka Makoto; Fukagawa Takeo; Katai Hitoshi; Sano Takeshi; Sasako Mitsuru; Nishio Kazuto,Cancer science,2008,10.1111/j.1349-7006.2008.00935.x,PMC11158963,Yes,Yes,PMID_18957060.pdf
23060920,Dynamics of circulating tumor cells in early breast cancer under neoadjuvant therapy.,Serrano María José; Rovira Pedro Sánchez; Martínez-Zubiaurre I; Rodriguez Miguel Delgado; Fernández Mónica; Lorente Jose A,Experimental and therapeutic medicine,2012,10.3892/etm.2012.540,PMC3460281,Yes,Yes,PMID_23060920.pdf
21059212,Prospective comparison of switches in biomarker status between primary and recurrent breast cancer: the Breast Recurrence In Tissues Study (BRITS).,Thompson Alastair M; Jordan Lee B; Quinlan Philip; Anderson Elizabeth; Skene Anthony; Dewar John A; Purdie Colin A; Breast Recurrence in Tissues Study Group,Breast cancer research : BCR,2010,10.1186/bcr2771,PMC3046433,Yes,Yes,PMID_21059212.pdf
33743111,A novel combination of serum microRNAs for the detection of early gastric cancer.,Abe Seiichiro; Matsuzaki Juntaro; Sudo Kazuki; Oda Ichiro; Katai Hitoshi; Kato Ken; Takizawa Satoko; Sakamoto Hiromi; Takeshita Fumitaka; Niida Shumpei; Saito Yutaka; Ochiya Takahiro,Gastric cancer : official journal of the International Gastric Cancer Association and the Japanese Gastric Cancer Association,2021,10.1007/s10120-021-01161-0,PMC8205917,Yes,Yes,PMID_33743111.pdf
17162243,"Insulin, glucose, insulin resistance, and incident colorectal cancer in male smokers.",Limburg Paul J; Stolzenberg-Solomon Rachael Z; Vierkant Robert A; Roberts Katherine; Sellers Thomas A; Taylor Philip R; Virtamo Jarmo; Cerhan James R; Albanes Demetrius,Clinical gastroenterology and hepatology : the official clinical practice journal of the American Gastroenterological Association,2006,10.1016/j.cgh.2006.09.014,PMC1766481,Yes,Yes,PMID_17162243.pdf
39759351,Telomere-based risk models for the early diagnosis of lung cancer.,Molina-Pinelo Sonia; Ferrer Sánchez Irene; Najarro Pilar; Paz-Ares Luis; Fernández Luis; Castelló Nila; Richart López Luis Alberto; Rodríguez Gambarte Juan Diego; Sanz García Máximo; Salinas Ana; Suárez Rocío; Romero-Romero Beatriz; Martín-Juan José; Viñuela María Eugenia; Butler Ray G; de Pedro Nuria,Heliyon,2024,10.1016/j.heliyon.2024.e41040,PMC11696659,Yes,Yes,PMID_39759351.pdf
38306896,Prediagnostic plasma metabolite concentrations and liver cancer risk: a population-based study of Chinese men.,Li Zhuo-Ying; Shen Qiu-Ming; Wang Jing; Tuo Jia-Yi; Tan Yu-Ting; Li Hong-Lan; Xiang Yong-Bing,EBioMedicine,2024,10.1016/j.ebiom.2024.104990,PMC10847612,Yes,Yes,PMID_38306896.pdf
39483518,Prototol for the Prospective Sample Collection for Cancer of Bladder (ProCaB) Trial by the Cancer of the Bladder Leuven (CaBLe) Consortium.,Akand Murat; Muilwijk Tim; Van Cleynenbreugel Ben; Gevaert Thomas; Joniau Steven; Van der Aa Frank,European urology open science,2024,10.1016/j.euros.2024.09.006,PMC11525467,Yes,Yes,PMID_39483518.pdf
30632850,The prognostic role of inflammation-scores on overall survival in lung cancer patients.,Sandfeld-Paulsen Birgitte; Meldgaard Peter; Sorensen Boe S; Safwat Akmal; Aggerholm-Pedersen Ninna,"Acta oncologica (Stockholm, Sweden)",2019,10.1080/0284186X.2018.1546057,,No,No,
28789387,Urinary levels of prostaglandin E2 are positively correlated with intratumoral infiltration of Foxp3+ regulatory T cells in non-small cell lung cancer.,Shimizu Katsuhiko; Okita Riki; Saisho Shinsuke; Maeda Ai; Nojima Yuji; Nakata Masao,Oncology letters,2017,10.3892/ol.2017.6340,PMC5529774,Yes,Yes,PMID_28789387.pdf
41317899,Feasibility of transperineal prostate biopsy guided by fusion of [18F]F-PSMA-1007 PET/MRI with real-time transrectal ultrasound. Prostate cancer classification using imaging biomarkers and radiomics in PIRADS 3 lesions.,Garcia J R; Garrido N; Bassa P; Compte A; Pinilla L; Romero J R; Mont-Castro L; Garcia-Magro J; Ruiz S; Mourelo S; Santabárbara J M; Riera E,Revista espanola de medicina nuclear e imagen molecular,2025,10.1016/j.remnie.2025.500263,,No,No,
27895805,Blood-based DNA methylation as biomarker for breast cancer: a systematic review.,Tang Qiuqiong; Cheng Jie; Cao Xue; Surowy Harald; Burwinkel Barbara,Clinical epigenetics,2016,10.1186/s13148-016-0282-6,PMC5109688,Yes,Yes,PMID_27895805.pdf
16011039,Preoperative plasma soluble urokinase plasminogen activator receptor as a prognostic marker in rectal cancer patients. An EORTC-Receptor and Biomarker Group collaboration.,Riisbro R; Christensen I J; Nielsen H J; Brünner N; Nilbert M; Fernebro E,The International journal of biological markers,2005,,,No,No,
33288479,Utility of Serum miR-371a-3p in Predicting Relapse on Surveillance in Patients with Clinical Stage I Testicular Germ Cell Cancer.,Lobo João; Leão Ricardo; Gillis Ad J M; van den Berg Annette; Anson-Cartwright Lynn; Atenafu Eshetu G; Kuhathaas Kopika; Chung Peter; Hansen Aaron; Bedard Philippe L; Jewett Michael A S; Warde Padraig; O'Malley Martin; Sweet Joan; Looijenga Leendert H J; Hamilton Robert J,European urology oncology,2021,10.1016/j.euo.2020.11.004,,No,No,
41456839,Time-dependent diffusion MRI combined with enhanced MRI and clinical indicators for preoperative prediction of CK19 expression status in hepatocellular carcinoma: a prospective study.,Wei Yu-Chen; Qin Xing-Qing; Li Jian-Sun; Tao Yuan-Fang; Yang Chongze; Huang Qing Ling; Yu Yan-Yan; Zhang Huiting; Qin Haodong; Feiweier Thorsten; Liao Jin-Yuan,Magnetic resonance imaging,2026,10.1016/j.mri.2025.110602,,No,No,
34200459,"Circulating Levels of the Interferon-γ-Regulated Chemokines CXCL10/CXCL11, IL-6 and HGF Predict Outcome in Metastatic Renal Cell Carcinoma Patients Treated with Antiangiogenic Therapy.",Esteban Emilio; Exposito Francisco; Crespo Guillermo; Lambea Julio; Pinto Alvaro; Puente Javier; Arranz Jose A; Redrado Miriam; Rodriguez-Antona Cristina; de Andrea Carlos; Lopez-Brea Marta; Redin Esther; Rodriguez Angel; Serrano Diego; Garcia Jorge; Grande Enrique; Castellano Daniel; Calvo Alfonso,Cancers,2021,10.3390/cancers13112849,PMC8201218,Yes,Yes,PMID_34200459.pdf
29696820,Genetic correction of serum AFP level improves risk prediction of primary hepatocellular carcinoma in the Dongfeng-Tongji cohort study.,Wang Ke; Bai Yansen; Chen Shi; Huang Jiao; Yuan Jing; Chen Weihong; Yao Ping; Miao Xiaoping; Wang Youjie; Liang Yuan; Zhang Xiaomin; He Meian; Yang Handong; Guo Huan; Wei Sheng,Cancer medicine,2018,10.1002/cam4.1481,PMC6010894,Yes,Yes,PMID_29696820.pdf
41245407,"Magnesium depletion score is a risk factor for all-cause, cancer and cardiovascular disease mortality in cancer survivors: evidence from two prospective cohort studies.",Ma Yunmiao; Li Minjie; Liu Xing,Frontiers in nutrition,2025,10.3389/fnut.2025.1674062,PMC12616742,Yes,Yes,PMID_41245407.pdf
29126102,MiRNA-513a-5p inhibits progesterone receptor expression and constitutes a risk factor for breast cancer: the hOrmone and Diet in the ETiology of breast cancer prospective study.,Muti Paola; Donzelli Sara; Sacconi Andrea; Hossain Ahmed; Ganci Federica; Frixa Tania; Sieri Sabina; Krogh Vittorio; Berrino Franco; Biagioni Francesca; Strano Sabrina; Beyene Joseph; Yarden Yosef; Blandino Giovanni,Carcinogenesis,2018,10.1093/carcin/bgx126,PMC6454510,Yes,Yes,PMID_29126102.pdf
25202105,8-Isoprostane in exhaled breath condensate of patients with non-small cell lung cancer: the effect of chemotherapy.,Stathopoulos Dimitrios; Loukides Stelios; Syrigos Konstantinos,Anticancer research,2014,,,No,No,
31928832,"Nerve conduction, circulating osteopontin and taxane-induced neuropathy in breast cancer patients.",Pizzamiglio Chiara; Ripellino Paolo; Prandi Paolo; Clemente Nausicaa; Saggia Chiara; Rossi Valentina; Strigaro Gionata; Luigi Foglio Bonda Pier; Comi Cristoforo; Cantello Roberto,Neurophysiologie clinique = Clinical neurophysiology,2020,10.1016/j.neucli.2019.12.001,,No,No,
29558042,Deregulated expression of HDAC3 in colorectal cancer and its clinical significance.,Nemati Masoumeh; Ajami Naser; Estiar Mehrdad Asghari; Rezapour Saleheh; Gavgani Reyhaneh Ravanbakhsh; Hashemzadeh Shahryar; Kafil Hossein Samadi; Sakhinia Ebrahim,Advances in clinical and experimental medicine : official organ Wroclaw Medical University,2018,10.17219/acem/66207,,No,No,
35884939,Androstenedione and Follicle-Stimulating Hormone Concentration Predict the Progression of Frailty Syndrome at One Year Follow-Up in Patients with Localized Breast Cancer Treated with Aromatase Inhibitors.,García-Sánchez Javier; Mafla-España Mayra Alejandra; Torregrosa María Dolores; Cauli Omar,Biomedicines,2022,10.3390/biomedicines10071634,PMC9312841,Yes,Yes,PMID_35884939.pdf
27388232,Pretreatment Insulin Levels as a Prognostic Factor for Breast Cancer Progression.,Ferroni Patrizia; Riondino Silvia; Laudisi Anastasia; Portarena Ilaria; Formica Vincenzo; Alessandroni Jhessica; D'Alessandro Roberta; Orlandi Augusto; Costarelli Leopoldo; Cavaliere Francesco; Guadagni Fiorella; Roselli Mario,The oncologist,2016,10.1634/theoncologist.2015-0462,PMC5016062,Yes,Yes,PMID_27388232.pdf
33509203,Chromatin conformation changes in peripheral blood can detect prostate cancer and stratify disease risk groups.,Alshaker Heba; Mills Robert; Hunter Ewan; Salter Matthew; Ramadass Aroul; Skinner Benjamin Matthew; Westra Willem; Green Jayne; Akoulitchev Alexandre; Winkler Mathias; Pchejetski Dmitri,Journal of translational medicine,2021,10.1186/s12967-021-02710-y,PMC7845038,Yes,Yes,PMID_33509203.pdf
26521995,Basal (18)F-FDG PET/CT as a predictive biomarker of tumor response for neoadjuvant therapy in breast cancer.,García Vicente A M; Soriano Castrejón A; Pruneda-González R E; Fernández Calvo G; Muñoz Sánchez M M; Álvarez Cabellos R; Espinosa Aunión R; Relea Calatayud F,Revista espanola de medicina nuclear e imagen molecular,2016,10.1016/j.remn.2015.09.001,,No,No,
24350991,Detection of circulating tumor cells during follow-up of patients with early breast cancer: Clinical utility for monitoring of therapy efficacy.,Mikulová Veronika; Cabiňaková Michaela; Janatková Ivana; Mestek Otto; Zima Tomáš; Tesařová Petra,Scandinavian journal of clinical and laboratory investigation,2014,10.3109/00365513.2013.864784,,No,No,
38929550,The Role of Serum Dickkopf1 and CKAP4 Levels in Diagnosing Colorectal Cancer and Measuring the Disease Severity: A Prospective Study.,Dişçi Esra; Peksöz Rıfat; Laloğlu Esra; Yıldırgan Mehmet İlhan; Albayrak Yavuz; Şirin Mehmet Akif; Ağırman Enes; Atamanalp Sabri Selçuk,"Medicina (Kaunas, Lithuania)",2024,10.3390/medicina60060933,PMC11205388,Yes,Yes,PMID_38929550.pdf
27391263,Phenotypic and genetic heterogeneity of tumor tissue and circulating tumor cells in patients with metastatic castration-resistant prostate cancer: A report from the PETRUS prospective study.,Massard Christophe; Oulhen Marianne; Le Moulec Sylvestre; Auger Nathalie; Foulon Stéphanie; Abou-Lovergne Aurélie; Billiot Fanny; Valent Alexander; Marty Virginie; Loriot Yohann; Fizazi Karim; Vielh Philippe; Farace Francoise,Oncotarget,2016,10.18632/oncotarget.10396,PMC5342402,Yes,Yes,PMID_27391263.pdf
31548949,"Diagnostic utility of triple antibody (AMACR, HMWCK and P63) stain in prostate neoplasm.",Rathod Santosh G; Jaiswal Deelip G; Bindu Rajan S,Journal of family medicine and primary care,2019,10.4103/jfmpc.jfmpc_432_19,PMC6753827,Yes,Yes,PMID_31548949.pdf
31141571,Clinical significance of glypican-3-positive circulating tumor cells of hepatocellular carcinoma patients: A prospective study.,Hamaoka Michinori; Kobayashi Tsuyoshi; Tanaka Yuka; Mashima Hiroaki; Ohdan Hideki,PloS one,2019,10.1371/journal.pone.0217586,PMC6541303,Yes,Yes,PMID_31141571.pdf
25821117,"F2RL3 methylation, lung cancer incidence and mortality.",Zhang Yan; Schöttker Ben; Ordóñez-Mena José; Holleczek Bernd; Yang Rongxi; Burwinkel Barbara; Butterbach Katja; Brenner Hermann,International journal of cancer,2015,10.1002/ijc.29537,,No,No,
33609304,Serum Laminin γ2 Monomer as a Diagnostic and Predictive Biomarker for Hepatocellular Carcinoma.,Yamashita Taro; Koshikawa Naohiko; Shimakami Tetsuro; Terashima Takeshi; Nakagawa Masatoshi; Nio Kouki; Horii Rika; Iida Noriho; Kawaguchi Kazunori; Arai Kuniaki; Sakai Yoshio; Yamashita Tatsuya; Mizukoshi Eishiro; Honda Masao; Kitao Azusa; Kobayashi Satoshi; Takahara Shizuko; Imai Yasuhito; Yoshimura Kenichi; Murayama Toshinori; Nakamoto Yasunari; Yoshida Eisaku; Yoshimura Toru; Seiki Motoharu; Kaneko Shuichi,"Hepatology (Baltimore, Md.)",2021,10.1002/hep.31758,,No,No,
32770296,Prognostic Significance of Circulating Tumor Cells with Mesenchymal Phenotypes in Patients with Gastric Cancer: A Prospective Study.,Ishiguro Yui; Sakihama Hideyasu; Yoshida Tadashi; Ichikawa Nobuki; Homma Shigenori; Fukai Moto; Kawamura Hideki; Takahashi Norihiko; Taketomi Akinobu,Annals of surgical oncology,2021,10.1245/s10434-020-08827-6,,No,No,
40790537,"Development and validation of an integrative 54 biomarker-based risk identification model for multi-cancer in 42,666 individuals: a population-based prospective study to guide advanced screening strategies.",Zhao Renjia; Yuan Huangbo; Jiang Yanfeng; Liu Zhenqiu; Chen Ruilin; Wang Shuo; Lu Linyao; Yuan Ziyu; Su Zhixi; He Qiye; Xu Kelin; Zhang Tiejun; Jin Li; Lu Ming; Ye Weimin; Liu Rui; Suo Chen; Chen Xingdong,Biomarker research,2025,10.1186/s40364-025-00812-z,PMC12341305,Yes,Yes,PMID_40790537.pdf
7884573,The detection of increased amounts of the extracellular domain of the epidermal growth factor receptor in serum during carcinogenesis in asbestosis patients.,Partanen R; Hemminki K; Koskinen H; Luo J C; Carney W P; Brandt-Rauf P W,Journal of occupational medicine. : official publication of the Industrial Medical Association,1994,10.1097/00043764-199412000-00013,,No,No,
38326601,Serum NY-ESO-1 antibody as a predictive biomarker for postoperative recurrence of gastric cancer: a multicenter prospective observational study.,Saito Takuro; Kurokawa Yukinori; Fujitani Kazumasa; Kawabata Ryohei; Takeno Atsushi; Mikami Jota; Endo Shunji; Matsuyama Jin; Akamaru Yusuke; Hirota Masashi; Kishi Kentaro; Urakawa Shinya; Yamamoto Kei; Tanaka Koji; Takahashi Tsuyoshi; Oka Mikio; Wada Hisashi; Eguchi Hidetoshi; Doki Yuichiro,British journal of cancer,2024,10.1038/s41416-023-02540-3,PMC10991393,Yes,Yes,PMID_38326601.pdf
39313297,Dynamic changes in TP53 mutated circulating tumor DNA predicts outcome of patients with high-grade ovarian carcinomas.,Kfoury Maria; Bonnet Clément; Delanoy Nicolas; Howarth Karen; Marzac Christophe; Rouleau Etienne; Micol Jean-Baptiste; Leary Alexandra,International journal of gynecological cancer : official journal of the International Gynecological Cancer Society,2024,10.1136/ijgc-2024-005581,,No,No,
18155253,OGG1 expression and OGG1 Ser326Cys polymorphism and risk of lung cancer in a prospective study.,Hatt Lotte; Loft Steffen; Risom Lotte; Møller Peter; Sørensen Mette; Raaschou-Nielsen Ole; Overvad Kim; Tjønneland Anne; Vogel Ulla,Mutation research,2008,10.1016/j.mrfmmm.2007.11.002,,No,No,
29605591,Mutation and Methylation Analysis of Circulating Tumor DNA Can Be Used for Follow-up of Metastatic Colorectal Cancer Patients.,Boeckx Nele; Op de Beeck Ken; Beyens Matthias; Deschoolmeester Vanessa; Hermans Christophe; De Clercq Peggy; Garrigou Sonia; Normand Corinne; Monsaert Els; Papadimitriou Konstantinos; Laurent-Puig Pierre; Pauwels Patrick; Van Camp Guy; Taly Valerie; Peeters Marc,Clinical colorectal cancer,2018,10.1016/j.clcc.2018.02.006,,No,No,
39800398,Neoadjuvant adebrelimab combined with chemotherapy (cisplatin/carboplatin and etoposide) for limited-stage small-cell lung cancer: a study protocol of phase 2 trial (NIUS).,Liu Yanyang; Huang Qian; Tian Long; Zheng Xi; Chen Guizhi; Xu Hongyu; Li Mengxia; Zhu Daxing; Zhang Yan,BMJ open,2025,10.1136/bmjopen-2024-087302,PMC11752003,Yes,Yes,PMID_39800398.pdf
26272213,Association between plasma fluorescent oxidation products and erectile dysfunction: A prospective study.,Yang Shuman; Giovannucci Edward; Bracken Bruce; Ho Shuk-Mei; Wu Tianying,BMC urology,2015,10.1186/s12894-015-0083-9,PMC4536733,Yes,Yes,PMID_26272213.pdf
34077597,"Prognostic Role of Circulating Tumor Cells in Metastatic Renal Cell Carcinoma: A Large, Multicenter, Prospective Trial.",Basso Umberto; Facchinetti Antonella; Rossi Elisabetta; Maruzzo Marco; Conteduca Vincenza; Aieta Michele; Massari Francesco; Fraccon Anna Paola; Mucciarini Claudia; Sava Teodoro; Santoni Matteo; Pegoraro Cristina; Durante Emilia; Nicodemo Maurizio; Perin Alessandra; Bearz Alessandra; Gatti Carlo; Fiduccia Pasquale; Diminutto Alberto; Barile Carmen; De Giorgi Ugo; Zamarchi Rita; Zagonel Vittorina,The oncologist,2021,10.1002/onco.13842,PMC8417856,Yes,Yes,PMID_34077597.pdf
39578790,Prospective study on the association between 36 human blood cell traits and pan-cancer outcomes: a mendelian randomization analysis.,Liang Jinghao; Zhou Xinyi; Lin Yijian; Yin Hongming; Liu Yuanqing; Xie Zixian; Lin Hongmiao; Wu Tongtong; Zhang Xinrong; Tan Zhaofeng; Cheng Ziqiu; Yin Weiqiang; Guo Zhihua; Chen Wenzhe,BMC cancer,2024,10.1186/s12885-024-13133-5,PMC11583664,Yes,Yes,PMID_39578790.pdf
39863864,The association between Chlamydia pneumoniae infection and prognosis in lung cancer patients: a prospective study.,Liu Maolin; Ye Hailing; Lin Tao; Chen Zishan; Xu Xinying; Zhuang Jinman; Yang Yongsheng; Chen Xuezhen; Chen Chunting; Lin Mengxin; He Fei,BMC infectious diseases,2025,10.1186/s12879-025-10515-3,PMC11762066,Yes,Yes,PMID_39863864.pdf
26823475,Serum Endotoxins and Flagellin and Risk of Colorectal Cancer in the European Prospective Investigation into Cancer and Nutrition (EPIC) Cohort.,Kong So Yeon; Tran Hao Quang; Gewirtz Andrew T; McKeown-Eyssen Gail; Fedirko Veronika; Romieu Isabelle; Tjønneland Anne; Olsen Anja; Overvad Kim; Boutron-Ruault Marie-Christine; Bastide Nadia; Affret Aurélie; Kühn Tilman; Kaaks Rudolf; Boeing Heiner; Aleksandrova Krasimira; Trichopoulou Antonia; Kritikou Maria; Vasilopoulou Effie; Palli Domenico; Krogh Vittorio; Mattiello Amalia; Tumino Rosario; Naccarati Alessio; Bueno-de-Mesquita H B; Peeters Petra H; Weiderpass Elisabete; Quirós J Ramón; Sala Núria; Sánchez María-José; Castaño José María Huerta; Barricarte Aurelio; Dorronsoro Miren; Werner Mårten; Wareham Nicholas J; Khaw Kay-Tee; Bradbury Kathryn E; Freisling Heinz; Stavropoulou Faidra; Ferrari Pietro; Gunter Marc J; Cross Amanda J; Riboli Elio; Bruce W Robert; Jenab Mazda,"Cancer epidemiology, biomarkers & prevention : a publication of the American Association for Cancer Research, cosponsored by the American Society of Preventive Oncology",2016,10.1158/1055-9965.EPI-15-0798,PMC5576525,Yes,Yes,PMID_26823475.pdf
39860417,Peripheral Extracellular Vesicles for Diagnosis and Prognosis of Resectable Lung Cancer: The LUCEx Study Protocol.,Rodríguez-Sanz Jorge; Muñoz-González Nadia; Cubero José Pablo; Ordoñez Pablo; Gil Victoria; Langarita Raquel; Ruiz Myriam; Forner Marta; Marín-Oto Marta; Vera Elisabet; Baptista Pedro; Polverino Francesca; Domingo Juan Antonio; García-Tirado Javier; Marin José María; Sanz-Rubio David,Journal of clinical medicine,2025,10.3390/jcm14020411,PMC11765880,Yes,Yes,PMID_39860417.pdf
33264486,Longitudinal tumor fraction trajectories predict risk of progression in metastatic HR+ breast cancer patients undergoing CDK4/6 treatment.,Dandachi Nadia; Posch Florian; Graf Ricarda; Suppan Christoph; Klocker Eva Valentina; Müller Hannah Deborah; Lindenmann Jörg; Terbuch Angelika; Heitzer Ellen; Balic Marija,Molecular oncology,2021,10.1002/1878-0261.12870,PMC8410553,Yes,Yes,PMID_33264486.pdf
38006691,Gut microbiome predicts gastrointestinal toxicity outcomes from chemoradiation therapy in patients with head and neck squamous cell carcinoma.,Hes Cecilia; Desilets Antoine; Tonneau Marion; El Ouarzadi Omar; De Figueiredo Sousa Marina; Bahig Houda; Filion Édith; Nguyen-Tan Phuc Felix; Christopoulos Apostolos; Benlaïfaoui Myriam; Derosa Lisa; Alves Costa Silva Carolina; Ponce Mayra; Malo Julie; Belkad Wiam; Charpentier Danielle; Aubin Francine; Hamilou Zineb; Jamal Rahima; Messaoudene Meriem; Soulières Denis; Routy Bertrand,Oral oncology,2024,10.1016/j.oraloncology.2023.106623,,No,No,
32516171,"The reduction of CA 125 serum levels in BRCA 1/2 mutation carriers after risk-reducing salpingo-oophorectomy is only partially associated with surgery: a prospective cohort, other biomarker controlled, study.",Grandi Giovanni; Del Savio Maria Chiara; Sammarini Margaret; Cortesi Laura; Toss Angela; Piombino Claudia; Facchinetti Fabio,European journal of cancer prevention : the official journal of the European Cancer Prevention Organisation (ECP),2020,10.1097/CEJ.0000000000000606,,No,No,
30194197,Cholecystectomy Patients with High Plasma Level of Catalase Have Significantly Lower Analgesia Requirement: A Prospective Study of Two Different Cholecystectomy Techniques with Special Reference to Patients with Cancer.,Saimanen Iina; Kuosmanen Viivi; Kärkkäinen Jari; Selander Tuomas; Aspinen Samuli; Holopainen Anu; Rantanen Tuomo; Eskelinen Matti,Anticancer research,2018,10.21873/anticanres.12872,,No,Yes,PMID_30194197.pdf
24590360,The role of transperineal template prostate biopsies in prostate cancer diagnosis in biopsy naïve men with PSA less than 20 ng ml(-1.).,Nafie S; Mellon J K; Dormer J P; Khan M A,Prostate cancer and prostatic diseases,2014,10.1038/pcan.2014.4,,No,No,
28207142,Preoperative plasma soluble urokinase plasminogen activator receptor as a prognostic marker in rectal cancer patients. An EORTC-Receptor and Biomarker Group collaboration.,Riisbro R; Christensen I J; Nielsen H J; Brunner N; Nilbert M; Fernebro E,The International journal of biological markers,2005,10.5301/JBM.2008.5473,,No,No,
33275230,p-CREB-1 at Ser 133 is a potential marker for breast cancer.,Xin Z-C; Hu H-W; Lao Z-H; Zhu L-Q; Biskup E; Zhang H-W,European review for medical and pharmacological sciences,2020,10.26355/eurrev_202011_23806,,No,No,
21835284,Plasma vitamin C predicts incident heart failure in men and women in European Prospective Investigation into Cancer and Nutrition-Norfolk prospective study.,Pfister Roman; Sharp Stephen J; Luben Robert; Wareham Nick J; Khaw Kay-Tee,American heart journal,2011,10.1016/j.ahj.2011.05.007,,No,No,
26888626,Change in CD3ζ-chain expression is an independent predictor of disease status in head and neck cancer patients.,Upreti Deepak; Zhang Man-li; Bykova Elena; Kung Sam K P; Pathak K A,International journal of cancer,2016,10.1002/ijc.30046,,No,No,
25041783,Circulating endothelial cells as a biomarker in non-small cell lung cancer patients: correlation with clinical outcome.,Najjar Fadi; Alammar Moosheer; Bachour Marroan; Al-Massarani Ghassan,The International journal of biological markers,2014,10.5301/jbm.5000100,,No,No,
39355355,Thyroid autoantibodies at baseline predict longer survival in non-small cell lung cancer patients treated with anti-programmed cell death-1 blockade: a prospective study.,Okuji Takayuki; Iwama Shintaro; Kobayashi Tomoko; Yasuda Yoshinori; Ito Masaaki; Yamagami Ayana; Ando Masahiko; Hase Tetsunari; Shibata Hirofumi; Hatta Takahiro; Zhou Xin; Onoue Takeshi; Kawaguchi Yohei; Miyata Takashi; Sugiyama Mariko; Hagiwara Daisuke; Suga Hidetaka; Banno Ryoichi; Ando Yuichi; Hashimoto Naozumi; Arima Hiroshi,Nagoya journal of medical science,2024,10.18999/nagjms.86.3.452,PMC11439604,Yes,Yes,PMID_39355355.pdf
34994593,Biomarker Discovery and Outcomes for Comprehensive Cell-Free Circulating Tumor DNA Versus Standard-of-Care Tissue Testing in Advanced Non-Small-Cell Lung Cancer.,Palmero Ramon; Taus Alvaro; Viteri Santiago; Majem Margarita; Carcereny Enric; Garde-Noguera Javier; Felip Enriqueta; Nadal Ernest; Malfettone Andrea; Sampayo Miguel; Riva François; Nagy Rebecca J; Lanman Richard B; Faull Iris; Dix Daniel; Karachaliou Niki; Rosell Rafael,JCO precision oncology,2021,10.1200/PO.20.00241,,No,No,
32266559,Salivary microRNAs identified by small RNA sequencing as potential predictors of response to intensity-modulated radiotherapy in head and neck cancer patients.,Ahmad Parwez; Slavik Marek; Trachtova Karolina; Gablo Natalia Anna; Kazda Tomas; Gurin Dominik; Smilek Pavel; Horakova Zuzana; Gal Bretislav; Hermanova Marketa; Slampa Pavel; Sana Jiri; Slaby Ondrej,"Cellular oncology (Dordrecht, Netherlands)",2020,10.1007/s13402-020-00507-7,,No,No,
27793056,The implication of tumor biomarker CA19-9 in the diagnosis of intracranial epidermoid cyst.,Wang Yongjie; Yan Wei; Wu Qun; Chen Gao; Zhang Jianmin,Oncotarget,2017,10.18632/oncotarget.12934,PMC5356789,Yes,Yes,PMID_27793056.pdf
23915833,A high angiopoietin-2/angiopoietin-1 ratio is associated with a high risk of septic shock in patients with febrile neutropenia.,Luz Fiusa Maiara Marx; Costa-Lima Carolina; de Souza Gleice Regina; Vigorito Afonso Celso; Penteado Aranha Francisco Jose; Lorand-Metze Irene; Annichino-Bizzacchi Joyce M; de Souza Carmino Antonio; De Paula Erich V,"Critical care (London, England)",2013,10.1186/cc12848,PMC4056795,Yes,Yes,PMID_23915833.pdf
37205359,Longitudinal diffusion and volumetric kinetics of head and neck cancer magnetic resonance on a 1.5T MR-Linear accelerator hybrid system: A prospective R-IDEAL Stage 2a imaging biomarker characterization/ pre-qualification study.,El-Habashy Dina M; Wahid Kareem A; He Renjie; McDonald Brigid; Rigert Jillian; Mulder Samuel J; Lim Tze Yee; Wang Xin; Yang Jinzhong; Ding Yao; Naser Mohamed A; Ng Sweet Ping; Bahig Houda; Salzillo Travis C; Preston Kathryn E; Abobakr Moamen; Shehata Mohamed A; Elkhouly Enas A; Alagizy Hagar A; Hegazy Amira H; Mohammadseid Mustefa; Terhaard Chris; Philippens Marielle; Rosenthal David I; Wang Jihong; Lai Stephen Y; Dresner Alex; Christodouleas John C; Mohamed Abdallah Sherif Radwan; Fuller Clifton D,medRxiv : the preprint server for health sciences,2023,10.1101/2023.05.04.23289527,PMC10187456,Yes,Yes,PMID_37205359.pdf
40757096,MRI T1 relaxation time for evaluating early complete response to neoadjuvant treatment in rectal cancer: measurement at six weeks - a protocol article.,Byriel Mathias Rosenfeldt; Hansen Torben Frøstrup; Rahr Hans Bjarke; Jensen Lars Henrik; Timm Signe; Lindebjerg Jan; Schnefeldt Mazen; Rafaelsen Søren Rafael,Acta radiologica open,2025,10.1177/20584601251362322,PMC12317158,Yes,Yes,PMID_40757096.pdf
26137587,P16 Methylation as an Early Predictor for Cancer Development From Oral Epithelial Dysplasia: A Double-blind Multicentre Prospective Study.,Liu Hongwei; Liu Xue-Wei; Dong Guangying; Zhou Jing; Liu Yang; Gao Yan; Liu Xiao-Yong; Gu Liankun; Sun Zheng; Deng Dajun,EBioMedicine,2015,10.1016/j.ebiom.2015.03.015,PMC4485905,Yes,Yes,PMID_26137587.pdf
22168215,Septin 9 methylated DNA is a sensitive and specific blood test for colorectal cancer.,Warren Jorja D; Xiong Wei; Bunker Ashley M; Vaughn Cecily P; Furtado Larissa V; Roberts William L; Fang John C; Samowitz Wade S; Heichman Karen A,BMC medicine,2011,10.1186/1741-7015-9-133,PMC3271041,Yes,Yes,PMID_22168215.pdf
37488223,Clinical and biomarker factors affecting survival in patients with platinum-sensitive relapsed ovarian cancer receiving olaparib monotherapy: a multicenter retrospective study.,Tashiro Ryota; Kawazoe Hitoshi; Mamishin Kanako; Seto Keisuke; Udagawa Ryoko; Saito Yoshimasa; Hashimoto Hironobu; Shimoi Tatsunori; Yonemori Kan; Yonemura Masahito; Terakado Hiroyuki; Nishimura Takahiro; Kawasaki Toshikatsu; Furukawa Tetsuya; Nakamura Tomonori,Scientific reports,2023,10.1038/s41598-023-39224-0,PMC10366208,Yes,Yes,PMID_37488223.pdf
34839585,DENEB: Development of new criteria for curability after local excision of pathological T1 colorectal cancer using liquid biopsy.,Miyo Masaaki; Kato Takeshi; Nakamura Yoshiaki; Taniguchi Hiroya; Takahashi Yusuke; Ishii Masayuki; Okita Kenji; Ando Koji; Yukami Hiroki; Mishima Saori; Yamazaki Kentaro; Kotaka Masahito; Watanabe Jun; Oba Koji; Aleshin Alexey; Billings Paul R; Rabinowitz Matthew; Kotani Daisuke; Oki Eiji; Takemasa Ichiro; Mori Masaki; Yoshino Takayuki,Cancer science,2022,10.1111/cas.15226,PMC8990725,Yes,Yes,PMID_34839585.pdf
23249637,Low expression of NQO1 predicts pathological complete response to neoadjuvant chemotherapy in breast cancer patients treated with TAC regimen.,Grim J; Jandík P; Slánská I; Doležalová-Brčáková E; Fuksa L; Ryška A; Knížek J; Petera J; Mičuda S; Hornychová H,Folia biologica,2012,10.14712/fb2012058050185,,No,Yes,PMID_23249637.pdf
34873431,Increased Oxidative Stress in Gastric Cancer Patients and Their First-Degree Relatives: A Prospective Study from Northeastern Brazil.,Braga-Neto Manuel B; Costa Deiziane V S; Queiroz Dulciene M M; Maciel Felipe S; de Oliveira Michelle S; Viana-Junior Antônio B; Santos Flávia A; Leitao Renata F C; Brito Gerly A C; Vasconcelos Paulo R L; Braga Lucia L B C,Oxidative medicine and cellular longevity,2021,10.1155/2021/6657434,PMC8643263,Yes,Yes,PMID_34873431.pdf
41272605,Hepcidin as an emerging predictor biomarker of leptomeningeal metastases in patients with metastatic breast cancer.,Delaby Constance; Al Herk Anas; Hirtz Christophe; Jacot William; Laigre Maryline; Pouderoux Stéphane; Pradeilles Nicolas; Lehmann Sylvain; Darlix Amélie,BMC cancer,2025,10.1186/s12885-025-15124-6,PMC12639848,Yes,Yes,PMID_41272605.pdf
39602340,Evaluating the prognostic potential of circulating cell-free DNA in advanced thyroid cancer.,Wijewardene Ayanthi; Clifton-Bligh Roderick J; Wang Bin; Luxford Catherine; Robinson Bruce G; Bullock Martyn; Gild Matti,Endocrine-related cancer,2025,10.1530/ERC-24-0227,,No,No,
37066827,"IGF-1 and Risk of Morbidity and Mortality From Cancer, Cardiovascular Diseases, and All Causes in EPIC-Heidelberg.",Mukama Trasias; Srour Bernard; Johnson Theron; Katzke Verena; Kaaks Rudolf,The Journal of clinical endocrinology and metabolism,2023,10.1210/clinem/dgad212,PMC10505533,Yes,No,
23694981,Pooled analysis of the prognostic relevance of disseminated tumor cells in the bone marrow of patients with ovarian cancer.,Fehm Tanja; Banys Malgorzata; Rack Brigitte; Janni Wolfgang; Marth Christian; Blassl Christina; Hartkopf Andreas; Trope Claes; Kimmig Rainer; Krawczyk Natalia; Wallwiener Diethelm; Wimberger Pauline; Kasimir-Bauer Sabine,International journal of gynecological cancer : official journal of the International Gynecological Cancer Society,2013,10.1097/IGC.0b013e3182907109,,No,No,
30117171,A prospective study to examine the association of the urinary and fecal microbiota with prostate cancer diagnosis after transrectal biopsy of the prostate using 16sRNA gene analysis.,Alanee Shaheen; El-Zawahry Ahmed; Dynda Danuta; Dabaja Ali; McVary Kevin; Karr Mallory; Braundmeier-Fleming Andrea,The Prostate,2019,10.1002/pros.23713,,No,No,
17266031,"Plasma C-peptide, insulin-like growth factor-I, insulin-like growth factor binding proteins and risk of colorectal cancer in a nested case-control study: the Japan public health center-based prospective study.",Otani Tetsuya; Iwasaki Motoki; Sasazuki Shizuka; Inoue Manami; Tsugane Shoichiro; Japan Public Health Center-based Prospective Study Group,International journal of cancer,2007,10.1002/ijc.22556,,No,No,
40985521,"Prognostic Value of BONENAVI Computer-Aided Diagnosis System Bone Scans as an Imaging Biomarker for Bone-Metastatic Castration-Sensitive Prostate Cancer: An Investigator-Initiated, Multicenter, Prospective Observational Study.",Miyoshi Yasuhide; Uemura Hiroji; Ohta Junichi; Kobayashi Kazuki; Muraoka Kentaro; Makiyama Kazuhide; Saigusa Yusuke; Morikawa Tomoharu; Kawahara Takashi,International journal of urology : official journal of the Japanese Urological Association,2025,10.1111/iju.70214,,No,No,
35250470,Low Heart Rate Variability Predicts Poor Overall Survival of Lung Cancer Patients With Brain Metastases.,Wu Shuang; Li Guangqiao; Guan Weizheng; Zhao Huan; Wang Jingfeng; Zhou Yongchun; Zhou Yufu; Shi Bo,Frontiers in neuroscience,2022,10.3389/fnins.2022.839874,PMC8891474,Yes,Yes,PMID_35250470.pdf
34066481,Clinical Implication of Liquid Biopsy in Colorectal Cancer Patients Treated with Metastasectomy.,Lee Soohyeon; Park Young-Soo; Chang Won-Jin; Choi Jung Yoon; Lim Ahreum; Kim Boyeon; Lee Saet-Byeol; Lee Jong-Won; Kim Seon-Hahn; Kim Jin; Kwak Jung-Myun; Yoon Kyung-Chul; Lee Sung-Ho; Kim Yeul Hong,Cancers,2021,10.3390/cancers13092231,PMC8125778,Yes,Yes,PMID_34066481.pdf
23116350,[HE4 a biomarker of ovarian cancer].,Presl J; Kučera R; Topolčan O; Novotný Z; Vrzalová J; Fuchsova R; Betincová L; Rokyta Z,Ceska gynekologie,2012,,,No,No,
39766287,"Dysregulation of MiR-21, MiR-221 and MiR-451 During Neoadjuvant Treatment of Breast Cancer: A Prospective Study.",Patury Carine Bispo; Santos Brenda Luanny Maia; Matos Anna Lucia Carvalho; Slabi José; Gastalho Luciene Cristina Campos; Kaneto Carla Martins,Biomolecules,2024,10.3390/biom14121580,PMC11674781,Yes,Yes,PMID_39766287.pdf
24678859,Perfusion reduction at transcatheter intraarterial perfusion MR imaging: a promising intraprocedural biomarker to predict transplant-free survival during chemoembolization of hepatocellular carcinoma.,Wang Dingxin; Gaba Ron C; Jin Brian; Lewandowski Robert J; Riaz Ahsun; Memon Khairuddin; Ryu Robert K; Sato Kent T; Kulik Laura M; Mulcahy Mary F; Larson Andrew C; Salem Riad; Omary Reed A,Radiology,2014,10.1148/radiol.14131311,PMC4263646,Yes,Yes,PMID_24678859.pdf
25922585,Circulating Inflammatory and Hemostatic Biomarkers are Associated with All-Cause Death and Cancer Death in a Population of Community-Dwelling Japanese: the Tanushimaru Study.,Enomoto Mika; Adachi Hisashi; Fukami Ako; Yoshimura Ayako; Obuchi Aya; Nakamura Sachiko; Nohara Yume; Nakao Erika; Umeki Yoko; Hori Kensuke; Fukumoto Yoshihiro,Clinical Medicine Insights. Cardiology,2014,10.4137/CMC.S17065,PMC4399718,Yes,Yes,PMID_25922585.pdf
23765208,CA125 level association with chemotherapy toxicity and functional status in older women with ovarian cancer.,Won Elizabeth; Hurria Arti; Feng Tao; Mohile Supriya; Owusu Cynthia; Klepin Heidi D; Gross Cary P; Lichtman Stuart M; Gajra Ajeet; Tew William P; Cancer and Aging Research Group,International journal of gynecological cancer : official journal of the International Gynecological Cancer Society,2013,10.1097/IGC.0b013e318299438a,PMC3772622,Yes,Yes,PMID_23765208.pdf
30379727,Native T1 Mapping as an In Vivo Biomarker for the Identification of Higher-Grade Renal Cell Carcinoma: Correlation With Histopathological Findings.,Adams Lisa C; Ralla Bernhard; Jurmeister Philipp; Bressem Keno K; Fahlenkamp Ute L; Hamm Bernd; Busch Jonas; Makowski Marcus R,Investigative radiology,2019,10.1097/RLI.0000000000000515,,No,No,
36990394,Prospective validation of diffusion-weighted MRI as a biomarker of tumor response and oncologic outcomes in head and neck cancer: Results from an observational biomarker pre-qualification study.,Joint Head and Neck Radiotherapy-MRI Development Cooperative; Mohamed Abdallah S R; Abusaif Abdelrahman; He Renjie; Wahid Kareem A; Salama Vivian; Youssef Sara; McDonald Brigid A; Naser Mohamed; Ding Yao; Salzillo Travis C; AboBakr Moamen A; Wang Jihong; Lai Stephen Y; Fuller Clifton D,Radiotherapy and oncology : journal of the European Society for Therapeutic Radiology and Oncology,2023,10.1016/j.radonc.2023.109641,PMC10848569,Yes,Yes,PMID_36990394.pdf
24389432,Serpin b3 is associated with poor survival after chemotherapy and is a potential novel predictive biomarker in advanced non-small-cell lung cancer.,Urquhart Gordon; Kerr Keith M; Nicolson Marianne; Loo Peh Sun; Sharma Ravi; Shrimali Raj; Petty Russell D,Journal of thoracic oncology : official publication of the International Association for the Study of Lung Cancer,2013,10.1097/JTO.0000000000000016,,No,No,
23416953,Expressions of miRNAs in papillary thyroid carcinoma and their associations with the BRAFV600E mutation.,Huang Yongbo; Liao Denghui; Pan Lingxiao; Ye Runyi; Li Xiaoxi; Wang Shenming; Ye Caisheng; Chen Liuhua,European journal of endocrinology,2013,10.1530/EJE-12-1029,,No,No,
38774195,Thrombospondin-2 as a potential noninvasive biomarker of hepatocyte injury but not liver fibrosis in children with MAFLD: A preliminary study.,Zdanowicz Katarzyna; Flisiak-Jackiewicz Marta; Bobrus-Chociej Anna; Kowalczuk-Kryston Monika; Jamiolkowski Jacek; Martonik Diana; Rogalska Magdalena; Lebensztejn Dariusz M,Clinical and experimental hepatology,2023,10.5114/ceh.2023.133108,PMC11103807,Yes,Yes,PMID_38774195.pdf
36083855,"Leukotriene Receptor Antagonist Therapy for the Chemoprevention of Human Rectal Aberrant Crypt Foci: Nonrandomized, Open-Label, Controlled Trial.",Higurashi Takuma; Ashikari Keiichi; Tamura Shigeki; Saigusa Yusuke; Takatsu Tomohiro; Misawa Noboru; Yoshihara Tsutomu; Matsuura Tetsuya; Fuyuki Akiko; Ohkubo Hidenori; Kessoku Takaomi; Hosono Kunihiro; Yoneda Masato; Nakajima Atsushi,"Cancer prevention research (Philadelphia, Pa.)",2022,10.1158/1940-6207.CAPR-22-0049,,No,No,
37353740,Protocol for a prospective study evaluating circulating tumour cells status to predict radical prostatectomy treatment failure in localised prostate cancer patients (C-ProMeta-1).,Al-Hammouri Tarek; Almeida-Magana Ricardo; Lawrence Rachel; Duffy Tom; White Laura; Burke Edwina; Kudahetti Sakunthala; Collins Justin; Rajan Prabhakar; Berney Daniel; Gabe Rhian; Shaw Greg; Lu Yong-Jie,BMC cancer,2023,10.1186/s12885-023-11081-0,PMC10288675,Yes,Yes,PMID_37353740.pdf
32556091,Tumor protein expression of the DNA repair gene BRCA1 and lethal prostate cancer.,Stopsack Konrad H; Gerke Travis; Zareba Piotr; Pettersson Andreas; Chowdhury Dipanjan; Ebot Ericka M; Flavin Richard; Finn Stephen; Kantoff Philip W; Stampfer Meir J; Loda Massimo; Fiorentino Michelangelo; Mucci Lorelei A,Carcinogenesis,2020,10.1093/carcin/bgaa061,PMC7359768,Yes,Yes,PMID_32556091.pdf
24562650,PET/CT studies of multiple myeloma using (18) F-FDG and (18) F-NaF: comparison of distribution patterns and tracers' pharmacokinetics.,Sachpekidis Christos; Goldschmidt Hartmut; Hose Dirk; Pan Leyun; Cheng Caixia; Kopka Klaus; Haberkorn Uwe; Dimitrakopoulou-Strauss Antonia,European journal of nuclear medicine and molecular imaging,2014,10.1007/s00259-014-2721-y,,No,No,
25311315,Dynamic 18F-FET PET in suspected WHO grade II gliomas defines distinct biological subgroups with different clinical courses.,Thon Niklas; Kunz Mathias; Lemke Lena; Jansen Nathalie L; Eigenbrod Sabina; Kreth Simone; Lutz Jürgen; Egensperger Rupert; Giese Armin; Herms Jochen; Weller Michael; Kretzschmar Hans; Tonn Jörg-Christian; la Fougère Christian; Kreth Friedrich-Wilhelm,International journal of cancer,2015,10.1002/ijc.29259,,No,No,
40828400,Evaluating the utility of enhanced T1 mapping MR imaging in assessing depth of myometrial invasion and detecting DNA mismatch repair status in endometrial cancer: a pilot study.,Liu Xin-Yu; Yuan Zhi-Lin; Yang Shang-Ying; Ren Jing; Li Yuan; Wang Li-Ru; He Yong-Lan; Xue Hua-Dan; Jin Zheng-Yu,Abdominal radiology (New York),2025,10.1007/s00261-025-05173-7,,No,No,
37637432,Inflammation-related proteins as biomarkers of treatment-related behavioral symptoms: A longitudinal study of breast cancer patients and age-matched controls.,Patel Sunita K; Breen Elizabeth C; Paz I Benjamin; Kruper Laura; Mortimer Joanne; Wong F Lennie; Bhatia Smita; Irwin Michael R; Behrendt Carolyn E,"Brain, behavior, & immunity - health",2023,10.1016/j.bbih.2023.100670,PMC10450410,Yes,Yes,PMID_37637432.pdf
40364136,Polygenic Risk Score Is Associated with Developing and Dying from Lung Cancer in the National Lung Screening Trial.,Young Robert P; Scott Raewyn J; Callender Tom; Duan Fenghai; Billings Paul; Aberle Denise R; Gamble Greg D,Journal of clinical medicine,2025,10.3390/jcm14093110,PMC12073000,Yes,Yes,PMID_40364136.pdf
33868241,T Cell Receptor Repertoires Acquired via Routine Pap Testing May Help Refine Cervical Cancer and Precancer Risk Estimates.,Christley Scott; Ostmeyer Jared; Quirk Lisa; Zhang Wei; Sirak Bradley; Giuliano Anna R; Zhang Song; Monson Nancy; Tiro Jasmin; Lucas Elena; Cowell Lindsay G,Frontiers in immunology,2021,10.3389/fimmu.2021.624230,PMC8050337,Yes,Yes,PMID_33868241.pdf
21239684,Increased plasma soluble uPAR level is a risk marker of respiratory cancer in initially cancer-free individuals.,Langkilde Anne; Hansen Tine W; Ladelund Steen; Linneberg Allan; Andersen Ove; Haugaard Steen B; Jeppesen Jørgen; Eugen-Olsen Jesper,"Cancer epidemiology, biomarkers & prevention : a publication of the American Association for Cancer Research, cosponsored by the American Society of Preventive Oncology",2011,10.1158/1055-9965.EPI-10-1009,,No,No,
40176971,Performance of PCA3 and TMPRSS2:ERG Within the Prostate Cancer Prevention Trial Risk Calculator Version 2 in a Lithuanian Cohort.,Kemesiene Jurate; Nicolau Carlos; Cholstauskas Gytis; Zviniene Kristina; Lopeta Mantvydas; Veneviciute Simona; Asmenaviciute Ieva; Tamosauskaite Kamile; Pikuniene Ingrida; Jievaltas Mindaugas,Research and reports in urology,2025,10.2147/RRU.S511523,PMC11963794,Yes,Yes,PMID_40176971.pdf
29248950,A single mitochondrial DNA deletion accurately detects significant prostate cancer in men in the PSA 'grey zone'.,Creed Jennifer; Klotz Laurence; Harbottle Andrew; Maggrah Andrea; Reguly Brian; George Anne; Gnanapragasm Vincent,World journal of urology,2018,10.1007/s00345-017-2152-z,PMC5846823,Yes,Yes,PMID_29248950.pdf
39439084,Circulating DNA in Rectal Cancer to Unravel the Prognostic Potential for Radiation Oncologist: A Meta-analysis.,Fiorica Francesco; Mandarà Marta; Giuliani Jacopo; Tebano Umberto; Franceschetto Antonella; Gabbani Milena; Rampello Elvira; Condarelli Giorgia; Napoli Giuseppe; Luca Nicoletta; Mangiola Daniela; Muraro Marco; Singh Navdeep; Remo Andrea; Giorgi Carlotta; Pinton Paolo,American journal of clinical oncology,2025,10.1097/COC.0000000000001148,,No,No,
26993317,"PET/MRI in pancreatic and periampullary cancer: correlating diffusion-weighted imaging, MR spectroscopy and glucose metabolic activity with clinical stage and prognosis.",Chen Bang-Bin; Tien Yu-Wen; Chang Ming-Chu; Cheng Mei-Fang; Chang Yu-Ting; Wu Chih-Horng; Chen Xin-Jia; Kuo Ting-Chun; Yang Shih-Hung; Shih I-Lun; Lai Hong-Shiee; Shih Tiffany Ting-Fang,European journal of nuclear medicine and molecular imaging,2016,10.1007/s00259-016-3356-y,,No,No,
24576172,Cell cycle progression score and treatment decisions in prostate cancer: results from an ongoing registry.,Crawford E David; Scholz Mark C; Kar Ashok J; Fegan Jeffrey E; Haregewoin Abebe; Kaldate Rajesh R; Brawer Michael K,Current medical research and opinion,2014,10.1185/03007995.2014.899208,,No,No,
32345666,Tumor microRNAs Identified by Small RNA Sequencing as Potential Response Predictors in Locally Advanced Rectal Cancer Patients Treated With Neoadjuvant Chemoradiotherapy.,Machackova Tana; Trachtova Karolina; Prochazka Vladimir; Grolich Tomas; Farkasova Martina; Fiala Lukas; Sefr Roman; Kiss Igor; Skrovina Matej; Dosoudil Michal; Berindan-Neagoe Ioana; Svoboda Marek; Slaby Ondrej; Kala Zdenek,Cancer genomics & proteomics,2020,10.21873/cgp.20185,PMC7259892,Yes,Yes,PMID_32345666.pdf
36494434,The usefulness of presepsin in the diagnosis of postoperative infectious complications after gastrectomy for gastric cancer: a prospective cohort study.,Imai Yoshiro; Tanaka Ryo; Honda Kotaro; Matsuo Kentaro; Taniguchi Kohei; Asakuma Mitsuhiro; Lee Sang-Woong,Scientific reports,2022,10.1038/s41598-022-24780-8,PMC9734175,Yes,Yes,PMID_36494434.pdf
34298074,Biomarker-based visceral adiposity score and incident type 2 diabetes in the multiethnic cohort.,Maskarinec Gertraud; Raquinio Phyllis Ash; Setiawan Veronica W; Ernst Thomas; Franke Adrian A; Buchthal Steven D; Shepherd John A; Wilkens Lynne R; Lim Unhee; Le Marchand Loïc,Annals of epidemiology,2021,10.1016/j.annepidem.2021.07.002,PMC8500936,Yes,Yes,PMID_34298074.pdf
28483970,Total and Free Circulating Vitamin D and Vitamin D-Binding Protein in Relation to Colorectal Cancer Risk in a Prospective Study of African Americans.,Andersen Shaneda Warren; Shu Xiao-Ou; Cai Qiuyin; Khankari Nikhil K; Steinwandel Mark D; Jurutka Peter W; Blot William J; Zheng Wei,"Cancer epidemiology, biomarkers & prevention : a publication of the American Association for Cancer Research, cosponsored by the American Society of Preventive Oncology",2017,10.1158/1055-9965.EPI-17-0133,PMC5540758,Yes,Yes,PMID_28483970.pdf
23059047,A whole-blood RNA transcript-based prognostic model in men with castration-resistant prostate cancer: a prospective study.,Ross Robert W; Galsky Matthew D; Scher Howard I; Magidson Jay; Wassmann Karl; Lee Gwo-Shu Mary; Katz Leah; Subudhi Sumit K; Anand Aseem; Fleisher Martin; Kantoff Philip W; Oh William K,The Lancet. Oncology,2012,10.1016/S1470-2045(12)70263-2,,No,No,
17372899,"Serum C-peptide, IGFBP-1 and IGFBP-2 and risk of colon and rectal cancers in the European Prospective Investigation into Cancer and Nutrition.",Jenab Mazda; Riboli Elio; Cleveland Rebecca J; Norat Teresa; Rinaldi Sabina; Nieters Alexandra; Biessy Carine; Tjønneland Ann; Olsen Anja; Overvad Kim; Grønbaek Henning; Clavel-Chapelon Françoise; Boutron-Ruault Marie-Christine; Linseisen Jakob; Boeing Heiner; Pischon Tobias; Trichopoulos Dimitrios; Oikonomou Eleni; Trichopoulou Antonia; Panico Salvatore; Vineis Paolo; Berrino Franco; Tumino Rosario; Masala Giovanna; Peters Petra H; van Gils Carla H; Bueno-de-Mesquita H Bas; Ocké Marga C; Lund Eiliv; Mendez Michelle A; Tormo María José; Barricarte Aurelio; Martínez-García Carmen; Dorronsoro Miren; Quirós José Ramón; Hallmans Göran; Palmqvist Richard; Berglund Göran; Manjer Jonas; Key Timothy; Allen Naomi E; Bingham Sheila; Khaw Kay-Tee; Cust Anne; Kaaks Rudolf,International journal of cancer,2007,10.1002/ijc.22697,,No,No,
17075120,Prospective study of urinary prostaglandin E2 metabolite and colorectal cancer risk.,Cai Qiuyin; Gao Yu-Tang; Chow Wong-Ho; Shu Xiao-Ou; Yang Gong; Ji Bu-Tian; Wen Wanqing; Rothman Nathaniel; Li Hong-Lan; Morrow Jason D; Zheng Wei,Journal of clinical oncology : official journal of the American Society of Clinical Oncology,2006,10.1200/JCO.2006.06.4931,,No,No,
36518314,Reduced tumor stiffness quantified by tomoelastography as a predicative marker for glypican-3-positive hepatocellular carcinoma.,Wang Yihuan; Guo Jing; Ma Di; Zhou Jiahao; Yang Yuchen; Chen Yongjun; Wang Huafeng; Sack Ingolf; Li Ruokun; Yan Fuhua,Frontiers in oncology,2022,10.3389/fonc.2022.962272,PMC9744252,Yes,Yes,PMID_36518314.pdf
34746216,Impact of Sarcopenia on Survival and Clinical Outcomes in Patients With Liver Cirrhosis.,Topan Mirabela-Madalina; Sporea Ioan; Dănilă Mirela; Popescu Alina; Ghiuchici Ana-Maria; Lupuşoru Raluca; Şirli Roxana,Frontiers in nutrition,2021,10.3389/fnut.2021.766451,PMC8566695,Yes,Yes,PMID_34746216.pdf
38751955,A preoperative magnetic resonance imaging can aid in staging and treatment choice for upper tract urothelial carcinoma.,Almås Bjarte; Reisæter Lars Anders Rokne; Markhus Carl Erik; Hjelle Karin Margrethe; Børretzen Astrid; Beisland Christian,BJUI compass,2024,10.1002/bco2.337,PMC11090765,Yes,Yes,PMID_38751955.pdf
27860387,An inflammatory biomarker-based nomogram to predict prognosis of patients with nasopharyngeal carcinoma: an analysis of a prospective study.,Li Xiao-Hui; Chang Hui; Xu Bing-Qing; Tao Ya-Lan; Gao Jin; Chen Chen; Qu Chen; Zhou Shu; Liu Song-Ran; Wang Xiao-Hui; Zhang Wen-Wen; Yang Xin; Zhou Si-Lang; Xia Yun-Fei,Cancer medicine,2017,10.1002/cam4.947,PMC5269708,Yes,Yes,PMID_27860387.pdf
31908527,Serum Dickopff 1 as a Novel Biomarker in Hepatocellular Carcinoma Diagnosis and Follow Up After Ablative Therapy.,Younis Yehia Sadek; Alegaily Hatem Samir; Elagawy Waleed; Semeya Atteyat Aboelmaged; Abo-Amer Yousry Esam-Eldin; El-Abgeegy Mohamed; Mostafa Sahar Mohamed; Elsergany Heba Fadl; Abd-Elsalam Sherief,Cancer management and research,2019,10.2147/CMAR.S218532,PMC6925553,Yes,Yes,PMID_31908527.pdf
33456985,Genomic characteristics in neoadjuvant chemoradiotherapy for locally advanced esophageal squamous cell carcinoma.,He Wenwu; Leng Xuefeng; Wang Kangning; Mao Tiaoqin; Peng Lin; Fang Qiang; Xiao Wenguang; Han Yongtao,Journal of gastrointestinal oncology,2020,10.21037/jgo-20-504,PMC7807286,Yes,Yes,PMID_33456985.pdf
25057171,Detection of circulating tumor cells for prediction of recurrence after adjuvant chemoradiation in locally advanced squamous cell carcinoma of the head and neck.,Tinhofer I; Konschak R; Stromberger C; Raguse J-D; Dreyer J H; Jöhrens K; Keilholz U; Budach V,Annals of oncology : official journal of the European Society for Medical Oncology,2014,10.1093/annonc/mdu271,,No,No,
36272100,Effect Modification of Selenium Supplementation by Intake and Serum Concentrations of Antioxidants on the Development of Metachronous Colorectal Adenoma.,Jacobs Elizabeth T; Martinez Jessica; Batai Ken; Lance Peter; Trejo Mario; Saboda Kathylynn; Cordova Catherine; Chew Wade; Habila Magdiel; Chow H-H Sherry,Nutrition and cancer,2023,10.1080/01635581.2022.2135745,PMC9974806,Yes,Yes,PMID_36272100.pdf
35755001,Tumour mutational burden: primary versus metastatic tissue creates systematic bias.,Schnidrig Desiree; Turajlic Samra; Litchfield Kevin,Immuno-oncology technology,2019,10.1016/j.iotech.2019.11.003,PMC9216665,Yes,Yes,PMID_35755001.pdf
31595044,Lutetium-177 prostate-specific membrane antigen (PSMA) theranostics: practical nuances and intricacies.,Iravani Amir; Violet John; Azad Arun; Hofman Michael S,Prostate cancer and prostatic diseases,2020,10.1038/s41391-019-0174-x,,No,No,
24783076,Correlation of cytohistlogical expression and serum level of ca125 in ovarian neoplasm.,Das Chhanda; Mukhopadhyay Madhumita; Ghosh Tarun; Saha Ashis Kumar; Sengupta Moumita,Journal of clinical and diagnostic research : JCDR,2014,10.7860/JCDR/2014/6689.4101,PMC4003681,Yes,Yes,PMID_24783076.pdf
38734654,Highly immunosuppressive myeloid cells correlate with early relapse after allogeneic stem cell transplantation.,Notarantonio Anne-Béatrice; Bertrand Allan; Piucco Romain; Fievet Ghislain; Sartelet Hervé; Boulangé Laura; de Isla Natalia; De Carvalho Bittencourt Marcelo; Hergalant Sébastien; Rubio Marie-Thérèse; D'Aveni Maud,Experimental hematology & oncology,2024,10.1186/s40164-024-00516-4,PMC11088072,Yes,Yes,PMID_38734654.pdf
39560206,A Combinatorial Functional Precision Medicine Platform for Rapid Therapeutic Response Prediction in AML.,Sahib Noor Rashidha Binte Meera; Mohamed Jameelah Sheik; Rashid Masturah Bte Mohd Abdul; Jayalakshmi; Lin Yihao Clement; Chee Yen Lin; Fan Bingwen Eugene; De Mel Sanjay; Ooi Melissa Gaik Ming; Jen Wei-Ying; Chow Edward Kai-Hua,Cancer medicine,2024,10.1002/cam4.70401,PMC11574777,Yes,Yes,PMID_39560206.pdf
20432728,Liquid-based cytology--new possibilities in the diagnosis of cervical lesions.,Juric Danijela; Mahovlić Vesna; Rajhvajn Sanda; Ovanin-Rakić Ana; Skopljanac-Macina Lada; Barisić Ana; Projić Ivana Samija; Babić Damir; Susa Martina; Corusić Ante; Oresković Slavko,Collegium antropologicum,2010,,,No,No,
36358821,Cancer Cachexia among Patients with Advanced Non-Small-Cell Lung Cancer on Immunotherapy: An Observational Study with Exploratory Gut Microbiota Analysis.,Hakozaki Taiki; Nolin-Lapalme Alexis; Kogawa Masato; Okuma Yusuke; Nakamura Shohei; Moreau-Amaru Danielle; Tamura Taichi; Hosomi Yukio; Takeyama Haruko; Richard Corentin; Hosokawa Masahito; Routy Bertrand,Cancers,2022,10.3390/cancers14215405,PMC9658074,Yes,Yes,PMID_36358821.pdf
41264030,Investigating biochemical markers of Acupuncture's effectiveness in managing climacteric syndrome in breast cancer patients: the FLAIR study.,Gianni Caterina; Scarpi Emanuela; Bravaccini Sara; Pirini Francesca; Vanni Silvia; Dall'Agata Monia; Cortesi Michela; Fanini Francesca; Cavalieri Sara; Mercatali Laura; Ulivi Paola; Poini Alessandra; Giovanardi Carlo Maria; Rocca Andrea; Fedeli Anna,Supportive care in cancer : official journal of the Multinational Association of Supportive Care in Cancer,2025,10.1007/s00520-025-10181-w,,No,No,
26449821,Serum biomarkers evaluation to predict chemotherapy-induced cardiotoxicity in breast cancer patients.,De Iuliis Francesca; Salerno Gerardo; Taglieri Ludovica; De Biase Luciano; Lanza Rosina; Cardelli Patrizia; Scarpa Susanna,Tumour biology : the journal of the International Society for Oncodevelopmental Biology and Medicine,2016,10.1007/s13277-015-4183-7,,No,No,
29315679,Prostatectomy-based validation of combined urine and plasma test for predicting high grade prostate cancer.,Albitar Maher; Ma Wanlong; Lund Lars; Shahbaba Babak; Uchio Edward; Feddersen Søren; Moylan Donald; Wojno Kirk; Shore Neal,The Prostate,2018,10.1002/pros.23473,,No,No,
38246887,Comparison of the specimen quality of endobronchial ultrasound-guided intranodal forceps biopsy using standard-sized forceps versus mini forceps for lung cancer: A prospective study.,Nakai Toshiyuki; Matsumoto Yuji; Ueda Takahiro; Kuwae Yuko; Tanaka Sayaka; Miyamoto Atsushi; Matsumoto Yoshiya; Sawa Kenji; Sato Kanako; Yamada Kazuhiro; Watanabe Tetsuya; Asai Kazuhisa; Furuse Hideaki; Uchimura Keigo; Imabayashi Tatsuya; Uenishi Riki; Fukui Mitsuru; Tanaka Hidenori; Ohsawa Masahiko; Kawaguchi Tomoya; Tsuchida Takaaki,"Respirology (Carlton, Vic.)",2024,10.1111/resp.14659,,No,No,
19127259,Phase II study and biomarker analysis of cetuximab combined with modified FOLFOX6 in advanced gastric cancer.,Han S-W; Oh D-Y; Im S-A; Park S R; Lee K-W; Song H S; Lee N-S; Lee K H; Choi I S; Lee M H; Kim M A; Kim W H; Bang Y-J; Kim T-Y,British journal of cancer,2009,10.1038/sj.bjc.6604861,PMC2634707,Yes,Yes,PMID_19127259.pdf
27010960,KRAS G12D Mutation Subtype Is A Prognostic Factor for Advanced Pancreatic Adenocarcinoma.,Bournet Barbara; Muscari Fabrice; Buscail Camille; Assenat Eric; Barthet Marc; Hammel Pascal; Selves Janick; Guimbaud Rosine; Cordelier Pierre; Buscail Louis,Clinical and translational gastroenterology,2016,10.1038/ctg.2016.18,PMC4822095,Yes,Yes,PMID_27010960.pdf
37326506,Prospective study: expression levels of microRNA-7-3p and its target STAT3 in head and neck cancer.,Anees Fharreeha F; Preethi K Auxzilia; Selvakumar Sushmaa C; Murthykumar Karthikeyan; Ganapathy Dhanraj; Sekar Durairaj,Minerva dental and oral science,2023,10.23736/S2724-6329.23.04824-6,,No,No,
37417561,A prospective study of the prostate health index density and multiparametric magnetic resonance imaging in diagnosing clinically significant prostate cancer.,Chen Yuanchong; Xu Dong; Ruan Mingjian; Li Haixia; Lin Guiting; Song Gang,Investigative and clinical urology,2023,10.4111/icu.20230060,PMC10330413,Yes,Yes,PMID_37417561.pdf
37714718,PET/MRI in Endometrial Cancer: Imaging Biomarkers are Associated with Disease Progression and Overall Survival.,Shih I-Lun; Yen Ruoh-Fang; Chen Chi-An; Cheng Wen-Fang; Chen Bang-Bin; Zheng Quan-Yin; Cheng Mei-Fang; Chen Jenny Ling-Yu; Shih Tiffany Ting-Fang,Academic radiology,2024,10.1016/j.acra.2023.08.012,,No,No,
37101524,Early Changes of Serum Interleukin 14α Levels Predicts the Response to Anti-PD-1 Therapy in Cancer.,Wang Buhai; Chen Caiyue; Jiang Shiyu; Huang Yuxiang; Zeng Yichun; Li Lei; Wang Maoqi; Guo Jingliang; Li Qiuxian; Cao Jin; Shen Long; Gu Juan J; Liang Yichen,Clinical Medicine Insights. Oncology,2023,10.1177/11795549231163369,PMC10123909,Yes,Yes,PMID_37101524.pdf
34047516,Stem-like tumor cells and proinflammatory cytokines in the ascitic fluid of ovarian cancer patients.,Gening S O; Abakumova T V; Antoneeva I I; Rizvanov A A; Gening T P; Gafurbaeva D U,Klinicheskaia laboratornaia diagnostika,2021,10.51620/0869-2084-2021-66-5-297-303,,No,No,
25722745,The Sweden Cancerome Analysis Network - Breast (SCAN-B) Initiative: a large-scale multicenter infrastructure towards implementation of breast cancer genomic analyses in the clinical routine.,Saal Lao H; Vallon-Christersson Johan; Häkkinen Jari; Hegardt Cecilia; Grabau Dorthe; Winter Christof; Brueffer Christian; Tang Man-Hung Eric; Reuterswärd Christel; Schulz Ralph; Karlsson Anna; Ehinger Anna; Malina Janne; Manjer Jonas; Malmberg Martin; Larsson Christer; Rydén Lisa; Loman Niklas; Borg Åke,Genome medicine,2015,10.1186/s13073-015-0131-9,PMC4341872,Yes,Yes,PMID_25722745.pdf
7906254,Detection of increased amounts of the extracellular domain of the c-erbB-2 oncoprotein in serum during pulmonary carcinogenesis in humans.,Brandt-Rauf P W; Luo J C; Carney W P; Smith S; De Vivo I; Milling C; Hemminki K; Koskinen H; Vainio H; Neugut A I,International journal of cancer,1994,10.1002/ijc.2910560316,,No,No,
35461390,"Diagnostic and prognostic role of TFF3, Romo-1, NF-кB and SFRP4 as biomarkers for endometrial and ovarian cancers: a prospective observational translational study.",Turan Hasan; Vitale Salvatore Giovanni; Kahramanoglu Ilker; Della Corte Luigi; Giampaolino Pierluigi; Azemi Asli; Durmus Sinem; Sal Veysel; Tokgozoglu Nedim; Bese Tugan; Arvas Macit; Demirkiran Fuat; Gelisgen Remise; Ilvan Sennur; Uzun Hafize,Archives of gynecology and obstetrics,2022,10.1007/s00404-022-06563-8,PMC9633503,Yes,Yes,PMID_35461390.pdf
28345838,ERCC1 Expression in Metastatic Triple Negative Breast Cancer Patients Treated with Platinum-Based Chemotherapy.,EL Baiomy Mohamed Ali; El Kashef Wagdi F,Asian Pacific journal of cancer prevention : APJCP,2017,10.22034/APJCP.2017.18.2.507,PMC5454751,Yes,Yes,PMID_28345838.pdf
37270368,Deep Learning Model Based on Dual-Modal Ultrasound and Molecular Data for Predicting Response to Neoadjuvant Chemotherapy in Breast Cancer.,Huang Jia-Xin; Shi Jun; Ding Sai-Sai; Zhang Hui-Li; Wang Xue-Yan; Lin Shi-Yang; Xu Yan-Fen; Wei Ming-Jie; Liu Long-Zhong; Pei Xiao-Qing,Academic radiology,2023,10.1016/j.acra.2023.03.036,,No,No,
36897102,Expression of micro-ribonucleic acids in thyroid nodules and serum to discriminate between follicular adenoma and cancer in patients with a fine needle aspiration biopsy classified as suspicious for follicular neoplasm: A preliminary study.,Świrta Jarosław Szymon; Wątor Gracjan; Seweryn Michał; Kapusta Przemysław; Barczyński Marcin; Wołkow Paweł,Advances in clinical and experimental medicine : official organ Wroclaw Medical University,2023,10.17219/acem/160003,,No,Yes,PMID_36897102.pdf
24105727,p16INK4A immunohistochemical staining and predictive value for progression of cervical intraepithelial neoplasia grade 1: a prospective study in China.,Liao Guang-Dong; Sellors John W; Sun Hai-Kui; Zhang Xun; Bao Yan-Ping; Jeronimo Jose; Chen Wen; Zhao Fang-Hui; Song Yan; Cao Zhi; Zhang Shao-Kai; Xi Ming-Rong; Qiao You-Lin,International journal of cancer,2014,10.1002/ijc.28485,,No,No,
15619204,Prospective evaluation of AMACR (P504S) and basal cell markers in the assessment of routine prostate needle biopsy specimens.,Browne Tara-Jane; Hirsch Michelle S; Brodsky Gilbert; Welch William R; Loda Massimo F; Rubin Mark A,Human pathology,2004,10.1016/j.humpath.2004.09.009,,No,No,
32269293,A comparative study of extracellular vesicle-associated and cell-free DNA and RNA for HPV detection in oropharyngeal squamous cell carcinoma.,Nguyen Bella; Meehan Katie; Pereira Michelle R; Mirzai Bob; Lim Si Hong; Leslie Connull; Clark Michael; Sader Chady; Friedland Peter; Lindsay Andrew; Tang Colin; Millward Michael; Gray Elin S; Lim Annette M,Scientific reports,2020,10.1038/s41598-020-63180-8,PMC7142128,Yes,Yes,PMID_32269293.pdf
40144469,Plasma Adiponectin Levels in Relation to Chronic Hepatitis B Infection Progression to Liver Cancer Milestones: A Prospective Study.,Chen Chi-Ling; Yang Wei-Shiung; Yang Hwai-I; Chen Chuen-Fei; Wang Li-Yu; Lu Sheng-Nan; Kao Jia-Horng; Chen Pei-Jer; Chen Chien-Jen,Liver cancer,2025,10.1159/000539909,PMC11936446,Yes,Yes,PMID_40144469.pdf
23674344,A prospective analysis of telomere length and pancreatic cancer in the alpha-tocopherol beta-carotene cancer (ATBC) prevention study.,Lynch Shannon M; Major Jacqueline M; Cawthon Richard; Weinstein Stephanie J; Virtamo Jarmo; Lan Qing; Rothman Nathaniel; Albanes Demetrius; Stolzenberg-Solomon Rachael Z,International journal of cancer,2013,10.1002/ijc.28272,PMC5646275,Yes,Yes,PMID_23674344.pdf
34763965,Radiomics for Predicting Lung Cancer Outcomes Following Radiotherapy: A Systematic Review.,Walls G M; Osman S O S; Brown K H; Butterworth K T; Hanna G G; Hounsell A R; McGarry C K; Leijenaar R T H; Lambin P; Cole A J; Jain S,Clinical oncology (Royal College of Radiologists (Great Britain)),2022,10.1016/j.clon.2021.10.006,,No,No,
28396176,"The Single-parameter, Structure-based IsoPSA Assay Demonstrates Improved Diagnostic Accuracy for Detection of Any Prostate Cancer and High-grade Prostate Cancer Compared to a Concentration-based Assay of Total Prostate-specific Antigen: A Preliminary Report.",Klein Eric A; Chait Arnon; Hafron Jason M; Kernen Kenneth M; Manickam Kannan; Stephenson Andrew J; Wagner Mathew; Zhu Hui; Kestranek Aimee; Zaslavsky Boris; Stovsky Mark,European urology,2017,10.1016/j.eururo.2017.03.025,,No,No,
18787214,Plasma DNA quantification in lung cancer computed tomography screening: five-year results of a prospective study.,Sozzi Gabriella; Roz Luca; Conte Davide; Mariani Luigi; Andriani Francesca; Lo Vullo Salvatore; Verri Carla; Pastorino Ugo,American journal of respiratory and critical care medicine,2009,10.1164/rccm.200807-1068OC,,No,No,
28109962,Endothelial Permeability and Hemostasis in Septic Shock: Results From the ProCESS Trial.,Hou Peter C; Filbin Michael R; Wang Henry; Ngo Long; Huang David T; Aird William C; Yealy Donald M; Angus Derek C; Kellum John A; Shapiro Nathan I; ProCESS Investigators(∗),Chest,2017,10.1016/j.chest.2017.01.010,PMC5577354,Yes,Yes,PMID_28109962.pdf
28634318,Evaluation and validation of the diagnostic value of the apparent diffusion coefficient for differentiating early-stage endometrial carcinomas from benign mimickers at 3T MRI.,Wang Xue; Zhao Yu; Hu Yumin; Zhou Yongjin; Ye Xinjian; Liu Kun; Bai Guanghui; Guo Anna; Du Meimei; Jiang Lezhen; Wang Jinhong; Yan Zhihan,Oncotarget,2017,10.18632/oncotarget.18553,PMC5542275,Yes,Yes,PMID_28634318.pdf
19272801,"Quantitative methylation analysis of BCL2, hTERT, and DAPK promoters in urine sediment for the detection of non-muscle-invasive urothelial carcinoma of the bladder: a prospective, two-center validation study.",Vinci Serena; Giannarini Gianluca; Selli Cesare; Kuncova Jitka; Villari Donata; Valent Francesca; Orlando Claudio,Urologic oncology,2011,10.1016/j.urolonc.2009.01.003,,No,No,
34414109,Circulating Tumor DNA to Interrogate the Safety of Letrozole-Associated Controlled Ovarian Stimulation for Fertility Preservation in Breast Cancer Patients.,Rothé Françoise; Lambertini Matteo; Goldrat Oranite; Maetens Marion; Bareche Yacine; Blanc Jeremy; Rouas Ghizlane; Larsimont Denis; Sotiriou Christos; Ignatiadis Michail; Demeestere Isabelle,Frontiers in oncology,2021,10.3389/fonc.2021.686625,PMC8370091,Yes,Yes,PMID_34414109.pdf
32928264,Plasma thymidine kinase 1 activity and outcome of ER+ HER2- metastatic breast cancer patients treated with palbociclib and endocrine therapy.,Cabel Luc; Rosenblum Dan; Lerebours Florence; Brain Etienne; Loirat Delphine; Bergqvist Mattias; Cottu Paul; Donnadieu Anne; Bethune Anne; Kiavue Nicolas; Rodrigues Manuel; Pierga Jean-Yves; Tanguy Marie-Laure; Bidard François-Clément,Breast cancer research : BCR,2020,10.1186/s13058-020-01334-2,PMC7489000,Yes,Yes,PMID_32928264.pdf
35840076,Cell-free Deoxyribonucleic Acid: A Potential Biomarker of Chronic Periprosthetic Knee Joint Infection.,Cobra Hugo A de A B; Mozella Alan P; da Palma Idemar M; Salim Rodrigo; Leal Ana C,The Journal of arthroplasty,2022,10.1016/j.arth.2022.07.002,,No,No,
29352043,Prognostic Implications of Multiplex Detection of KRAS Mutations in Cell-Free DNA from Patients with Pancreatic Ductal Adenocarcinoma.,Kim Min Kyeong; Woo Sang Myung; Park Boram; Yoon Kyong-Ah; Kim Yun-Hee; Joo Jungnam; Lee Woo Jin; Han Sung-Sik; Park Sang-Jae; Kong Sun-Young,Clinical chemistry,2018,10.1373/clinchem.2017.283721,,No,No,
14650626,Toenail selenium as biomarker: reproducibility over a one-year period and factors influencing reproducibility.,Krogh Vittorio; Pala Valeria; Vinceti Marco; Berrino Franco; Ganzi Angela; Micheli Andrea; Muti Paola; Vescovi Luciano; Ferrari Angela; Fortini Katia; Sieri Sabina; Vivoli Gianfranco,Journal of trace elements in medicine and biology : organ of the Society for Minerals and Trace Elements (GMS),2003,,,No,No,
36852672,The inflammatory burden index is a superior systemic inflammation biomarker for the prognosis of non-small cell lung cancer.,Xie Hailun; Ruan Guotian; Wei Lishuang; Deng Li; Zhang Qi; Ge Yizhong; Song Mengmeng; Zhang Xi; Lin Shiqi; Liu Xiaoyue; Yang Ming; Song Chunhua; Zhang Xiaowei; Shi Hanping,"Journal of cachexia, sarcopenia and muscle",2023,10.1002/jcsm.13199,PMC10067487,Yes,Yes,PMID_36852672.pdf
30405211,Cytidine deaminase enzymatic activity is a prognostic biomarker in gemcitabine/platinum-treated advanced non-small-cell lung cancer: a prospective validation study.,Tibaldi Carmelo; Camerini Andrea; Tiseo Marcello; Mazzoni Francesca; Barbieri Fausto; Vittimberga Isabella; Brighenti Matteo; Boni Luca; Baldini Editta; Gilli Annalisa; Honeywell Richard; Chartoire Myriam; Peters Godefridus J; Giovannetti Elisa; Italian Oncological Group of Clinical Research (GOIRC),British journal of cancer,2018,10.1038/s41416-018-0307-3,PMC6265283,Yes,Yes,PMID_30405211.pdf
39847896,A prospective study of methylated ctDNA in patients undergoing treatment for liver metastases from colorectal cancer.,Raunkilde Louise; Andersen Rikke Fredslund; Thomsen Caroline Brenner; Hansen Torben Frøstrup; Jensen Lars Henrik,European journal of surgical oncology : the journal of the European Society of Surgical Oncology and the British Association of Surgical Oncology,2025,10.1016/j.ejso.2025.109586,,No,No,
39542826,"Biopsy-based Basal-luminal Subtyping Classifier in High-risk Prostate Cancer: A Combined Analysis of the NRG Oncology/RTOG 9202, 9413, and 9902 Phase 3 Trials.",Patel Krishnan R; Nguyen Paul L; Proudfoot James A; Liu Yang; Pra Alan Dal; Spratt Daniel E; Pollack Alan; Sandler Howard M; Efstathiou Jason A; Lawton Colleen; Simko Jeffry P; Rosenthal Seth A; Zeitzer Kenneth L; Mendez Lucas C; Hartford Alan C; Hall William A; Desai Anand B; Pugh Stephanie L; Davicioni Elai; Tran Phuoc T; Feng Felix Y,European urology oncology,2024,10.1016/j.euo.2024.10.017,PMC12069648,Yes,No,
34035068,"OCaMIR-A Noninvasive, Diagnostic Signature for Early-Stage Ovarian Cancer: A Multi-cohort Retrospective and Prospective Study.",Kandimalla Raju; Wang Wei; Yu Fan; Zhou Nianxin; Gao Feng; Spillman Monique; Moukova Lucie; Slaby Ondrej; Salhia Bodour; Zhou Shengtao; Wang Xin; Goel Ajay,Clinical cancer research : an official journal of the American Association for Cancer Research,2021,10.1158/1078-0432.CCR-21-0267,PMC10327469,Yes,Yes,PMID_34035068.pdf
25750278,Prognostic impact of blood biomarkers TS and DPD in neoadjuvant-treated esophageal cancer patients.,Grimminger Peter P; Maus Martin K H; Bergenthal Juliane; Wandhöfer Christoph; Fetzner Ullrich K; Herbold Till; Bollschweiler Elfriede; Hölscher Arnulf H; Brabender Jan,Anticancer research,2015,,,No,No,
39493594,Multicenter Prospective Study in HER2-Positive Early Breast Cancer for Detecting Minimal Residual Disease by Circulating Tumor DNA Analysis With Neoadjuvant Chemotherapy: HARMONY Study.,Tokura Momoko; Ando Mark Malalay; Kojima Yuki; Kitadai Rui; Yazaki Shu; Atutubo Cyrielle Marie N; Li Rubi K; Perez Minda Z; Gorospe Agnes E; Madrid Manuelito A; Ordinario Mel Valerie C; Imasa Marcelo Severino B; Sudo Kazuki; Shimoi Tatsunori; Suto Akihiko; Kohsaka Shinji; Machida Ryunosuke; Sadachi Ryo; Yoshida Masayuki; Yatabe Yasushi; Hata Tomomi; Nakamura Kenichi; Yonemori Kan; Shiino Sho,Breast cancer : basic and clinical research,2024,10.1177/11782234241288671,PMC11528640,Yes,Yes,PMID_39493594.pdf
22044660,"Association between 8-oxo-7,8-dihydroguanine excretion and risk of lung cancer in a prospective study.",Loft Steffen; Svoboda Peter; Kawai Kazuaki; Kasai Hiroshi; Sørensen Mette; Tjønneland Anne; Vogel Ulla; Møller Peter; Overvad Kim; Raaschou-Nielsen Ole,Free radical biology & medicine,2012,10.1016/j.freeradbiomed.2011.10.439,,No,No,
39064483,The Value of Preoperative C-Reactive Protein to Albumin Ratio as a Prognostic Biomarker in Colon Cancer Patients.,Fagarasan Giorgiana; Seicean Radu; Bintintan Vasile; Fagarasan Vlad; Caziuc Alexandra; Andras David; Chira Lucian; Dindelegan George,"Medicina (Kaunas, Lithuania)",2024,10.3390/medicina60071054,PMC11278571,Yes,Yes,PMID_39064483.pdf
36844744,Utility of atherosclerosis-associated serum antibodies against colony-stimulating factor 2 in predicting the onset of acute ischemic stroke and prognosis of colorectal cancer.,Li Shu-Yang; Yoshida Yoichi; Kubota Masaaki; Zhang Bo-Shi; Matsutani Tomoo; Ito Masaaki; Yajima Satoshi; Yoshida Kimihiko; Mine Seiichiro; Machida Toshio; Hayashi Aiko; Takemoto Minoru; Yokote Koutaro; Ohno Mikiko; Nishi Eiichiro; Kitamura Kenichiro; Kamitsukasa Ikuo; Takizawa Hirotaka; Sata Mizuki; Yamagishi Kazumasa; Iso Hiroyasu; Sawada Norie; Tsugane Shoichiro; Iwase Katsuro; Shimada Hideaki; Iwadate Yasuo; Hiwasa Takaki,Frontiers in cardiovascular medicine,2023,10.3389/fcvm.2023.1042272,PMC9954151,Yes,Yes,PMID_36844744.pdf
40001885,Early Detection of the Pathogenetic Variants of Homologous Recombination Repair Genes in Prostate Cancer: Critical Analysis and Experimental Design.,Bottillo Irene; Sciarra Alessandro; Bevilacqua Giulio; Gentilucci Alessandro; Sciarra Beatrice; Santarelli Valerio; Salciccia Stefano; Bacigalupo Francesca; Pastacaldi Francesco; Ciccone Maria Pia; De Marchis Laura; Santini Daniele; Magliocca Fabio Massimo; Merenda Elisabetta; Forte Flavio; Grammatico Paola,Biology,2025,10.3390/biology14020117,PMC11851859,Yes,No,
14735463,"DNA bulky adducts in a Mediterranean population correlate with environmental ozone concentration, an indicator of photochemical smog.",Palli Domenico; Saieva Calogero; Grechi Daniele; Masala Giovanna; Zanna Ines; Barbaro Antongiulio; Decarli Adriano; Munnia Armelle; Peluso Marco,International journal of cancer,2004,10.1002/ijc.11687,,No,No,
41145657,Optimizing tissue sampling during medical pleuroscopy for diagnosis of malignant pleural effusion due to lung cancer.,Lojo-Rodríguez Irene; Botana-Rial Maribel; González-Piñeiro Ana; Cases-Viedma Enrique; González-Montaos Almudena; Ramos-Hernández Cristina; Nuñez-Delgado Manuel; Fernández-Villar Alberto,Scientific reports,2025,10.1038/s41598-025-21170-8,PMC12559394,Yes,Yes,PMID_41145657.pdf
35981245,Detecting Colorectal Adenomas and Cancer Using Volatile Organic Compounds in Exhaled Breath: A Proof-of-Principle Study to Improve Screening.,Cheng Hao Ran; van Vorstenbosch Robert W R; Pachen Daniëlle M; Meulen Lonne W T; Straathof Jan Willem A; Dallinga Jan W; Jonkers Daisy M A E; Masclee Ad A M; Schooten Frederik-Jan van; Mujagic Zlatan; Smolinska Agnieszka,Clinical and translational gastroenterology,2022,10.14309/ctg.0000000000000518,PMC10476860,Yes,Yes,PMID_35981245.pdf
27062572,IL17 producing γδT cells induce angiogenesis and are associated with poor survival in gallbladder cancer patients.,Patil Rushikesh Sudam; Shah Sagar Umesh; Shrikhande Shailesh Vinayak; Goel Mahesh; Dikshit Rajesh Prabhakar; Chiplunkar Shubhada Vivek,International journal of cancer,2016,10.1002/ijc.30134,,No,No,
25607767,Circulating Tumor Cells as a Biomarker for Preoperative Prognostic Staging in Patients With Esophageal Cancer.,Reeh Matthias; Effenberger Katharina E; Koenig Alexandra M; Riethdorf Sabine; Eichstädt Dominique; Vettorazzi Eik; Uzunoglu Faik G; Vashist Yogesh K; Izbicki Jakob R; Pantel Klaus; Bockhorn Maximilian,Annals of surgery,2015,10.1097/SLA.0000000000001130,,No,No,
2985257,Establishment and identification of small cell lung cancer cell lines having classic and variant features.,Carney D N; Gazdar A F; Bepler G; Guccion J G; Marangos P J; Moody T W; Zweig M H; Minna J D,Cancer research,1985,,,No,No,
41278298,Optimized prediction of breast cancer tumor microenvironment using MRI-based intratumoral and peritumoral radiomics: a prospective study.,Kim Eun Sil; Ham Sungwon; Seo Bo Kyoung; Lee Ji Young; Sun Woong; Jeon Minkyu; Joo Minseok; Park Seonghoon; Wang Shuncong; Lee Boram; Lee Hye Yoon; Bae Min Sun; Cho Kyu Ran; Woo Ok Hee; Song Sung Eun; Kim Soo-Yeon,Frontiers in oncology,2025,10.3389/fonc.2025.1654508,PMC12631440,Yes,Yes,PMID_41278298.pdf
40751845,The effect of supervised aerobic exercise on adipokine and myokine biomarkers in patients with cancer during systemic chemotherapy: a single-blinded prospective controlled trial.,Tuğral Alper; Arıbaş Zeynep; Kaya Uçar Gözde; Arslan Fatma Demet; Bakar Yeşim; Karakoyun Inanç; Akyol Murat,Supportive care in cancer : official journal of the Multinational Association of Supportive Care in Cancer,2025,10.1007/s00520-025-09788-w,,No,No,
34944975,Impact of Sarcopenia and Inflammation on Patients with Advanced Non-Small Cell Lung Cancer (NCSCL) Treated with Immune Checkpoint Inhibitors (ICIs): A Prospective Study.,Tenuta Marta; Gelibter Alain; Pandozzi Carla; Sirgiovanni Grazia; Campolo Federica; Venneri Mary Anna; Caponnetto Salvatore; Cortesi Enrico; Marchetti Paolo; Isidori Andrea M; Sbardella Emilia,Cancers,2021,10.3390/cancers13246355,PMC8699333,Yes,Yes,PMID_34944975.pdf
30132835,Circulating inflammatory markers and colorectal cancer risk: A prospective case-cohort study in Japan.,Song Minkyo; Sasazuki Shizuka; Camargo M Constanza; Shimazu Taichi; Charvat Hadrien; Yamaji Taiki; Sawada Norie; Kemp Troy J; Pfeiffer Ruth M; Hildesheim Allan; Pinto Ligia A; Rabkin Charles S; Tsugane Shoichiro,International journal of cancer,2018,10.1002/ijc.31821,PMC6235711,Yes,Yes,PMID_30132835.pdf
27082613,Intratumoral Agreement of High-Resolution Magic Angle Spinning Magnetic Resonance Spectroscopic Profiles in the Metabolic Characterization of Breast Cancer.,Park Vivian Youngjean; Yoon Dahye; Koo Ja Seung; Kim Eun-Kyung; Kim Seung Il; Choi Ji Soo; Park Seho; Park Hyung Seok; Kim Suhkmann; Kim Min Jung,Medicine,2016,10.1097/MD.0000000000003398,PMC4839857,Yes,Yes,PMID_27082613.pdf
31431673,A panel of DNA methylated markers predicts metastasis of pN0M0 gastric carcinoma: a prospective cohort study.,Liu Zhaojun; Cheng Xiaojing; Zhang Lianhai; Zhou Jing; Deng Dajun; Ji Jiafu,British journal of cancer,2019,10.1038/s41416-019-0552-0,PMC6889426,Yes,Yes,PMID_31431673.pdf
27709352,A prospective study to assess the clinical utility of serum HER2 extracellular domain in breast cancer with HER2 overexpression.,Reix Nathalie; Malina Charlotte; Chenard Marie-Pierre; Bellocq Jean-Pierre; Delpous Stéphanie; Molière Sébastien; Sevrin Anthony; Neuberger Karl; Tomasetto Catherine; Mathelin Carole,Breast cancer research and treatment,2016,10.1007/s10549-016-4000-z,PMC5065601,Yes,Yes,PMID_27709352.pdf
40806072,Relationship Between Body Composition and Biomarkers in Adult Females with Breast Cancer: 1-Year Follow-Up Prospective Study.,Larrad-Sáinz Angélica; Hernández Núñez María Gemma; Barabash Bustelo Ana; Gil Prados Inés; Valerio Johanna; Espadas Gil José Luis; Olivares Crespo María Eugenia; Herrera de la Muela María; Bernaldo Madrid Blanca; Serrano García Irene; Cristóbal García Ignacio; Rubio-Herrera Miguel Ángel; Calle-Pascual Alfonso Luis; Brenes Sánchez Juana María; Matía-Martín Pilar,Nutrients,2025,10.3390/nu17152487,PMC12348593,Yes,Yes,PMID_40806072.pdf
31756062,Association of XPD Asp312Asn polymorphism and response to oxaliplatin-based first-line chemotherapy and survival in patients with metastatic colorectal cancer.,Liu Zhuo; Kong Jiangyin; Kong Yuanyuan; Cai Feng; Xu Xiaocheng; Liu Jun; Wang Shihua,Advances in clinical and experimental medicine : official organ Wroclaw Medical University,2019,10.17219/acem/108552,,No,No,
28678030,Is macrocytosis a potential biomarker of the efficacy of dose-dense paclitaxel-carboplatin combination therapy in patients with epithelial ovarian cancer?,Boraska Jelavić Tihana; Boban Toni; Brčić Luka; Vrdoljak Eduard,Anti-cancer drugs,2017,10.1097/CAD.0000000000000538,,No,No,
25683515,Quantitative pharmacokinetic analysis of prostate cancer DCE-MRI at 3T: comparison of two arterial input functions on cancer detection with digitized whole mount histopathological validation.,Fennessy Fiona M; Fedorov Andriy; Penzkofer Tobias; Kim Kyung Won; Hirsch Michelle S; Vangel Mark G; Masry Paul; Flood Trevor A; Chang Ming-Ching; Tempany Clare M; Mulkern Robert V; Gupta Sandeep N,Magnetic resonance imaging,2015,10.1016/j.mri.2015.02.008,PMC4465997,Yes,Yes,PMID_25683515.pdf
33415909,Does Chronic Low-grade Systemic Inflammation Change Tumor Markers Levels in Patients on Hemodialysis?,Pereira Silva Gilmar; Xavier Grangeiro Vítor Pereira; Dantas de Oliveira Carmelita Félix,Folia medica,2020,10.3897/folmed.62.e51457,,No,Yes,PMID_33415909.pdf
33323333,HSP70 as a Diagnostic and Prognostic Marker in Egyptian Women With Breast Cancer.,Fahim Hagar H; Mohamed Ghada; Safwat Gehan; Abo-Bakr Asmaa; Ibraheem Maher H; Al-Mofty Saif; Kamel Mahmoud M; Abdel-Moneim Ahmed S; Gameel Abdallah M,Clinical breast cancer,2021,10.1016/j.clbc.2020.11.005,,No,No,
39287171,Role of quantitative imaging biomarkers in an early FDG-PET/CT for detection of immune-related adverse events in melanoma patients: a prospective study.,Hribernik Nezka; Strasek Katja; Huff Daniel T; Studen Andrej; Zevnik Katarina; Skalic Katja; Jeraj Robert; Rebersek Martina,Radiology and oncology,2024,10.2478/raon-2024-0045,PMC11406908,Yes,Yes,PMID_39287171.pdf
37736542,Phenotypic characteristics of circulating tumor cells and predictive impact for efficacy of chemotherapy in patients with pancreatic cancer: a prospective study.,Lee Hee Seung; Jung Eun Hye; Shin Hyejung; Park Chan Su; Park Soo Been; Jung Dawoon E; Leem Galam; Kim So Jung; Jo Jung Hyun; Chung Moon Jae; Park Jeong Youp; Bang Seungmin; Park Seung Woo; Song Si Young,Frontiers in oncology,2023,10.3389/fonc.2023.1206565,PMC10509470,Yes,Yes,PMID_37736542.pdf
39611998,Exon 1 methylation status of CDH13 is associated with decreased overall survival and distant metastasis in patients with postoperative colorectal cancer.,Xiang PengCheng; Li PengJu; Yuan Xiaoqi; Zhao Xiuhao; Xiao Zitian; Chen Bingguan; Liu Kenwen; Bischof Evelyne; Han Junyi,Discover oncology,2024,10.1007/s12672-024-01604-x,PMC11607350,Yes,Yes,PMID_39611998.pdf
39518406,Sentinel Lymph Node Biopsy in Breast Cancer Using Different Types of Tracers According to Molecular Subtypes and Breast Density-A Randomized Clinical Study.,Faur Ionut Flaviu; Dobrescu Amadeus; Clim Ioana Adelina; Pasca Paul; Prodan-Barbulescu Catalin; Tarta Cristi; Neamtu Carmen; Isaic Alexandru; Brebu Dan; Braicu Vlad; Feier Catalin Vladut Ionut; Duta Ciprian; Totolici Bogdan,"Diagnostics (Basel, Switzerland)",2024,10.3390/diagnostics14212439,PMC11545725,Yes,Yes,PMID_39518406.pdf
39263030,CYFRA 21-1 predicts efficacy of combined chemoimmunotherapy in patients with advanced non-small cell lung cancer: a prospective observational study.,Kataoka Nobutaka; Katayama Yuki; Yamada Tadaaki; Morimoto Kenji; Takeda Takayuki; Okada Asuka; Shiotsu Shinsuke; Chihara Yusuke; Hiranuma Osamu; Yamada Takahiro; Ota Takahiro; Harada Taishi; Hasegawa Isao; Nishioka Naoya; Iwasaku Masahiro; Tokuda Shinsaku; Takayama Koichi,Translational lung cancer research,2024,10.21037/tlcr-24-190,PMC11384485,Yes,Yes,PMID_39263030.pdf
35181593,Combination of Circulating Tumour DNA and 18F-FDG PET/CT for Precision Monitoring of Therapy Response in Patients With Advanced Non-small Cell Lung Cancer: A Prospective Study.,Fiala Ondrej; Baxa Jan; Svaton Martin; Benesova Lucie; Ptackova Renata; Halkova Tereza; Minarik Marek; Hosek Petr; Buresova Marcela; Finek Jindrich; Ferda Jiri; Pesek Milos,Cancer genomics & proteomics,2022,10.21873/cgp.20319,PMC8865037,Yes,Yes,PMID_35181593.pdf
32680634,Role of molecular biomarker human papilloma virus (HPV) E6 oncoprotein in cervical cancer screening.,Ara Rifat; Khatun Sabera; Pervin Shahana; Jahan Munira; Shahera Umme; Ferdous Jannatul; Begum Shirin Akter; Fatema Sayada; Begum Monowara; Nazneen Shahana; Goodman A,Gynecologic oncology,2020,10.1016/j.ygyno.2020.06.496,,No,No,
41226033,Comparison of Long Non-Coding RNA Expressions in Endometrial Polyp and Endometrial Cancer Cases.,Bulbul Cagla Bahar; Solmaz Avcikurt Ayla; Kayabasi Cagla; Dalmizrak Aysegul; Erol Zafer,"Diagnostics (Basel, Switzerland)",2025,10.3390/diagnostics15212741,PMC12607446,Yes,Yes,PMID_41226033.pdf
39764857,"Prognostic significance of serum complement activation, neutrophil extracellular traps and extracellular DNA in newly diagnosed epithelial ovarian cancer.",Ricciuti Jason; Liu Qian; Khan A N M Nazmul H; Joseph Janine M; Veuskens Bert; Giridharan Thejaswini; Suzuki Sora; Emmons Tiffany; Yaffe Michael; Kuijpers Taco W; Jongerius Ilse; Brouwer Mieke; Pouw Richard B; Odunsi Kunle; Frederick Peter; Mager Katherine LaVigne; Lele Shashikant; Gaulin Nicole; Hakim Christiane; Edwards Robert P; Olawaiye Alexander B; Sukamanovich Paniti; Taylor Sarah; Elishaev Esther; Zsiros Emese; Modugno Francesmary; Moysich Kirsten; Segal Brahm,Gynecologic oncology,2025,10.1016/j.ygyno.2024.12.006,PMC11871990,Yes,Yes,PMID_39764857.pdf
39308406,Evaluation of Multigene Methylation for Blood-Based Detection of Colorectal Cancer.,Xu Yingshuo; Tan Ailin; Liang Rui; Qu Huaidong; Li Xiankun; Wang Zhiqiang,Genetic testing and molecular biomarkers,2024,10.1089/gtmb.2023.0754,,No,No,
40027276,Real-world enrollment for a prospective clinico-genomic database using a pragmatic technology-enabled platform.,Exarchos Alexia; Bourla Ariel B; Kaur Maneet; Schulze Katja; Maund Sophia; Cao Yi; Zhao Yihua; Williams Elizabeth H; Gaffey Sarah C; Zuniga Richard; Lakhanpal Shaily; Antic Vladan; Doral Michelle; Sy Johanna; Meropol Neal J; Chiang Anne C,Contemporary clinical trials communications,2025,10.1016/j.conctc.2025.101446,PMC11869879,Yes,Yes,PMID_40027276.pdf
39164167,Evaluation of serum mid-infrared spectroscopy as new prognostic marker for first-line bevacizumab-based chemotherapy in metastatic colorectal cancer.,Chautard Romain; Caulet Morgane; Bouché Olivier; Borg Christophe; Manfredi Sylvain; Capitain Olivier; Spano Jean-Philippe; Raoul William; Guéguinou Maxime; Herault Olivier; Ferru Aurélie; Pobel Cédric; Sire Olivier; Lecomte Thierry,Digestive and liver disease : official journal of the Italian Society of Gastroenterology and the Italian Association for the Study of the Liver,2025,10.1016/j.dld.2024.07.022,,No,Yes,PMID_39164167.pdf
36641505,Can circulating cell free DNA be a promising marker in ovarian cancer? - a genome-scale profiling study in a single institution.,Zhou Huimei; Zhang Xueying; Liu Qian; Yang Jiaxin; Bai Jian; Yin Min; Cao Dongyan; Zhang Qingzheng; Zheng Lu,Journal of ovarian research,2023,10.1186/s13048-022-01068-z,PMC9840311,Yes,Yes,PMID_36641505.pdf
34182223,"Screening for HPV-related oropharyngeal, anal, and penile cancers in middle-aged men: Initial report from the HOUSTON clinical trial.",Dahlstrom Kristina R; Anderson Karen S; Guo Ming; Kwon Michael C; Messick Craig A; Pettaway Curtis A; Asomaning Nancy; Hopper Marika; Price Anthony; Xu Li; Day Andrew T; Gillenwater Ann M; Sturgis Erich M,Oral oncology,2021,10.1016/j.oraloncology.2021.105397,,No,No,
36203414,"Development and validation of a screening model for lung cancer using machine learning: A large-scale, multi-center study of biomarkers in breath.",Li Jing; Zhang Yuwei; Chen Qing; Pan Zhenhua; Chen Jun; Sun Meixiu; Wang Junfeng; Li Yingxin; Ye Qing,Frontiers in oncology,2022,10.3389/fonc.2022.975563,PMC9531270,Yes,Yes,PMID_36203414.pdf
32144573,"Clinical relevance of circulating tumor cells in ovarian, fallopian tube and peritoneal cancer.",Banys-Paluchowski Malgorzata; Fehm Tanja; Neubauer Hans; Paluchowski Peter; Krawczyk Natalia; Meier-Stiegen Franziska; Wallach Charlotte; Kaczerowsky Anna; Gebauer Gerhard,Archives of gynecology and obstetrics,2020,10.1007/s00404-020-05477-7,PMC7103005,Yes,Yes,PMID_32144573.pdf
23175808,Prospective study of family history and colorectal cancer risk by tumor LINE-1 methylation level.,Ogino Shuji; Nishihara Reiko; Lochhead Paul; Imamura Yu; Kuchiba Aya; Morikawa Teppei; Yamauchi Mai; Liao Xiaoyun; Qian Zhi Rong; Sun Ruifang; Sato Kaori; Kirkner Gregory J; Wang Molin; Spiegelman Donna; Meyerhardt Jeffrey A; Schernhammer Eva S; Chan Andrew T; Giovannucci Edward; Fuchs Charles S,Journal of the National Cancer Institute,2013,10.1093/jnci/djs482,PMC3545905,Yes,Yes,PMID_23175808.pdf
41478792,Promoter hypermethylation drives a paradoxical up regulation of hTERT with prognostic implications in bladder cancer.,Anwar Iqra; Pandith Arshad A; Rasool Shayaq Ul Abeer; Manzoor Usma; Mir Khurshid I; Lone Iqbal M; Walvir Nazia M; Lone Tawseef A; Wani Mohammad S,Urologic oncology,2025,10.1016/j.urolonc.2025.11.017,,No,No,
35793574,Detection of non-metastatic non-small-cell lung cancer in urine by methylation-specific PCR analysis: A feasibility study.,Wever B M M; Bach S; Tibbesma M; Ter Braak T J; Wajon D; Dickhoff C; Lissenberg-Witte B I; Hulbert A; Kazemier G; Bahce I; Steenbergen R D M,"Lung cancer (Amsterdam, Netherlands)",2022,10.1016/j.lungcan.2022.06.013,,No,No,
26089685,Decreased pretreatment lymphocyte/monocyte ratio is associated with poor prognosis in stage Ib1-IIa cervical cancer patients who undergo radical surgery.,Chen Liang; Zhang Fang; Sheng Xiu-Gui; Zhang Shi-Qian,OncoTargets and therapy,2015,10.2147/OTT.S82174,PMC4467643,Yes,Yes,PMID_26089685.pdf
30887194,Assessment of the extracellular volume fraction for the grading of clear cell renal cell carcinoma: first results and histopathological findings.,Adams Lisa C; Jurmeister Philipp; Ralla Bernhard; Bressem Keno K; Fahlenkamp Ute L; Engel Guenther; Siepmann Stefan; Wagner Moritz; Hamm Bernd; Busch Jonas; Makowski Marcus R,European radiology,2019,10.1007/s00330-019-06087-x,,No,No,
16352795,"Insulin, glucose, insulin resistance, and pancreatic cancer in male smokers.",Stolzenberg-Solomon Rachael Z; Graubard Barry I; Chari Suresh; Limburg Paul; Taylor Philip R; Virtamo Jarmo; Albanes Demetrius,JAMA,2005,10.1001/jama.294.22.2872,,No,No,
24416156,High serum miR-19a levels are associated with inflammatory breast cancer and are predictive of favorable clinical outcome in patients with metastatic HER2+ inflammatory breast cancer.,Anfossi Simone; Giordano Antonio; Gao Hui; Cohen Evan N; Tin Sanda; Wu Qiong; Garza Raul J; Debeb Bisrat G; Alvarez Ricardo H; Valero Vicente; Hortobagyi Gabriel N; Calin George A; Ueno Naoto T; Woodward Wendy A; Reuben James M,PloS one,2014,10.1371/journal.pone.0083113,PMC3885405,Yes,Yes,PMID_24416156.pdf
32733441,Tryptophan Catabolism as Immune Mechanism of Primary Resistance to Anti-PD-1.,Botticelli Andrea; Mezi Silvia; Pomati Giulia; Cerbelli Bruna; Cerbelli Edoardo; Roberto Michela; Giusti Raffaele; Cortellini Alessio; Lionetto Luana; Scagnoli Simone; Zizzari Ilaria Grazia; Nuti Marianna; Simmaco Maurizio; Marchetti Paolo,Frontiers in immunology,2020,10.3389/fimmu.2020.01243,PMC7358280,Yes,Yes,PMID_32733441.pdf
29464355,FDG PET/CT after first molecular targeted therapy predicts survival of patients with renal cell carcinoma.,Nakaigawa Noboru; Kondo Keiichi; Kaneta Tomohiro; Tateishi Ukihide; Minamimoto Ryogo; Namura Kazuhiro; Ueno Daiki; Kobayashi Kazuki; Kishida Takeshi; Ikeda Ichiro; Hasumi Hisashi; Makiyama Kazuhide; Hayashi Narihiko; Osaka Kimito; Muraoka Kentaro; Izumi Koji; Kawahara Takashi; Teranishi Jun-Ichi; Miyoshi Yasuhide; Yumura Yasushi; Uemura Hiroji; Inoue Tomio; Yao Masahiro,Cancer chemotherapy and pharmacology,2018,10.1007/s00280-018-3542-7,,No,No,
40750947,Transient hepatic intensity differences: correlations with treatment outcomes and adverse events following DEB-TACE in hepatocellular carcinoma.,Opara Noble Chibuike; Zhou Shuwei; Wang Weilang; Zhang Shuhang; Chen Xunjun; Ju Shenghong; Wang Yuan-Cheng,Insights into imaging,2025,10.1186/s13244-025-02041-2,PMC12316659,Yes,Yes,PMID_40750947.pdf
36650550,A prospective case-cohort analysis of plasma metabolites and breast cancer risk.,Stevens Victoria L; Carter Brian D; Jacobs Eric J; McCullough Marjorie L; Teras Lauren R; Wang Ying,Breast cancer research : BCR,2023,10.1186/s13058-023-01602-x,PMC9847033,Yes,Yes,PMID_36650550.pdf
29343179,B-type natriuretic peptide for prediction of incident clinically significant abdominal aortic aneurysm: A population-based prospective study.,Acosta Stefan; Gottsäter Anders; Engström Gunnar; Melander Olle; Zarrouk Moncef; Nilsson Peter M; Smith J Gustav,"Vascular medicine (London, England)",2018,10.1177/1358863X17745150,,No,No,
35142723,"Comprehensive Comparative Analysis of Standard Validated, Genetic, and Novel Biomarkers to Enhance Prognostic Risk-Stratification in Patients With Hepatitis C Virus Cirrhosis.",Innes Hamish; Walker Alex J; Benselin Jennifer; Grove Jane I; Pedergnana Vincent; Azim Ansari M; Lin Shang-Kuan; McLauchlan John; Hutchinson Sharon J; Barnes Eleanor; Irving William L; Guha Indra Neil; on behalf of the HCV Research UK; & STOP-HCV; Consortia,Clinical and translational gastroenterology,2022,10.14309/ctg.0000000000000462,PMC8963831,Yes,Yes,PMID_35142723.pdf
33421373,Growth differentiation factor-15 is a biomarker for all-cause mortality but less evident for cardiovascular outcomes: A prospective study.,Bao Xue; Borné Yan; Xu Biao; Orho-Melander Marju; Nilsson Jan; Melander Olle; Engström Gunnar,American heart journal,2021,10.1016/j.ahj.2020.12.020,,No,No,
40753059,A prospective study of the association between phosphatidylethanol concentration and risk of first-ever venous thromboembolism.,Johansson Magdalena; Själander Anders; Lind Marcus M; Johansson Lars,European journal of internal medicine,2025,10.1016/j.ejim.2025.106436,,No,No,
41347097,Proposed observational study protocol for early differentiation of cytokine release syndrome and sepsis in CAR-T recipients with haematological malignancies using the IL-6/PCT ratio: the DRACARYS study.,Ibraheem Anas; Dalby Melanie,Frontiers in oncology,2025,10.3389/fonc.2025.1683350,PMC12672280,Yes,Yes,PMID_41347097.pdf
20656841,Ocular adnexal lymphoma: diffusion-weighted mr imaging for differential diagnosis and therapeutic monitoring.,Politi Letterio S; Forghani Reza; Godi Claudia; Resti Antonio G; Ponzoni Maurilio; Bianchi Stefania; Iadanza Antonella; Ambrosi Alessandro; Falini Andrea; Ferreri Andrés J M; Curtin Hugh D; Scotti Giuseppe,Radiology,2010,10.1148/radiol.10100086,,No,No,
34830967,A Polygenic Risk Score Predicts Incident Prostate Cancer Risk in Older Men but Does Not Select for Clinically Significant Disease.,Bakshi Andrew; Riaz Moeen; Orchard Suzanne G; Carr Prudence R; Joshi Amit D; Cao Yin; Rebello Richard; Nguyen-Dumont Tú; Southey Melissa C; Millar Jeremy L; Gately Lucy; Gibbs Peter; Ford Leslie G; Parnes Howard L; Chan Andrew T; McNeil John J; Lacaze Paul,Cancers,2021,10.3390/cancers13225815,PMC8616400,Yes,Yes,PMID_34830967.pdf
26524856,[Metabolome Analysis of Human Serum: Implications for Early Detection of Colorectal Cancer].,Yamazaki Yasuyo,Rinsho byori. The Japanese journal of clinical pathology,2015,,,No,No,
36441032,Ultrasound Histogram Assessment of Acute Breast Toxicity After Breast Cancer Radiation Therapy: A Prospective Longitudinal Study.,Zhou Boran; Wang Jing; Yang Xiaofeng; Henry Simone; Lin Jolinta Y; Torres Mylin A; Liu Tian,Ultrasound in medicine & biology,2023,10.1016/j.ultrasmedbio.2022.09.004,,No,No,
40817886,Low triglyceride levels are associated with increased risk of immune-related adverse events in patients receiving immune checkpoint inhibitors.,Möhn Nora; Narten Emily; Duzzi Laura; Thomas Janin; Grote-Levi Lea; Beutel Gernot; Fröhlich Tabea; Bollmann Benjamin-Alexander; Wirth Thomas; von Wasielewski Imke; Gutzmer Ralf; Heidel Florian; Pessler Frank; Zobl Walter; Schuchardt Sven; Ivanyi Philipp; Nay Sandra; Skripuletz Thomas,Oncoimmunology,2025,10.1080/2162402X.2025.2547271,PMC12360195,Yes,Yes,PMID_40817886.pdf
37614054,Fecal occult blood and calprotectin testing to prioritize primary care patients for colonoscopy referral: The advantage study.,Lanas Ángel; Balaguer Francesc; Sánchez-Luengo Marta; Hijos-Mallada Gonzalo; Hernández-Mesa Goretti; Piñero Melisa; Castillo Joaquin; Ocaña Teresa; Cubiella Joaquín; Crespo Anais; Iglesias Águeda; Medeiros Isabel; Cacho Guillermo; Jover-Martínez Rodrigo; Alustiza Miren; Diaz-Tasende José; Poves Carmen; Macedo Guilherme; Quintero Enrique; Advantage study group,United European gastroenterology journal,2023,10.1002/ueg2.12446,PMC10493338,Yes,Yes,PMID_37614054.pdf
24312139,Novel functional assay for spindle-assembly checkpoint by cyclin-dependent kinase activity to predict taxane chemosensitivity in breast tumor patient.,Torikoshi Yasuhiro; Gohda Keigo; Davis Michelle L; Symmans W Fraser; Pusztai Lajos; Kazansky Anna; Nakayama Satoshi; Yoshida Tomokazu; Matsushima Tomoko; Hortobagyi Gabriel N; Ishihara Hideki; Kim Seung Jin; Noguchi Shinzaburo; Ueno Naoto T,Journal of Cancer,2013,10.7150/jca.6248,PMC3842438,Yes,Yes,PMID_24312139.pdf
38904758,Dual-source dual-energy CT and deep learning for equivocal lymph nodes on CT images for thyroid cancer.,Li Sheng; Wei Xiaoting; Wang Li; Zhang Guizhi; Jiang Linling; Zhou Xuhui; Huang Qinghua,European radiology,2024,10.1007/s00330-024-10854-w,,No,No,
38748947,Prospective Study of Homologous Recombination Repair Gene Mutation Prevalence in Patients With Advanced Prostate Cancer From Latin America: Challenges and Future Approaches.,Manneh Ray; Verson Carmen Alaez; Martin Angel; Delgado Arturo; Isaacsson Velho Pedro H; Manduley Alejandro; Tejado Luis; Rodríguez Yolanda; Vargas Carmen; Barata Pedro C,JCO precision oncology,2024,10.1200/PO.23.00628,PMC11371117,Yes,Yes,PMID_38748947.pdf
40126350,"A miRNA Signature for Non-Invasive Colorectal Cancer Diagnosis in Morocco: miR-21, miR-29a and miR-92a.",Fathi Sofia; Aazzane Oussama; Guendaoui Salma; Tawfiq Nezha; Sahraoui Souha; Guessous Fadila; Karkouri Mehdi,Non-coding RNA,2025,10.3390/ncrna11020026,PMC11932314,Yes,Yes,PMID_40126350.pdf
34283286,Serum neurofilament light chain or glial fibrillary acidic protein in the diagnosis and prognosis of brain metastases.,Lin Xinqing; Lu Tingting; Deng Haiyi; Liu Chunxin; Yang Yilin; Chen Tao; Qin Yinyin; Xie Xiaohong; Xie Zhanhong; Liu Ming; Ouyang Ming; Li Shiyue; Song Yong; Zhong Nanshan; Qiu Wei; Zhou Chengzhi,Journal of neurology,2022,10.1007/s00415-021-10660-0,,No,No,
40902989,68 Ga-NODAGA-SNA006 PET/CT Imaging of Tumor CD8 + T-Cell Infiltration Predicts Immunotherapy Response in Lung Cancer.,Zhou Jinxin; Zhou Min; Chen Wei; Liu Yang; Hai Wangxi; Huang Jingwen; Wang Xiaofei; Zhang Yifan; Zhang Qiurui,Clinical nuclear medicine,2025,10.1097/RLU.0000000000006098,,No,No,
39694939,cfDNA fragmentation patterns correlate with tumor burden measured via PSMA PET/CT volumetric parameters in patients with biochemical recurrence of prostate cancer.,Amseian Gary; Figueras Marcel; Mases Joel; Mengual Lourdes; Ribal Maria-Jose; Quintero Katherine; Pages Rita; Ingelmo-Torres Mercedes; Roldan Fiorella-Lizzeth; Caratini Rocío; Fuster David; Alcaraz Antonio; Izquierdo Laura; Paredes Pilar; Clinic Barcelona Nuclear Medicine (CBNM) Group,EJNMMI research,2024,10.1186/s13550-024-01170-x,PMC11655959,Yes,Yes,PMID_39694939.pdf
38571296,Association of Serum AGR With All-Cause and Cause-Specific Mortality Among Individuals With Diabetes.,Wen He; Niu Xiaona; Yu Rui; Zhao Ran; Wang Qiuhe; Sun Nan; Ma Le; Li Yan,The Journal of clinical endocrinology and metabolism,2025,10.1210/clinem/dgae215,,No,No,
25929389,Subjective global assessment and prealbumin levels of esophageal cancer patients undergoing concurrent chemoradiotherapy.,Pan Peng; Tao Guangzhou; Sun XinChen,Nutricion hospitalaria,2015,10.3305/nh.2015.31.5.8596,,No,No,
38454416,Apolipoprotein A-IV concentrations and cancer in a large cohort of chronic kidney disease patients: results from the GCKD study.,Kollerits Barbara; Gruber Simon; Steinbrenner Inga; Schwaiger Johannes P; Weissensteiner Hansi; Schönherr Sebastian; Forer Lukas; Kotsis Fruzsina; Schultheiss Ulla T; Meiselbach Heike; Wanner Christoph; Eckardt Kai-Uwe; Kronenberg Florian; GCKD Investigators,BMC cancer,2024,10.1186/s12885-024-12053-8,PMC10921727,Yes,Yes,PMID_38454416.pdf
37813730,Prospective Multicenter Validation of the Stockholm3 Test in a Central European Cohort.,Elyan Anas; Saba Karim; Sigle August; Wetterauer Christian; Engesser Christian; Püschel Heike; Attianese Sara; Maurer Patrick; Deckart Alexander; Cathomas Richard; Strebel Räto T; Gratzke Christian; Seifert Helge H; Rentsch Cyrill A; Mortezavi Ashkan,European urology focus,2024,10.1016/j.euf.2023.09.016,,No,No,
38951909,A prospective study of HER3 expression pre and post neoadjuvant therapy of different breast cancer subtypes: implications for HER3 imaging therapy guidance.,Sinevici Nicoleta; Edmonds Christine E; Dontchos Brian N; Wang Gary; Lehman Constance D; Isakoff Steven; Mahmood Umar,Breast cancer research : BCR,2024,10.1186/s13058-024-01859-w,PMC11218108,Yes,Yes,PMID_38951909.pdf
40084117,[18F]PSMA-1007 PET/MR as a Precision Biomarker for Early Detection of Biochemical Recurrence in Prostate Cancer at Very Low PSA Levels.,Lin Ko-Han; Wei Tzu-Chun; Shen Shu-Huei; Huang William Ji-Shien; Chuang Mei-Hua; Peng Nan-Jing; Huang Wen-Tao; Wang Yuh-Feng,Biomarker insights,2025,10.1177/11772719251324307,PMC11905080,Yes,Yes,PMID_40084117.pdf
39043515,Development and Validation of a Biparametric MRI Deep Learning Radiomics Model with Clinical Characteristics for Predicting Perineural Invasion in Patients with Prostate Cancer.,Zhang Yue-Yue; Mao Hui-Min; Wei Chao-Gang; Chen Tong; Zhao Wen-Lu; Chen Liang-Yan; Shen Jun-Kang; Guo Wan-Liang,Academic radiology,2024,10.1016/j.acra.2024.07.013,,No,No,
32828580,A new score based on biomarker values to predict the prognosis of locally advanced cervical cancer.,Maulard Amandine; Chargari Cyrus; Faron Matthieu; Alwohaibi Asim; Leary Alexandra; Pautier Patricia; Genestie Catherine; Morice Philippe; Gouy Sebastien,Gynecologic oncology,2020,10.1016/j.ygyno.2020.08.002,,No,No,
32807113,"The efficacy of a leukotriene receptor antagonist in the treatment of human rectal aberrant crypt foci: a nonrandomized, open-label, controlled trial.",Higurashi Takuma; Arimoto Jun; Ashikari Keiichi; Takatsu Tomohiro; Misawa Noboru; Yoshihara Tsutomu; Matsuura Tetsuya; Fuyuki Akiko; Ohkubo Hidenori; Nakajima Atsushi,BMC cancer,2020,10.1186/s12885-020-07266-6,PMC7433177,Yes,Yes,PMID_32807113.pdf
28546330,Exploring New Multimodal Quantitative Imaging Indices for the Assessment of Osseous Tumor Burden in Prostate Cancer Using 68Ga-PSMA PET/CT.,Bieth Marie; Krönke Markus; Tauber Robert; Dahlbender Marielena; Retz Margitta; Nekolla Stephan G; Menze Bjoern; Maurer Tobias; Eiber Matthias; Schwaiger Markus,"Journal of nuclear medicine : official publication, Society of Nuclear Medicine",2017,10.2967/jnumed.116.189050,,No,Yes,PMID_28546330.pdf
39816546,A multi-gene blood-based methylation assay for early diagnosis of colorectal cancer.,Xu Yingshuo; Qu Huaidong; Liang Rui; Li Menglong; Li Miao; Li Xiankun; Wang Zhiqiang,Translational cancer research,2024,10.21037/tcr-24-729,PMC11730695,Yes,Yes,PMID_39816546.pdf
34277003,Obesity and telomere status in the prognosis of patients with colorectal cancer submitted to curative intention surgical treatment.,García-Martínez Sergio; González-Gamo Daniel; Fernández-Marcelo Tamara; Tesolato Sofía; De La Serna Sofía; Domínguez-Serrano Inmaculada; Cano-Valderrama Oscar; Barabash Ana; De Juan Carmen; Torres-García Antonio; Iniesta Pilar,Molecular and clinical oncology,2021,10.3892/mco.2021.2346,PMC8278406,Yes,Yes,PMID_34277003.pdf
24510982,F2RL3 methylation in blood DNA is a strong predictor of mortality.,Zhang Yan; Yang Rongxi; Burwinkel Barbara; Breitling Lutz P; Holleczek Bernd; Schöttker Ben; Brenner Hermann,International journal of epidemiology,2014,10.1093/ije/dyu006,PMC4258765,Yes,Yes,PMID_24510982.pdf
34944879,Identification of Potential Prognostic and Predictive Immunological Biomarkers in Patients with Stage I and Stage III Non-Small Cell Lung Cancer (NSCLC): A Prospective Exploratory Study.,Vaes Rianne D W; Reynders Kobe; Sprooten Jenny; Nevola Kathleen T; Rouschop Kasper M A; Vooijs Marc; Garg Abhishek D; Lambrecht Maarten; Hendriks Lizza E L; Rucevic Marijana; De Ruysscher Dirk,Cancers,2021,10.3390/cancers13246259,PMC8699057,Yes,Yes,PMID_34944879.pdf
28451065,Incidence of venous thromboembolism and the role of D-dimer as predictive marker in patients with advanced gastric cancer receiving chemotherapy: A prospective study.,Park Kwonoh; Ryoo Baek-Yeol; Ryu Min-Hee; Park Sook Ryun; Kang Myoung Joo; Kim Jeong Hye; Han Seungbong; Kang Yoon-Koo,World journal of gastrointestinal oncology,2017,10.4251/wjgo.v9.i4.176,PMC5390303,Yes,Yes,PMID_28451065.pdf
27100837,A prospective study of soluble receptor for advanced glycation end-products and colorectal cancer risk in postmenopausal women.,Chen Liang; Duan Zhigang; Tinker Lesley; Sangi-Haghpeykar Haleh; Strickler Howard; Ho Gloria Y F; Gunter Marc J; Rohan Thomas; Logsdon Craig; White Donna L; Royse Kathryn; El-Serag Hashem B; Jiao Li,Cancer epidemiology,2016,10.1016/j.canep.2016.04.004,PMC4899266,Yes,Yes,PMID_27100837.pdf
25851626,Circulating tumor DNA as an early marker of therapeutic response in patients with metastatic colorectal cancer.,Tie J; Kinde I; Wang Y; Wong H L; Roebert J; Christie M; Tacey M; Wong R; Singh M; Karapetis C S; Desai J; Tran B; Strausberg R L; Diaz L A; Papadopoulos N; Kinzler K W; Vogelstein B; Gibbs P,Annals of oncology : official journal of the European Society for Medical Oncology,2015,10.1093/annonc/mdv177,PMC4511218,Yes,Yes,PMID_25851626.pdf
41024878,Evaluating thresholds of Mac-2 binding protein glycosylation isomer in association with clinical outcomes in patients with cirrhosis.,Doan Trung Hieu; Nguyen Khue Minh; Nguyen Xung Van; Pham Anh Thi Ngoc; Le Nhan Duc,World journal of hepatology,2025,10.4254/wjh.v17.i9.109179,PMC12476715,Yes,Yes,PMID_41024878.pdf
41381240,CD70-Targeted [18F]RCCB6 Immuno-PET/CT for Diagnosing Clear Cell Renal Cell Carcinoma Metastases: A Prospective Study.,Ma Cheng; Cao Min; Li Lianghua; Wu Qianyun; Zhang You; Xu Dongsheng; An Shuxian; Wu Yanfei; Wang Cheng; Guan Yihui; Kong Wen; Zhang Jin; Xie Fang; Zhai Wei; Huang Gang; Liu Jianjun; Zhao Xiaojing; Wei Weijun,"Journal of nuclear medicine : official publication, Society of Nuclear Medicine",2025,10.2967/jnumed.125.270958,,No,No,
36416905,Preoperative identification of cytokeratin 19 status of hepatocellular carcinoma based on diffusion kurtosis imaging.,Chen Jiejun; Liu Dingxia; Guo Yixian; Zhang Yunfei; Guo Yinglong; Jiang Mengmeng; Dai Yongming; Yao Xiuzhong,Abdominal radiology (New York),2023,10.1007/s00261-022-03736-6,,No,No,
35435327,Soluble form of CTLA-4 is a good predictor for tumor recurrence after radiofrequency ablation in hepatocellular carcinoma patients.,Teng Wei; Jeng Wen-Juei; Chen Wei-Ting; Lin Chen-Chun; Lin Chun-Yen; Lin Shi-Ming; Sheen I-Shyan,Cancer medicine,2022,10.1002/cam4.4760,PMC9582685,Yes,Yes,PMID_35435327.pdf
36643039,Evaluation of GALAD Score in Diagnosis and Follow-up of Hepatocellular Carcinoma after Local Ablative Therapy.,Eletreby Rasha; Elsharkawy Marwa; Taha Alaa Awad; Hassany Mohamed; Abdelazeem Amr; El-Kassas Mohamed; Soliman Ahmed,Journal of clinical and translational hepatology,2023,10.14218/JCTH.2022.00013,PMC9817041,Yes,Yes,PMID_36643039.pdf
38302377,Early change in apparent diffusion coefficient as a predictor of response to neoadjuvant androgen deprivation and external beam radiation therapy for intermediate- to high-risk prostate cancer.,Franco F B; Leeman J E; Fedorov A; Vangel M; Fennessy F M,Clinical radiology,2024,10.1016/j.crad.2023.12.022,PMC11348292,Yes,Yes,PMID_38302377.pdf
31449889,Serum Antibody Against NY-ESO-1 and XAGE1 Antigens Potentially Predicts Clinical Responses to Anti-Programmed Cell Death-1 Therapy in NSCLC.,Ohue Yoshihiro; Kurose Koji; Karasaki Takahiro; Isobe Midori; Yamaoka Takaaki; Futami Junichiro; Irei Isao; Masuda Takeshi; Fukuda Masaaki; Kinoshita Akitoshi; Matsushita Hirokazu; Shimizu Katsuhiko; Nakata Masao; Hattori Noboru; Yamaguchi Hiroyuki; Fukuda Minoru; Nozawa Ryohei; Kakimi Kazuhiro; Oka Mikio,Journal of thoracic oncology : official publication of the International Association for the Study of Lung Cancer,2019,10.1016/j.jtho.2019.08.008,,No,No,
27569226,Macrophage Inhibitory Cytokine-1 as a Novel Diagnostic and Prognostic Biomarker in Stage I and II Nonsmall Cell Lung Cancer.,Liu Yu-Ning; Wang Xiao-Bing; Wang Teng; Zhang Chao; Zhang Kun-Peng; Zhi Xiu-Yi; Zhang Wei; Sun Ke-Lin,Chinese medical journal,2016,10.4103/0366-6999.189052,PMC5009583,Yes,Yes,PMID_27569226.pdf
31032185,Intravoxel incoherent motion derived liver perfusion/diffusion readouts can be reliable biomarker for the detection of viral hepatitis B induced liver fibrosis.,Li Ting; Che-Nordin Nazmi; Wáng Yì Xiáng J; Rong Peng-Fei; Qiu Shi-Wen; Zhang Sheng-Wang; Zhang Pan; Jiang Yong-Fang; Chevallier Olivier; Zhao Feng; Xiao Xiao-Yi; Wang Wei,Quantitative imaging in medicine and surgery,2019,10.21037/qims.2019.02.11,PMC6462566,Yes,Yes,PMID_31032185.pdf
32379060,[Relevance of clinical and serum parameters on severe urinary sepsis after renal obstruction.].,Bedate-Núñez María; Moreno-Racionero Francisca; de Andrés-Asenjo Beatriz; Díaz-Romero Juan Manuel; Soto-Rodríguez José Luis; Torrecilla-García-Ripoll Juan Ramón; Martín-Martín Sergio; Rivero-Martínez María Dolores; Calleja-Escudero Jesús; De Castro-Olmedo Carlos; Pascual-Samaniego Miguel; Calvo-González Raúl; Valsero-Herguedas María Esther; Pesquera-Ortega Laura; Lara-Pérez Francisco María; Ruano-Mayo Ana; Zamora-Horcajadas Álvaro; Natal-Álvarez Fernando; Legido Morán Ana Patricia; Rabadán-Jiménez José Máximo; Cortiñas-González José Ramón; Bermejo-Martín Jesús Francisco,Archivos espanoles de urologia,2020,,,No,No,
36806947,Peripheral lymphocytes and lactate dehydrogenase correlate with response and survival in head and neck cancers treated with immune checkpoint inhibitors.,Pan Cassie; Wu Qian Vicky; Voutsinas Jenna; Houlton Jeffrey J; Barber Brittany; Rizvi Zain H; Marchiano Emily; Futran Neal; Laramore George E; Liao Jay J; Parvathaneni Upendra; Martins Renato G; Fromm Jonathan R; Rodriguez Cristina P,Cancer medicine,2023,10.1002/cam4.5697,PMC10166901,Yes,Yes,PMID_36806947.pdf
30345716,Diagnostic role of carbohydrate antigen 72-4 for gastrointestinal malignancy screening in Chinese patients: A prospective study.,Wang Shu Ling; Yu Guan Yu; Yao Jun; Li Zhao Shen; Mao An Rong; Bai Yu,Journal of digestive diseases,2018,10.1111/1751-2980.12681,,No,No,
30046040,Massively parallel sequencing of cell-free DNA in plasma for detecting gynaecological tumour-associated copy number alteration.,Nakabayashi Makoto; Kawashima Akihiro; Yasuhara Rika; Hayakawa Yosuke; Miyamoto Shingo; Iizuka Chiaki; Sekizawa Akihiko,Scientific reports,2018,10.1038/s41598-018-29381-y,PMC6060170,Yes,Yes,PMID_30046040.pdf
31197455,A multiparametric [18F]FDG PET/MRI diagnostic model including imaging biomarkers of the tumor and contralateral healthy breast tissue aids breast cancer diagnosis.,Leithner Doris; Horvat Joao V; Bernard-Davila Blanca; Helbich Thomas H; Ochoa-Albiztegui R Elena; Martinez Danny F; Zhang Michelle; Thakur Sunitha B; Wengert Georg J; Staudenherz Anton; Jochelson Maxine S; Morris Elizabeth A; Baltzer Pascal A T; Clauser Paola; Kapetas Panagiotis; Pinker Katja,European journal of nuclear medicine and molecular imaging,2019,10.1007/s00259-019-04331-6,PMC6647078,Yes,Yes,PMID_31197455.pdf
28388568,"Prognostic value of circulating vitamin D binding protein, total, free and bioavailable 25-hydroxy vitamin D in patients with colorectal cancer.",Yang Lin; Chen Hong; Zhao Miao; Peng Peng,Oncotarget,2017,10.18632/oncotarget.16597,PMC5522208,Yes,Yes,PMID_28388568.pdf
32073229,Dynamic assessment of venous thromboembolism risk in patients with cancer by longitudinal D-Dimer analysis: A prospective study.,Posch Florian; Riedl Julia; Reitter Eva-Maria; Crowther Michael J; Grilz Ella; Quehenberger Peter; Jilma Bernd; Pabinger Ingrid; Ay Cihan,Journal of thrombosis and haemostasis : JTH,2020,10.1111/jth.14774,PMC7317804,Yes,Yes,PMID_32073229.pdf
29633398,Role of bone scan index in the prognosis and effects of therapy on prostate cancer with bone metastasis: Study design and rationale for the multicenter Prostatic Cancer Registry of Standard Hormonal and Chemotherapy Using Bone Scan Index (PROSTAT-BSI) study.,Nakajima Kenichi; Kaneko Go; Takahashi Satoru; Matsuyama Hideyasu; Shiina Hiroaki; Ichikawa Tomohiko; Horikoshi Hiroyuki; Hashine Katsuyoshi; Sugiyama Yutaka; Miyao Takeshi; Kamiyama Manabu; Harada Kenichi; Ito Akito; Mizokami Atsushi; PROSTAT-BSI Investigators,International journal of urology : official journal of the Japanese Urological Association,2018,10.1111/iju.13556,,No,No,
24046001,Plasma florescent oxidation products and breast cancer risk: repeated measures in the Nurses' Health Study.,Fortner Renée T; Tworoger Shelley S; Wu Tianying; Eliassen A Heather,Breast cancer research and treatment,2013,10.1007/s10549-013-2673-0,PMC3841485,Yes,Yes,PMID_24046001.pdf
37901726,Comparative detection of syndecan-2 methylation in preoperative and postoperative stool DNA in patients with colorectal cancer.,Song Ji Hyeong; Oh Tae Jeong; An Sungwhan; Lee Kyung Ha; Kim Ji Yeon; Kim Jin Soo,World journal of gastrointestinal surgery,2023,10.4240/wjgs.v15.i9.2032,PMC10600770,Yes,Yes,PMID_37901726.pdf
31670586,Application of R2* and Apparent Diffusion Coefficient in Estimating Tumor Grade and T Category of Bladder Cancer.,Wang Yanchun; Shen Yaqi; Hu Xuemei; Li Zhen; Feng Cui; Hu Daoyu; Kamel Ihab R,AJR. American journal of roentgenology,2020,10.2214/AJR.19.21668,,No,No,
39838708,Clinical Sensitivity and Specificity of the PROSTest in an American Cohort.,Rahbar Kambiz; Kidd Mark; Prasad Vikas; David Rosin R; Drozdov Ignat; Halim Abdel,The Prostate,2025,10.1002/pros.24858,PMC11934832,Yes,Yes,PMID_39838708.pdf
36708552,Neutrophil-to-Lymphocyte Ratio (NLR) as a Poor Predictive Biomarker for Pathological Response to Neoadjuvant Chemoradiation in Locally Advanced Rectal Cancer: A Prospective Study.,Novin Kambiz; Fadavi Pedram; Mortazavi Nafiseh; Sanei Mastaneh; Khoshbakht Ahmadi Helaleh; Barahman Maedeh; Noori Reyhaneh; Hoveidamanesh Soodabeh; Shahin Mohadeseh; Taghizadeh-Hesary Farzad,Asian Pacific journal of cancer prevention : APJCP,2023,10.31557/APJCP.2023.24.1.61,PMC10152857,Yes,Yes,PMID_36708552.pdf
31697256,Predictive value of the bone markers osteocalcin and C-terminal telopeptide for jaw osteonecrosis in high-risk prostate cancer patients on bisphosphonate therapy: A prospective study.,Delaka Andriana; Mourmouras Nikolaos; Zervou-Valvi Flora; Stravodimos Konstantinos; Anastasiou Ioannis; Delakas Dimitrios,Archivos espanoles de urologia,2019,,,No,No,
25816106,Prognostic Role of Diffusion-weighted MR Imaging for Resectable Gastric Cancer.,Giganti Francesco; Orsenigo Elena; Esposito Antonio; Chiari Damiano; Salerno Annalaura; Ambrosi Alessandro; Albarello Luca; Mazza Elena; Staudacher Carlo; Del Maschio Alessandro; De Cobelli Francesco,Radiology,2015,10.1148/radiol.15141900,,No,No,
36575330,Volumetric parameters of the primary tumor and whole-body tumor burden derived from baseline 18F-FDG PET/CT can predict overall survival in non-small cell lung cancer patients: initial results from a single institution.,Mahmoud Hemat A; Oteify Walaa; Elkhayat Hussein; Zaher Ahmed M; Mohran Taha Zaki; Mekkawy Nesreen,European journal of hybrid imaging,2022,10.1186/s41824-022-00158-x,PMC9794406,Yes,Yes,PMID_36575330.pdf
36919876,Prognostic factors of overall and prostate-specific antigen-progression-free survival in metastatic castration-resistant prostate cancer patients treated with 177 Lu-PSMA-617. A single-center prospective observational study.,Telli Tugce; Tuncel Murat; Karabulut Erdem; Aksoy Sercan; Erman Mustafa; Akdogan Bulent; Caglar Meltem,The Prostate,2023,10.1002/pros.24518,,No,No,
40282892,Mean Platelet Volume-to-Albumin Ratio as a Predictor of Mortality in Patients with Febrile Neutropenia: An Observational Study.,Dimitrijević Jelena; Čalamać Marina; Đurmez Ognjen; Stojanović Marko,"Medicina (Kaunas, Lithuania)",2025,10.3390/medicina61040601,PMC12029040,Yes,Yes,PMID_40282892.pdf
40147828,The Role of Circulating Tumor Cell as a Promising Biomarker in the Evaluation of Pulmonary Nodules: A Prospective Study.,Wang Shijie; Xu Changdan; Xu Xiaohong; Shao Weipeng; Wang Guohui; Yang Xiongtao; Gao Liwei; Teng Feng; Sun Hongliang; Zhao Yue; Feng Hongxiang; Zhu Guangying,Cancer research and treatment,2026,10.4143/crt.2024.841,PMC12800940,Yes,Yes,PMID_40147828.pdf
38180375,[The relationship between the relative length of leukocyte telomeres and mtDNA copy number and acute coronary syndrome in a 15-year follow-up.].,Maximov V N; Ivanova A A; Orlov P S; Titarenko A V; Maksimova S V; Simonova G I; Chervova O A; Voevoda M I; Malyutina S K,Advances in gerontology = Uspekhi gerontologii,2023,,,No,No,
31188197,Prospective Comparison of the Prognostic Relevance of Circulating Tumor Cells in Blood and Disseminated Tumor Cells in Bone Marrow of a Single Patient's Cohort With Esophageal Cancer.,Konczalla Leonie; Ghadban Tarik; Effenberger Katharina E; Wöstemeier Anna; Riethdorf Sabine; Uzunoglu Faik G; Izbicki Jakob R; Pantel Klaus; Bockhorn Maximilian; Reeh Matthias,Annals of surgery,2021,10.1097/SLA.0000000000003406,,No,No,
29113275,E6/E7 proteins are potential markers for the screening and diagnosis of cervical pre-cancerous lesions and cervical cancer in a Chinese population.,Shi Wen-Jing; Liu Hao; Wu Dan; Tang Zhen-Hua; Shen Yu-Chen; Guo Lin,Oncology letters,2017,10.3892/ol.2017.6932,PMC5661417,Yes,Yes,PMID_29113275.pdf
36169621,Biobehavioral Influences of Stress and Inflammation on Mucositis in Adolescents and Young Adults with Cancer: Results from a Pilot Study.,Thornton Clifton P; Perrin Nancy; Kozachik Sharon; Lukkahatai Nada; Ruble Kathy,Journal of adolescent and young adult oncology,2023,10.1089/jayao.2022.0067,PMC10282803,Yes,Yes,PMID_36169621.pdf
32080281,Evaluation of T1 relaxation time in prostate cancer and benign prostate tissue using a Modified Look-Locker inversion recovery sequence.,Baur Alexander D J; Hansen Carla M; Rogasch Julian; Posch Helena; Elezkurtaj Sefer; Maxeiner Andreas; Erb-Eigner Katharina; Makowski Marcus R,Scientific reports,2020,10.1038/s41598-020-59942-z,PMC7033189,Yes,Yes,PMID_32080281.pdf
30429013,Prospective study revealed prognostic significance of responses in leptomeningeal metastasis and clinical value of cerebrospinal fluid-based liquid biopsy.,Xu Yan; Hu Min; Zhang Meizhuo; Zhong Wei; Yin Xiaolu; Sun Yun; Chen Minjiang; Zhao Jing; Si Xiaoyan; Wang Hanping; Zhang Xiaotong; Zhang Li; Li Ji; Guan Hongzhi; Yang Zhenfan; Wang Mengzhao,"Lung cancer (Amsterdam, Netherlands)",2018,10.1016/j.lungcan.2018.08.017,,No,No,
35334495,A combination of circulating tumor cells and CA199 improves the diagnosis of pancreatic cancer.,Chen Junliang; Wang Huaitao; Zhou Lei; Liu Zhihao; Tan Xiaodong,Journal of clinical laboratory analysis,2022,10.1002/jcla.24341,PMC9102772,Yes,Yes,PMID_35334495.pdf
32727566,Expression of tumor pyruvate kinase M2 isoform in plasma and stool of patients with colorectal cancer or adenomatous polyps.,Rigi Farideh; Jannatabad Aliakbar; Izanloo Azra; Roshanravan Reza; Hashemian Hamid Reza; Kerachian Mohammad Amin,BMC gastroenterology,2020,10.1186/s12876-020-01377-x,PMC7388451,Yes,Yes,PMID_32727566.pdf
38159908,B-cell infiltration is associated with survival outcomes following programmed cell death protein 1 inhibition in head and neck squamous cell carcinoma.,Gavrielatou N; Fortis E; Spathis A; Anastasiou M; Economopoulou P; Foukas G R P; Lelegiannis I M; Rusakiewicz S; Vathiotis I; Aung T N; Tissot S; Kastrinou A; Kotsantis I; Vagia E M; Panayiotides I; Rimm D L; Coukos G; Homicsko K; Foukas P; Psyrri A,Annals of oncology : official journal of the European Society for Medical Oncology,2024,10.1016/j.annonc.2023.12.011,,No,No,
29033582,HIF pathway and c-Myc as biomarkers for response to sunitinib in metastatic clear-cell renal cell carcinoma.,Maroto P; Esteban E; Parra E Fernández; Mendez-Vidal M J; Domenech M; Pérez-Valderrama B; Calderero V; Pérez-Gracia J L; Grande E; Algaba F,OncoTargets and therapy,2017,10.2147/OTT.S137677,PMC5614781,Yes,Yes,PMID_29033582.pdf
41278209,Non-invasive imaging biomarkers of cellular injury and proliferation in nasopharyngeal carcinoma: insights from multiparametric MRI.,Zhao Changjiang; Xie Lisi; He Mengxi; Xiong Xiong; Yu Chengxin; Liu Yang,Frontiers in cell and developmental biology,2025,10.3389/fcell.2025.1684620,PMC12634575,Yes,Yes,PMID_41278209.pdf
32631294,Prognostic value of pretreatment neutrophil-to-lymphocyte ratio in renal cell carcinoma: a systematic review and meta-analysis.,Shao Yuan; Wu Bo; Jia Wei; Zhang Zikuan; Chen Qian; Wang Dongwen,BMC urology,2020,10.1186/s12894-020-00665-8,PMC7339475,Yes,Yes,PMID_32631294.pdf
28727370,Serum tissue factor as a biomarker for renal clear cell carcinoma.,Silva Daniel D'Oliveira; Noronha Jorge A P; Pinheiro da Costa Bartira E; Zandona Pedro Caetano Edler; Carvalhal Gustavo F,International braz j urol : official journal of the Brazilian Society of Urology,2018,10.1590/S1677-5538.IBJU.2017.0007,PMC5815530,Yes,Yes,PMID_28727370.pdf
36461104,Predictors of participants' retention-socioeconomic factors or nonadherence: insights from a urological clinical prospective study.,Wheeler Allison J; Garg Harshit; Kaushik Dharam; Mansour Ahmed; Pruthi Deepak; Liss Michael A,Trials,2022,10.1186/s13063-022-06901-w,PMC9716754,Yes,Yes,PMID_36461104.pdf
34942439,Assessment of the albumin-bilirubin grade as a prognostic factor in patients with non-small-cell lung cancer receiving anti-PD-1-based therapy.,Takada K; Takamori S; Shimokawa M; Toyokawa G; Shimamatsu S; Hirai F; Tagawa T; Okamoto T; Hamatake M; Tsuchiya-Kawano Y; Otsubo K; Inoue K; Yoneshima Y; Tanaka K; Okamoto I; Nakanishi Y; Mori M,ESMO open,2022,10.1016/j.esmoop.2021.100348,PMC8695291,Yes,Yes,PMID_34942439.pdf
31381177,Analyzing the percentage of different PD-1+ T cell subsets in peripheral blood and bronchoalveolar lavage fluid of small cell lung cancer patients: A prospective study.,Hu Xintong; Gu Yue; Li Dan; Zhao Songchen; Hua Shucheng; Jiang Yanfang,Clinical and experimental pharmacology & physiology,2019,10.1111/1440-1681.13153,,No,No,
41221294,Mapping the genetic-transcriptional landscape of thyroid irAEs in sintilimab therapy: toward biomarker-guided immunotoxicity prediction.,Chen Wei; Zhang Mingyu; Li Taifeng; Shang Bing; Su Haishuai; Shi Yafei; Liu Yutao; Yu Feng; Li Guohui,Frontiers in immunology,2025,10.3389/fimmu.2025.1671594,PMC12598041,Yes,Yes,PMID_41221294.pdf
24139518,Transforming growth factor β-1 (TGF-β1) is a serum biomarker of radiation induced fibrosis in patients treated with intracavitary accelerated partial breast irradiation: preliminary results of a prospective study.,Boothe Dustin L; Coplowitz Shana; Greenwood Eleni; Barney Christian L; Christos Paul J; Parashar Bhupesh; Nori Dattatreyudu; Chao K S Clifford; Wernicke A Gabriella,"International journal of radiation oncology, biology, physics",2013,10.1016/j.ijrobp.2013.08.045,PMC4104525,Yes,Yes,PMID_24139518.pdf
35875123,"Pegylated Liposomal Doxorubicin, Docetaxel, and Trastuzumab as Neoadjuvant Treatment for HER2-Positive Breast Cancer Patients: A Phase II and Biomarker Study.",Wang Haoqi; Li Yuntao; Qi Yixin; Zhao Erbao; Kong Xiangshun; Yang Chao; Yang Qiqi; Zhang Chengyuan; Liu Yueping; Song Zhenchuan,Frontiers in oncology,2022,10.3389/fonc.2022.909426,PMC9304895,Yes,Yes,PMID_35875123.pdf
34509552,Cardiac Magnetic Resonance Imaging and Blood Biomarkers for Evaluation of Radiation-Induced Cardiotoxicity in Patients With Breast Cancer: Results of a Phase 2 Clinical Trial.,Speers Corey; Murthy Venkatesh L; Walker Eleanor M; Glide-Hurst Carri K; Marsh Robin; Tang Ming; Morris Emily L; Schipper Matthew J; Weinberg Richard L; Gits Hunter C; Hayman James; Feng Mary; Balter James; Moran Jean; Jagsi Reshma; Pierce Lori J,"International journal of radiation oncology, biology, physics",2022,10.1016/j.ijrobp.2021.08.039,,No,No,
28027313,Base-Position Error Rate Analysis of Next-Generation Sequencing Applied to Circulating Tumor DNA in Non-Small Cell Lung Cancer: A Prospective Study.,Pécuchet Nicolas; Zonta Eleonora; Didelot Audrey; Combe Pierre; Thibault Constance; Gibault Laure; Lours Camille; Rozenholc Yves; Taly Valérie; Laurent-Puig Pierre; Blons Hélène; Fabre Elizabeth,PLoS medicine,2016,10.1371/journal.pmed.1002199,PMC5189949,Yes,Yes,PMID_28027313.pdf
41299326,[18F]F-FAPI PET/CT and LAparoscopy in STagIng advanced gastric Cancer: a multicenter prospective study (PLASTIC-3 study).,Triemstra Lianne; Spruijt Sarah W J M; Vriens Dennis; Vegt Erik; Mesker Wilma E; Hawinkels Lukas J A C; Saing Sopany; Slingerland Marije; Kemp Vera; Crobach Stijn A L P; Goeman Jelle J; Pool Martin; Dibbets-Schneider Petra; Bennink Roel J; van Berge Henegouwen Mark I; van Det Marc J; van Etten Boudewijn J; Hartgrink Henk H; van Hillegersberg Richard; Lam Marnix G E H; Smulders Nanda M; Luyer Misha D P; Noordzij Walter; Owers Emilia C; Oyen Wim J G; van Sandick Johanna W; Schreurs Wendy; de Steur Wobbe O; Stoot Jan H M B; Weijs Leo E; Wijnhoven Bas P L; Witteman Bart P L; Ruurda Jelle P; de Geus-Oei Lioe-Fee; PLASTIC-3 Study Group,BMC cancer,2025,10.1186/s12885-025-15347-7,PMC12836824,Yes,Yes,PMID_41299326.pdf
40659202,Effects of residual PAH exposure from firefighters' skin and turnout gear on biospecimen microRNA expression.,Hwang Jooyeon; Gipson Jenny R; Xu Chao; VanWagoner Timothy; Xu Xin; Agnew Robert J; Freeman Willard M,Environmental research,2025,10.1016/j.envres.2025.122348,,No,No,
20671231,"Plasma gamma-glutamyltransferase, cysteinyl-glycine, and oxidized low-density lipoprotein: a pathway associated with myocardial infarction risk?",Drogan Dagmar; Weikert Cornelia; Dierkes Jutta; Klipstein-Grobusch Kerstin; Buijsse Brian; Möhlig Matthias; Pfeiffer Andreas F H; Pischon Tobias; Spranger Joachim; Boeing Heiner,"Arteriosclerosis, thrombosis, and vascular biology",2010,10.1161/ATVBAHA.110.209346,,No,No,
34413349,Predicting prognosis and IDH mutation status for patients with lower-grade gliomas using whole slide images.,Jiang Shuai; Zanazzi George J; Hassanpour Saeed,Scientific reports,2021,10.1038/s41598-021-95948-x,PMC8377095,Yes,Yes,PMID_34413349.pdf
32580519,Diffusion Kurtosis Imaging-A Superior Approach to Assess Tumor-Stroma Ratio in Pancreatic Ductal Adenocarcinoma.,Mayer Philipp; Jiang Yixin; Kuder Tristan A; Bergmann Frank; Khristenko Ekaterina; Steinle Verena; Kaiser Jörg; Hackert Thilo; Kauczor Hans-Ulrich; Klauß Miriam; Gaida Matthias M,Cancers,2020,10.3390/cancers12061656,PMC7352692,Yes,Yes,PMID_32580519.pdf
29346783,Does [-2]Pro-Prostate Specific Antigen Meet the Criteria to Justify Its Inclusion in the Clinical Decision-Making Process?,Sanchis-Bonet Angeles; Barrionuevo-González Marta; Bajo-Chueca Ana; Morales-Palacios Nelson; Sanchez-Chapado Manuel,Urologia internationalis,2018,10.1159/000481439,,No,No,
25962470,Elevations of serum CA-125 predict severity of acute appendicitis in males.,Berger Yaniv; Nevler Avinoam; Shwaartz Chaya; Lahat Eylon; Zmora Oded; Gutman Mordechai; Shabtai Moshe,ANZ journal of surgery,2016,10.1111/ans.13128,,No,No,
34820614,High Sensitivity Troponin T and NT-proBNP in Patients Receiving Chimeric Antigen Receptor (CAR) T-Cell Therapy.,Hu Jiun-Ruey; Patel Ameet; Huang Shi; Su Yan Ru; Dahlman Kimberly B; Tomasek Kelsey; Zhang Yueli; O'Neil Richard T; O'Neal Jamye F; Turker Isik; Johnson Douglas B; Salem Joe-Elie; Moslehi Javid J; Oluwole Olalekan,Clinical hematology international,2021,10.2991/chi.k.210718.001,PMC8486972,Yes,Yes,PMID_34820614.pdf
28659298,Nutritional metabolomics and breast cancer risk in a prospective study.,Playdon Mary C; Ziegler Regina G; Sampson Joshua N; Stolzenberg-Solomon Rachael; Thompson Henry J; Irwin Melinda L; Mayne Susan T; Hoover Robert N; Moore Steven C,The American journal of clinical nutrition,2017,10.3945/ajcn.116.150912,PMC5525118,Yes,Yes,PMID_28659298.pdf
40581525,Uric acid and related disorders in the risk of pancreatic diseases: A UK Biobank prospective study.,Wang Yingluo; Su Junzhe; Liu Xin; Song Hui; Liu Zimin; Ren He; Hu Xiao; Lu Guotao; Chen Ying; Yu Qian,Pancreatology : official journal of the International Association of Pancreatology (IAP) ... [et al.],2025,10.1016/j.pan.2025.06.012,,No,No,
37724784,The quality and clinical translation of radiomics studies based on MRI for predicting Ki-67 levels in patients with breast cancer.,Wang Min; Mei Ting; Gong Youling,The British journal of radiology,2023,10.1259/bjr.20230172,PMC10546437,Yes,Yes,PMID_37724784.pdf
27508094,"TMEM45A, SERPINB5 and p16INK4A transcript levels are predictive for development of high-grade cervical lesions.",Manawapat-Klopfer Anna; Thomsen Louise T; Martus Peter; Munk Christian; Russ Rainer; Gmuender Hans; Frederiksen Kirsten; Haedicke-Jarboui Juliane; Stubenrauch Frank; Kjaer Susanne K; Iftner Thomas,American journal of cancer research,2016,,PMC4969401,Yes,Yes,PMID_27508094.pdf
41066731,Role of Circulating Tumor DNA Tumor Fraction in Advanced Non-Small Cell Lung Cancer and Its Impact on Patient Treatment Outcomes: A Prospective Real-World Study.,Cheung Ben Man Fei; Ko Elaine Yee-Ling; Shih David Jen Hao; Wong Jason Wing Hon; Chiu Matthew Kin-Liang; Kwok Gin Wai; Ho Isaac; Leung Dennis Kwok-Chuen; Lee Anne Wing-Mui; Lee Victor Ho-Fun; El Helali Aya,JCO precision oncology,2025,10.1200/PO-25-00376,PMC12513052,Yes,Yes,PMID_41066731.pdf
41015627,Plasma CAF22 and NfL reflect neuromuscular decline during cisplatin-based chemotherapy and radical cystectomy in muscle-invasive bladder cancer.,Qaisar Rizwan; Hussain Shah; Ahmad Firdos; Karim Asima,International journal of clinical oncology,2025,10.1007/s10147-025-02890-3,,No,No,
33683480,New clinical algorithm including fungal biomarkers to better diagnose probable invasive pulmonary aspergillosis in ICU.,Hamam Joffrey; Navellou Jean-Christophe; Bellanger Anne-Pauline; Bretagne Stéphane; Winiszewski Hadrien; Scherer Emeline; Piton Gael; Millon Laurence; Collaborative RESSIF group,Annals of intensive care,2021,10.1186/s13613-021-00827-3,PMC7938267,Yes,Yes,PMID_33683480.pdf
21652582,Correlation of cytidine deaminase polymorphisms and activity with clinical outcome in gemcitabine-/platinum-treated advanced non-small-cell lung cancer patients.,Tibaldi C; Giovannetti E; Tiseo M; Leon L G; D'Incecco A; Loosekoot N; Bartolotti M; Honeywell R; Cappuzzo F; Ardizzoni A; Peters G J,Annals of oncology : official journal of the European Society for Medical Oncology,2012,10.1093/annonc/mdr280,,No,No,
41351270,"A more selective risk-stratified, machine learning based, lung cancer thromboprophylaxis protocol following vats segmentectomy: a prospective cohort study.",Wang Jing; Wang Di; Cui Songping; Yang Shuqiao; Zhao Qing; Chen Qirui; Miao Jin-Bai; Fu Yi-Li; Li Hui; Hu Bin,"International journal of surgery (London, England)",2025,10.1097/JS9.0000000000004151,,No,No,
24198242,"Quantitative ER and PgR assessment as predictors of benefit from lapatinib in postmenopausal women with hormone receptor-positive, HER2-negative metastatic breast cancer.",Finn Richard S; Press Michael F; Dering Judy; O'Rourke Lisa; Florance Allison; Ellis Catherine; Martin Anne-Marie; Johnston Stephen,Clinical cancer research : an official journal of the American Association for Cancer Research,2014,10.1158/1078-0432.CCR-13-1260,,No,No,
21377296,Elevation in exhaled nitric oxide predicts for radiation pneumonitis.,Guerrero Thomas; Martinez Josue; McCurdy Matthew R; Wolski Michael; McAleer Mary Francis,"International journal of radiation oncology, biology, physics",2012,10.1016/j.ijrobp.2010.08.041,PMC3626498,Yes,Yes,PMID_21377296.pdf
19738141,"A prospective study of bone lead concentration and death from all causes, cardiovascular diseases, and cancer in the Department of Veterans Affairs Normative Aging Study.",Weisskopf Marc G; Jain Nitin; Nie Huiling; Sparrow David; Vokonas Pantel; Schwartz Joel; Hu Howard,Circulation,2009,10.1161/CIRCULATIONAHA.108.827121,PMC2760410,Yes,Yes,PMID_19738141.pdf
41354696,A rapid urinary test for combining PSA and zinc to enhance prostate cancer diagnosis: results from a prospective study.,Amparore Daniele; De Cillis Sabrina; Zamengo Davide; Ortenzi Michele; Alladio Eugenio; Di Nardo Fabio; Serra Thea; Occhipinti Sergio; Fiori Cristian; Porpiglia Francesco,Prostate cancer and prostatic diseases,2025,10.1038/s41391-025-01030-2,,No,Yes,PMID_41354696.pdf
40024885,Association Between Skin Autofluorescence and Coronary Heart Disease in Chinese General Population: A Cross-Sectional Study.,Wu Qingzheng; Cheng Yu; Liu Hongyan; Wang Yuepeng; Li Bing; Mu Yiming,Journal of diabetes,2025,10.1111/1753-0407.70061,PMC11872386,Yes,Yes,PMID_40024885.pdf
38160567,Lipidomics reveals immune-related adverse events in NSCLC patients receiving immune checkpoint inhibitor.,Yu Jia; Xiong Fen; Xu Yingruo; Xu Hanyan; Zhang Xi; Gao Hongchang; Li Yuping,International immunopharmacology,2024,10.1016/j.intimp.2023.111412,,No,No,
35117702,Claudin 18.2 expression in various tumor types and its role as a potential target in advanced gastric cancer.,Hong Jung Yong; An Ji Yeong; Lee Jeeyun; Park Se Hoon; Park Joon Oh; Park Young Suk; Lim Ho Yeong; Kim Kyoung-Mee; Kang Won Ki; Kim Seung Tae,Translational cancer research,2020,10.21037/tcr-19-1876,PMC8797704,Yes,Yes,PMID_35117702.pdf
27870562,Monitoring of Serum DNA Methylation as an Early Independent Marker of Response and Survival in Metastatic Breast Cancer: TBCRC 005 Prospective Biomarker Study.,Visvanathan Kala; Fackler MaryJo S; Zhang Zhe; Lopez-Bujanda Zoila A; Jeter Stacie C; Sokoll Lori J; Garrett-Mayer Elizabeth; Cope Leslie M; Umbricht Christopher B; Euhus David M; Forero Andres; Storniolo Anna M; Nanda Rita; Lin Nancy U; Carey Lisa A; Ingle James N; Sukumar Saraswati; Wolff Antonio C,Journal of clinical oncology : official journal of the American Society of Clinical Oncology,2017,10.1200/JCO.2015.66.2080,PMC5455421,Yes,Yes,PMID_27870562.pdf
26561466,Lymphocyte to monocyte ratio is associated with response to first-line platinum-based chemotherapy and prognosis of early-stage non-small cell lung cancer patients.,Song Ying-Jian; Wang Li-Xin; Hong Yong-Qing; Lu Zheng-Hong; Tong Qiang; Fang Xiao-Zheng; Tan Juan,Tumour biology : the journal of the International Society for Oncodevelopmental Biology and Medicine,2016,10.1007/s13277-015-4397-8,,No,No,
26124346,Evaluation of Bone Metastasis Using Serial Measurements of Serum N-Telopeptides of Type I Collagen in Patients with Lung Cancer: A Prospective Study.,Tamiya Motohiro; Tokunaga Shinya; Okada Hideaki; Suzuki Hidekazu; Sasada Shinji; Okamoto Norio; Morishita Naoko; Shiroyama Takayuki; Otsuka Tomoyuki; Miyamoto Natsuko; Taira Koichi; Daga Haruko; Takeda Koji; Hirashima Tomonori,Anticancer research,2015,,,No,No,
41386760,A New Radiotranscriptomic Approach to Analyze Combined Sets of T3b Stage-Specific Genes and Radiomic Features in Prostate Cancer.,Yang Qian; Tang Peng; Mo Jiao; Li Qiuyang; Huang Jiahui; Han Xiaoyu; Xu Hao; Liu Xi; Tang Jie,"Cancer reports (Hoboken, N.J.)",2025,10.1002/cnr2.70391,PMC12700717,Yes,Yes,PMID_41386760.pdf
24841218,Early assessment with 18F-fluorodeoxyglucose positron emission tomography/computed tomography can help predict the outcome of neoadjuvant chemotherapy in triple negative breast cancer.,Groheux David; Hindié Elif; Giacchetti Sylvie; Hamy Anne-Sophie; Berger Frederique; Merlet Pascal; de Roquancourt Anne; de Cremoux Patricia; Marty Michel; Hatt Mathieu; Espié Marc,"European journal of cancer (Oxford, England : 1990)",2014,10.1016/j.ejca.2014.04.020,,No,No,
30617131,Circulating miRNAs and PD-L1 Tumor Expression Are Associated with Survival in Advanced NSCLC Patients Treated with Immunotherapy: a Prospective Study.,Boeri Mattia; Milione Massimo; Proto Claudia; Signorelli Diego; Lo Russo Giuseppe; Galeone Carlotta; Verri Carla; Mensah Mavis; Centonze Giovanni; Martinetti Antonia; Sottotetti Elisa; Pastorino Ugo; Garassino Marina Chiara; Sozzi Gabriella,Clinical cancer research : an official journal of the American Association for Cancer Research,2019,10.1158/1078-0432.CCR-18-1981,PMC6445748,Yes,Yes,PMID_30617131.pdf
24908062,Low expression of novel lncRNA RP11-462C24.1 suggests a biomarker of poor prognosis in colorectal cancer.,Shi Debing; Zheng Hongtu; Zhuo Changhua; Peng Junjie; Li Dawei; Xu Ye; Li Xinxiang; Cai Guoxiang; Cai Sanjun,"Medical oncology (Northwood, London, England)",2014,10.1007/s12032-014-0031-7,PMC4079943,Yes,Yes,PMID_24908062.pdf
20888135,"Development and validation of a prognostic model using blood biomarker information for prediction of survival of non-small-cell lung cancer patients treated with combined chemotherapy and radiation or radiotherapy alone (NCT00181519, NCT00573040, and NCT00572325).",Dehing-Oberije Cary; Aerts Hugo; Yu Shipeng; De Ruysscher Dirk; Menheere Paul; Hilvo Mika; van der Weide Hiska; Rao Bharat; Lambin Philippe,"International journal of radiation oncology, biology, physics",2011,10.1016/j.ijrobp.2010.06.011,,No,No,
25655559,Positron emission tomography-computed tomography before treatment is highly prognostic of distant metastasis in nasopharyngeal carcinoma patients after intensity-modulated radiotherapy treatment: a prospective study with long-term follow-up.,Xiao WeiWei; Xu AnAn; Han Fei; Lin XiaoPing; Lu LiXia; Shen GuanZhu; Huang ShaoMin; Fan Wei; Deng XiaoWu; Zhao Chong,Oral oncology,2015,10.1016/j.oraloncology.2015.01.009,,No,No,
30652258,PIK3CA Mutational Status Is Associated with High Glycolytic Activity in ER+/HER2- Early Invasive Breast Cancer: a Molecular Imaging Study Using [18F]FDG PET/CT.,Magometschnigg Heinrich; Pinker Katja; Helbich Thomas; Brandstetter Anita; Rudas Margaretha; Nakuz Thomas; Baltzer Pascal; Wadsak Wolfgang; Hacker Marcus; Weber Michael; Dubsky Peter; Filipits Martin,Molecular imaging and biology,2019,10.1007/s11307-018-01308-z,PMC7489296,Yes,Yes,PMID_30652258.pdf
38911592,"The FITNESS study: longitudinal geriatric assessment, treatment toxicity, and biospecimen collection to assess functional disability among older adults with lung cancer.",Grogan Madison; Hoyd Rebecca; Benedict Jason; Janse Sarah; Williams Nyelia; Naughton Michelle; Burd Christin E; Paskett Electra D; Rosko Ashley; Spakowicz Daniel J; Presley Carolyn J,Frontiers in aging,2024,10.3389/fragi.2024.1268232,PMC11190321,Yes,Yes,PMID_38911592.pdf
39330993,Frailty and pre-frailty associated with long-term diminished physical performance and quality of life in breast cancer and hematopoietic cell transplant survivors.,El Jurdi Najla; Te Hok Sreng; Cao Qing; Napurski Char; Wang Shuo; Robinson Andre; Arora Mukta; ElHusseini Heba; He Fiona; Niedernhofer Laura J; Thyagarajan Bharat; Prizment Anna; Holtan Shernan; Blaes Anne Hudson; Yousefzadeh Matthew J,Aging,2024,10.18632/aging.206109,PMC11466481,Yes,Yes,PMID_39330993.pdf
25519703,Identification of a candidate prognostic gene signature by transcriptome analysis of matched pre- and post-treatment prostatic biopsies from patients with advanced prostate cancer.,Rajan Prabhakar; Stockley Jacqueline; Sudbery Ian M; Fleming Janis T; Hedley Ann; Kalna Gabriela; Sims David; Ponting Chris P; Heger Andreas; Robson Craig N; McMenemin Rhona M; Pedley Ian D; Leung Hing Y,BMC cancer,2014,10.1186/1471-2407-14-977,PMC4301544,Yes,Yes,PMID_25519703.pdf
35462765,"Serum expression of Vascular Endothelial-Cadherin, CD44, Human High mobility group B1, Kallikrein 6 proteins in different stages of laryngeal intraepithelial lesions and early glottis cancer.",Żurek Michał; Rzepakowska Anna; Kotuła Iwona; Demkow Urszula; Niemczyk Kazimierz,PeerJ,2022,10.7717/peerj.13104,PMC9029362,Yes,Yes,PMID_35462765.pdf
30327584,Dynamic Contrast-Enhanced Imaging as a Prognostic Tool in Early Diagnosis of Prostate Cancer: Correlation with PSA and Clinical Stage.,Wu Xingchen; Reinikainen Petri; Kapanen Mika; Vierikko Tuula; Ryymin Pertti; Kellokumpu-Lehtinen Pirkko-Liisa,Contrast media & molecular imaging,2018,10.1155/2018/3181258,PMC6169212,Yes,Yes,PMID_30327584.pdf
40191855,Hormonal Biomarkers in Predicting Prostate and Clinically Significant Prostate Cancer: A Prospective Study.,Eker Anil; Cinar Mahmut; Dagasan Muhammet Halil; Erdemoglu Onur; Cetin Taha; Akbaba Kagan Turker; Yarimoglu Serkan; Bozkurt İbrahim Halil; Gunlusoy Bulent; Degirmenci Tansu; Celik Serdar,Archivos espanoles de urologia,2025,10.56434/j.arch.esp.urol.20257802.19,,No,No,
24800827,BNP predicts chemotherapy-related cardiotoxicity and death: comparison with gated equilibrium radionuclide ventriculography.,Skovgaard Dorthe; Hasbak Philip; Kjaer Andreas,PloS one,2014,10.1371/journal.pone.0096736,PMC4011788,Yes,Yes,PMID_24800827.pdf
41212451,Correlation between intrahepatic iodine quantity after portal vein embolization and future liver remnant hypertrophy.,Komada Tomohiro; Sato Yuki; Matsushima Masaya; Uemura Takeshi; Tamashiro Daiki; Asai Ryota; Ito Kyoko; Mizuno Takashi; Ebata Tomoki; Naganawa Shinji,Japanese journal of radiology,2025,10.1007/s11604-025-01906-2,,No,Yes,PMID_41212451.pdf
38401507,CT-guided high dose rate brachytherapy can induce multiple systemic proteins of proliferation and angiogenesis predicting outcome in HCC.,Salvermoser Lukas; Goldberg Shraga Nahum; Alunni-Fabbroni Marianna; Kazmierczak Philipp Maximilian; Gröper Moritz Nikolaus; Schäfer Jan Niklas; Öcal Elif; Burkard Tanja; Corradini Stefanie; Ben Khaled Najib; Petrera Agnese; Wildgruber Moritz; Ricke Jens; Stechele Matthias,Translational oncology,2024,10.1016/j.tranon.2024.101919,PMC10906383,Yes,Yes,PMID_38401507.pdf
37032747,A diagnostic test of three-dimensional magnetic resonance elastography imaging for preoperative prediction of microvascular invasion in patients with T1 stage clear cell renal carcinoma.,Zhang Han-Mei; Wen Da-Guang; Chen Jie; Chen Yun-Tian; Yin Meng; Wang Yi; Wei Yi; Bao Yi-Ge; Wu Ying-Hua; Song Bin,Translational andrology and urology,2023,10.21037/tau-23-94,PMC10080352,Yes,Yes,PMID_37032747.pdf
41134730,Evaluating Urinary Biomarkers for Early Detection of Kidney Damage in Immune Checkpoint Inhibitors-Treated Patients.,Casanova Alfredo G; Tascón Javier; Del Barco Edel; Olivares Alejandro; Carretero Tránsito; Hijas Milagros; Sánchez-Sierra Ana C; Villanueva-Sánchez Elena; Pescador Moisés; Prieto Marta; Vicente-Vicente Laura; Morales Ana I,American journal of nephrology,2025,10.1159/000548773,PMC12707895,Yes,No,
30332288,Assessing Chemotherapeutic Response in Pancreatic Ductal Adenocarcinoma: Histogram Analysis of Iodine Concentration and CT Number in Single-Source Dual-Energy CT.,Noda Yoshifumi; Goshima Satoshi; Miyoshi Toshiharu; Kawada Hiroshi; Kawai Nobuyuki; Tanahashi Yukichi; Matsuo Masayuki,AJR. American journal of roentgenology,2018,10.2214/AJR.18.19791,,No,No,
21467738,Evaluation of anxiety and salivary chromogranin a secretion in women receiving breast conserving surgery followed by radiation therapy.,Seki-Nakamura Kaori; Maebayashi Katsuya; Nasu-Izumi Sachiko; Akimoto Tetsuo; Mitsuhashi Norio,Journal of radiation research,2011,10.1269/jrr.10160,,No,No,
36405727,The role of immune profile in predicting outcomes in cancer patients treated with immunotherapy.,Botticelli Andrea; Pomati Giulia; Cirillo Alessio; Scagnoli Simone; Pisegna Simona; Chiavassa Antonella; Rossi Ernesto; Schinzari Giovanni; Tortora Giampaolo; Di Pietro Francesca Romana; Cerbelli Bruna; Di Filippo Alessandra; Amirhassankhani Sasan; Scala Alessandro; Zizzari Ilaria Grazia; Cortesi Enrico; Tomao Silverio; Nuti Marianna; Mezi Silvia; Marchetti Paolo,Frontiers in immunology,2022,10.3389/fimmu.2022.974087,PMC9671166,Yes,Yes,PMID_36405727.pdf
22530956,Plasma procalcitonin and the risk of cardiovascular events and death: a prospective population-based study.,Schiopu A; Hedblad B; Engström G; Struck J; Morgenthaler N G; Melander O,Journal of internal medicine,2012,10.1111/j.1365-2796.2012.02548.x,,No,No,
41153275,"Lesion Stiffness Measured by Magnetic Resonance Elastography: A Novel Biomarker for Differentiating Benign, Premalignant and Malignant Prostate Lesions.",Poçan Süheyl; Karakaş Levent,"Diagnostics (Basel, Switzerland)",2025,10.3390/diagnostics15202603,PMC12563254,Yes,Yes,PMID_41153275.pdf
33468259,Assessment of tissue perfusion of pancreatic cancer as potential imaging biomarker by means of Intravoxel incoherent motion MRI and CT perfusion: correlation with histological microvessel density as ground truth.,Mayer Philipp; Fritz Franziska; Koell Marco; Skornitzke Stephan; Bergmann Frank; Gaida Matthias M; Hackert Thilo; Maier-Hein Klaus; Laun Frederik B; Kauczor Hans-Ulrich; Grenacher Lars; Klauß Miriam; Stiller Wolfram,Cancer imaging : the official publication of the International Cancer Imaging Society,2021,10.1186/s40644-021-00382-x,PMC7816417,Yes,Yes,PMID_33468259.pdf
32472227,The flow-metabolism ratio might predict treatment response and survival in patients with locally advanced esophageal squamous cell carcinoma.,Zhao Kewei; Wang Chunsheng; Mao Qingfeng; Shang Dongping; Huang Yong; Ma Li; Yu Jinming; Li Minghuan,EJNMMI research,2020,10.1186/s13550-020-00647-9,PMC7260309,Yes,Yes,PMID_32472227.pdf
38702761,Functional imaging guided stereotactic ablative body radiotherapy (SABR) with focal dose escalation and bladder trigone sparing for intermediate and high-risk prostate cancer: study protocol for phase II safo trial.,Zapatero Almudena; Castro Pablo; Roch María; Carnero Pablo Rodríguez; Carroceda Sara; Rosciupchin Alexandra Elena Stoica; Hernández Sergio Honorato; Cogorno Leopoldo; Iturriaga Alfonso Gómez; García David Büchser,"Radiation oncology (London, England)",2024,10.1186/s13014-024-02440-7,PMC11069220,Yes,Yes,PMID_38702761.pdf
41619712,Prospective study of anamorelin in pancreatic cancer cachexia: Clinical and translational insights into response heterogeneity.,Matsukane Ryosuke; Minami Haruna; Fujimori Nao; Ueda Keijiro; Komori Yasuhiro; Takamatsu Yu; Ueda Takahiro; Kimura Minako; Matsuzaki Chitose; Tanaka Takanori; Morito Aimi; Kuwahara Saki; Hashimoto Masako; Hirai Satoshi; Yokoyama Tomiko; Ishida Shigeru; Hirota Takeshi; Ogawa Yoshihiro; Uchida Mayako,"Clinical nutrition (Edinburgh, Scotland)",2026,10.1016/j.clnu.2026.106581,,No,No,
41058766,Clinical evaluation of combined programmed cell death protein 1 inhibitor and poly(ADP-ribose) polymerase inhibitor in metastatic castration-resistant prostate cancer patients: Insights from a real-world study.,Shao Yuan; Liu Zihao; Zhang Yinchi; Liu Yang; Huang Hua; Fu Zhinan; Yang Zhen; Wang Zeyuan; Zhang Shen; Wang Yong,Current urology,2025,10.1097/CU9.0000000000000304,PMC12499763,Yes,Yes,PMID_41058766.pdf
31661606,Association between cancer antigen 19-9 and diabetes risk: A prospective and Mendelian randomization study.,Li Zhaoyang; Wang Jing; Han Xu; Wang Fei; Hu Hua; Yuan Jing; Yao Ping; Wei Sheng; Guo Huan; Zheng Dan; Tang Yuhan; Yang Handong; He Meian,Journal of diabetes investigation,2020,10.1111/jdi.13166,PMC7232271,Yes,Yes,PMID_31661606.pdf
37760481,Prognostic Role of Circulating Tumor Cells in Patients with Metastatic Castration-Resistant Prostate Cancer Receiving Cabazitaxel: A Prospective Biomarker Study.,Koinis Filippos; Zafeiriou Zafeiris; Messaritakis Ippokratis; Katsaounis Panagiotis; Koumarianou Anna; Kontopodis Emmanouil; Chantzara Evangelia; Aidarinis Chrissovalantis; Lazarou Alexandros; Christodoulopoulos George; Emmanouilides Christos; Hatzidaki Dora; Kallergi Galatea; Georgoulias Vassilis; Kotsakis Athanasios,Cancers,2023,10.3390/cancers15184511,PMC10527446,Yes,Yes,PMID_37760481.pdf
36753015,"Renal arterial resistive index, monocyte chemotactic protein 1 and neutrophil gelatinase-associated lipocalin, for predicting acute kidney injury in critically ill cancer patients.",Córdova-Sánchez Bertha M; Ñamendys-Silva Silvio A; Pacheco-Bravo Irlanda; García-Guillén Francisco Javier; Mejía-Vilet Juan Manuel; Cruz Cristino; Barraza-Aguirre Gustavo; Ramírez-Talavera Walter Oswaldo; López-Zamora Adán R; Monera-Martínez Fernando; Vidal-Arellano Luis Jesús; Morales-Buenrostro Luis Eduardo,International urology and nephrology,2023,10.1007/s11255-023-03504-5,,No,No,
35482078,"Efficacy and safety of sintilimab plus docetaxel in patients with previously treated advanced non-small cell lung cancer: a prospective, single-arm, phase II study in China.",Han Xiao; Guo Jun; Tang Xiaoyong; Zhu Hui; Zhu Dongyuan; Zhang Xiqin; Meng Xiangjiao; Hua Ying; Wang Zhongtang; Zhang Yan; Huang Wei; Wang Linlin; Yuan Shuanghu; Zhang Pingliang; Gong Heyi; Sun Yulan; Zhang Yingjie; Liu Zengjun; Wang Zhehai,Journal of cancer research and clinical oncology,2023,10.1007/s00432-022-04023-z,PMC9047475,Yes,Yes,PMID_35482078.pdf
28740457,Perioperative Increase in Neutrophil CD64 Expression is an Indicator for Intra-abdominal Infection after Colorectal Cancer Surgery.,Povsic Milena Kerin; Beovic Bojana; Ihan Alojz,Radiology and oncology,2017,10.1515/raon-2016-0016,PMC5514662,Yes,Yes,PMID_28740457.pdf
40216820,Comprehensive genomic profiling reveals a unique genomic landscape in solid tumors in an Indian cancer cohort of 1000 patients: a single institutional experience.,Ghosh Mithua; Lingaraju Sheela Mysore; C R Krishna; Balaram Gautam; Kodandapani Ramya; E Vijay; K Vijay; N Suhas; H Devika; Patil Shekar; Thungappa Satheesh Chiradoni; Bhattacharjee Somorat; P S Sridhar; Dasgupta Roshni; Naseer Mohammed; B J Srinivas; Rao Vishal; Ramaswamy Veena; Naik Radheshyam; Babu Govind; Ravichandran Aarthi; Bahadur Urvashi; Murugan Krithika; B Mahesh; Reddy Lohith; Basavalinga S Ajaikumar,Scientific reports,2025,10.1038/s41598-025-94762-z,PMC11992052,Yes,Yes,PMID_40216820.pdf
37113733,Circulating tumor cells dynamics during chemotherapy predict survival and response in advanced non-small-cell lung cancer patients.,Wang Zhen; Zhang Xu-Chao; Feng Wei-Neng; Zhang Li; Liu Xiao-Qing; Guo Wei-Bang; Deng Yan-Ming; Zou Qing-Feng; Yang Jin-Ji; Zhou Qing; Wang Bin-Chao; Chen Hua-Jun; Tu Hai-Yan; Yan Hong-Hong; Wu Yi-Long,Therapeutic advances in medical oncology,2023,10.1177/17588359231167818,PMC10126699,Yes,Yes,PMID_37113733.pdf
36264049,"Up-regulation of oxidized low-density lipoprotein receptor 1 correlates with decreased miR-106b-5p, miR-93-5p, miR-3129-5p, miR-199b-3p, and miR-4465, higher recurrence rate, and poor prognosis in ovarian cancer.",Liu Jun; Zeng Ya; Zheng Lang,Histology and histopathology,2023,10.14670/HH-18-536,,No,No,
41367558,Integrative modeling of longitudinal cell-free DNA and tumor volume dynamics: a multimodal quantitative prognostic framework.,Choi Jihwan; Shim Jooyong; Kim Jonghoon; Kim Yeon Jeong; Hwang Changha; Park Woong-Yang; Noh Jae Myoung; Pyo Hongryull; Lee Ho Yun,Translational lung cancer research,2025,10.21037/tlcr-2025-940,PMC12683446,Yes,Yes,PMID_41367558.pdf
41365476,Bayesian Learning to Reduce Cardiac Risk of Patients With Locally Advanced Non-Small Cell Lung Cancer Based on Personalized Radiation Therapy Prescription.,Lin Ruitao; Chen Mei; Zhang Xiaodong; Xu Tianlin; Xu Ting; Maguire Rachel C; Corrigan Kelsey L; Koutroumpakis Efstratios; Chang Joe Y; Lin Steven H; Chen Aileen B; Nguyen Quynh-Nhu; Gandhi Saumil J; Ning Matthew S; Bronk Julianna; Chun Stephen; Ajdari Ali; Niedzielski Joshua S; Yang Jinzhong; Chen Xinru; Pan Tinsu; Meng Qing H; Tsao Anne S; Deswal Anita; Mohan Radhe; Liao Zhongxing,"International journal of radiation oncology, biology, physics",2025,10.1016/j.ijrobp.2025.11.061,,No,No,
18509184,Specific EGFR mutations predict treatment outcome of stage IIIB/IV patients with chemotherapy-naive non-small-cell lung cancer receiving first-line gefitinib monotherapy.,Yang Chih-Hsin; Yu Chong-Jen; Shih Jin-Yuan; Chang Yeun-Chung; Hu Fu-Chang; Tsai Meng-Chin; Chen Kuan-Yu; Lin Zhong-Zhe; Huang Ching-Ju; Shun Chia-Tung; Huang Chin-Lun; Bean James; Cheng Ann-Lii; Pao William; Yang Pan-Chyr,Journal of clinical oncology : official journal of the American Society of Clinical Oncology,2008,10.1200/JCO.2007.15.6695,,No,No,
29775599,Model to Determine Risk of Pancreatic Cancer in Patients With New-Onset Diabetes.,Sharma Ayush; Kandlakunta Harika; Nagpal Sajan Jiv Singh; Feng Ziding; Hoos William; Petersen Gloria M; Chari Suresh T,Gastroenterology,2018,10.1053/j.gastro.2018.05.023,PMC6120785,Yes,Yes,PMID_29775599.pdf
35513884,Copy number variation of urine exfoliated cells by low-coverage whole genome sequencing for diagnosis of prostate adenocarcinoma: a prospective cohort study.,Guan Youyan; Wang Xiaobing; Guan Kaopeng; Wang Dong; Bi Xingang; Xiao Zhendong; Xiao Zejun; Shan Xingli; Hu Linjun; Ma Jianhui; Li Changling; Zhang Yong; Shou Jianzhong; Wang Baiyun; Qian Ziliang; Xing Nianzeng,BMC medical genomics,2022,10.1186/s12920-022-01253-5,PMC9069213,Yes,Yes,PMID_35513884.pdf
41095988,Association Between Baseline Neutrophil-to-Lymphocyte Ratio and Short-Term Urinary Quality of Life During BCG Induction in Male Patients with Non-Muscle-Invasive Bladder Cancer: A Prospective Observational Study.,Spirito Lorenzo; Tammaro Simone; Coppola Paola; Manfredi Celeste; Romano Lorenzo; Sciorio Carmine; Di Girolamo Antonio; Napolitano Luigi; Bottone Francesco; Quattrone Carmelo; Imperatore Vittorio; Fusco Ferdinando; Arcaniolo Davide; De Sio Marco,Journal of clinical medicine,2025,10.3390/jcm14196908,PMC12524439,Yes,Yes,PMID_41095988.pdf
35348028,Correlation of Epidermal Growth Factor Receptor Mutation With Major Histologic Subtype of Lung Adenocarcinoma According to IASLC/ATS/ERS Classification.,Boukansa Sara; Benbrahim Zineb; Gamrani Sanaa; Bardai Sanae; Bouguenouch Laila; Mazti Asmae; Boutahiri Nadia; Serraj Mounia; Amara Bouchra; Ouadnouni Yassine; Smahi Mohamed; Alami Badreeddine; Mellas Nawfel; El Fatemi Hinde,Cancer control : journal of the Moffitt Cancer Center,2022,10.1177/10732748221084930,PMC8969502,Yes,Yes,PMID_35348028.pdf
36136099,Monitoring energy balance through clinical and serum biomarkers in patients with hematologic malignancies undergoing chemotherapy.,Lee Chang Won; Kim Inho; Koh Youngil; Shin Dongyeop; Hong Junshik; Kim Dong-Hoon; Park Mi-Rae; Hong Sun-Mok; Lee Yeji; Seo Kwan Sik,Annals of hematology,2022,10.1007/s00277-022-04984-8,,No,No,
40558544,Reduced mtDNA Copy Number Links to Vascular Calcification and Restores After Transplantation.,Schwarz Angelina; Qureshi Abdul Rashid; Hernandez Leah; Wennberg Lars; Wernerson Annika; Kublickiene Karolina; Shiels Paul G; Filograna Roberta; Stenvinkel Peter; Witasp Anna,Cells,2025,10.3390/cells14120917,PMC12190628,Yes,Yes,PMID_40558544.pdf
32681273,Prospective assessment of two-gene urinary test with multiparametric magnetic resonance imaging of the prostate for men undergoing primary prostate biopsy.,Busetto Gian Maria; Del Giudice Francesco; Maggi Martina; De Marco Ferdinando; Porreca Angelo; Sperduti Isabella; Magliocca Fabio Massimo; Salciccia Stefano; Chung Benjamin I; De Berardinis Ettore; Sciarra Alessandro,World journal of urology,2021,10.1007/s00345-020-03359-w,PMC8217060,Yes,Yes,PMID_32681273.pdf
37453559,"ReIGNITE Radiation Therapy Boost: A Prospective, International Study of Radiation Oncologists' Accuracy in Contouring Prostate Tumors for Focal Radiation Therapy Boost on Conventional Magnetic Resonance Imaging Alone or With Assistance of Restriction Spectrum Imaging.",Lui Asona J; Kallis Karoline; Zhong Allison Y; Hussain Troy S; Conlin Christopher; Digma Leonardino A; Phan Nikki; Mathews Ian T; Do Deondre D; Domingo Mariluz Rojo; Karunamuni Roshan; Kuperman Joshua; Dale Anders M; Shabaik Ahmed; Rakow-Penner Rebecca; Hahn Michael E; Seibert Tyler M,"International journal of radiation oncology, biology, physics",2023,10.1016/j.ijrobp.2023.07.004,PMC11088932,Yes,Yes,PMID_37453559.pdf
39520259,Analysis of the Abasic Sites in Breast Cancer Patients With 5 Year Postoperative Treatment Without Recurrence in Taiwan.,Lin Che; Feng Chi-Yen; Bahari Gilang P; Huang Sheng-Min; Wei Cheng-Hao; Xu Qi; Dinh Dat Thanh; Chen Dar-Ren; Lin Po-Hsiung,Cancer control : journal of the Moffitt Cancer Center,2024,10.1177/10732748241300656,PMC11550507,Yes,Yes,PMID_39520259.pdf
36601040,Automated Patient-level Prostate Cancer Detection with Quantitative Diffusion Magnetic Resonance Imaging.,Zhong Allison Y; Digma Leonardino A; Hussain Troy; Feng Christine H; Conlin Christopher C; Tye Karen; Lui Asona J; Andreassen Maren M S; Rodríguez-Soto Ana E; Karunamuni Roshan; Kuperman Joshua; Kane Christopher J; Rakow-Penner Rebecca; Hahn Michael E; Dale Anders M; Seibert Tyler M,European urology open science,2023,10.1016/j.euros.2022.11.009,PMC9806706,Yes,Yes,PMID_36601040.pdf
39306897,Multiple mycotoxin exposure assessment through human biomonitoring in an esophageal cancer case-control study in the Arsi-Bale districts of Oromia region of Ethiopia.,Mulisa Girma; Pero-Gascon Roger; McCormack Valerie; Bisanz Jordan E; Talukdar Fazlur Rahman; Abebe Tamrat; De Boevre Marthe; De Saeger Sarah,International journal of hygiene and environmental health,2025,10.1016/j.ijheh.2024.114466,PMC11635094,Yes,No,
35076939,Perioperative circulating tumor DNA as a potential prognostic marker for operable stage I to IIIA non-small cell lung cancer.,Li Ning; Wang Bao-Xiao; Li Jian; Shao Yang; Li Ming-Tian; Li Jian-Jun; Kuang Peng-Peng; Liu Zui; Sun Tian-Yu; Wu Hui-Qi; Ou Wei; Wang Si-Yu,Cancer,2022,10.1002/cncr.33985,,No,No,
41511870,Circulating tumour DNA in patients with stage III colon cancer: multicentre prospective PROVENC3 study.,Rubio-Alarcón Carmen; Georgiadis Andrew; Franken Ingrid A; Wang Haoyue; van Nassau Sietske C M W; Schraa Suzanna J; van der Kruijssen Dave E W; van Rooijen Karlijn; Linders Theodora C; Delis-van Diemen Pien; Alkemade Maartje; Bolijn Anne; Tijssen Marianne; Lemmens Margriet; Meiqari Lana; Ketelaars Steven L C; Closa-Mosquera Adria; van Dongen Miranda M W; Lanfermeijer Mirthe; Lissenberg-Witte Birgit I; Bosch Linda J W; Bisschop-Snetselaar Teunise; Adriaans Bregje C; Greer Amy; Riley David; White James R; Greco Christopher; Cox Liam; Fox Jesse; Victor Kaitlin; Leech Catherine; Angiuoli Samuel V; Kok Niels F M; Punt Cornelis J A; van den Broek Daan; Koopman Miriam; Meijer Gerrit A; Velculescu Victor E; Roodhart Jeanine M L; Coupé Veerle M H; Sausen Mark; Vink Geraldine R; Fijneman Remond J A; Other Members of the PLCRC-MEDOCC Group,The British journal of surgery,2025,10.1093/bjs/znaf281,PMC12785881,Yes,Yes,PMID_41511870.pdf
28385654,Surfactant Protein-D: A sensitive predictor for efficiency of preoperative pulmonary rehabilitation.,Huang Jian; Lai Yutian; Gao Ke; Wang Yifan; Du Heng; Su Jianhua; Che Guowei; Zhou Xudong,"International journal of surgery (London, England)",2017,10.1016/j.ijsu.2017.03.084,,No,No,
38906612,Proteomic prediction of diverse incident diseases: a machine learning-guided biomarker discovery study using data from a prospective cohort study.,Carrasco-Zanini Julia; Pietzner Maik; Koprulu Mine; Wheeler Eleanor; Kerrison Nicola D; Wareham Nicholas J; Langenberg Claudia,The Lancet. Digital health,2024,10.1016/S2589-7500(24)00087-6,,No,No,
34498301,Establishing the blood reference interval of pancreatic elastase-1: A prospective study.,Chi Su-Fen; Lai Chia-Yeh; Dong Wei-Ting; Wang Jiunn-Min; Wang Ya-Yu; Yang Sheng-Shun; Lin Jaw-Town; Lee Teng-Yu,Journal of gastroenterology and hepatology,2022,10.1111/jgh.15685,,No,No,
30396975,Plasma Catalase in Relation to Pain Following Midline Laparotomy: A Prospective Study of Patients with Benign Diseases and Patients with Cancer.,Saimanen Iina; Kärkkäinen Jari; Selander Tuomas; Purdy Martin; Kokki Merja; Kokki Hannu; Eskelinen Matti,Anticancer research,2018,10.21873/anticanres.13011,,No,Yes,PMID_30396975.pdf
33508844,"Association of Neutrophil-to-Lymphocyte Ratio, Platelet-to-Lymphocyte Ratio, and Lymphocyte-to-Monocyte Ratio with Benign Prostatic Hyperplasia: A Propensity Score-Matched Analysis.",Kang Jung Yoon; Choi Jae Duck; Cho Jeong Man; Yoo Tag Keun; Park Yeon Won; Lee Jun Ho,Urologia internationalis,2021,10.1159/000512894,,No,No,
26716653,The prognostic role of desmoplastic stroma in pancreatic ductal adenocarcinoma.,Wang Lai Mun; Silva Michael A; D'Costa Zenobia; Bockelmann Robin; Soonawalla Zahir; Liu Stanley; O'Neill Eric; Mukherjee Somnath; McKenna W Gillies; Muschel Ruth; Fokas Emmanouil,Oncotarget,2016,10.18632/oncotarget.6770,PMC4826198,Yes,Yes,PMID_26716653.pdf
23754630,Association between circulating concentrations of 25(OH)D and colorectal adenoma: a pooled analysis.,Jacobs Elizabeth T; Hibler Elizabeth A; Lance Peter; Sardo Christine L; Jurutka Peter W,International journal of cancer,2013,10.1002/ijc.28316,PMC3797158,Yes,Yes,PMID_23754630.pdf
36169361,[The relationship between the relative length of leukocyte telomeres and mtDNA copy number and acute coronary syndrome in a 15-year follow-up.].,Maximov V N; Orlov P S; Gurazeva A A; Melnikova E S; Gafarov V V; Chervova O A; Voevoda M I; Malyutina S K,Advances in gerontology = Uspekhi gerontologii,2022,,,No,No,
10944553,Prospective study of cyclin D1 overexpression in Barrett's esophagus: association with increased risk of adenocarcinoma.,Bani-Hani K; Martin I G; Hardie L J; Mapstone N; Briggs J A; Forman D; Wild C P,Journal of the National Cancer Institute,2000,10.1093/jnci/92.16.1316,,No,No,
30015864,Oxidative stress in electrohypersensitivity self‑reporting patients: Results of a prospective in vivo investigation with comprehensive molecular analysis.,Irigaray Philippe; Caccamo Daniela; Belpomme Dominique,International journal of molecular medicine,2018,10.3892/ijmm.2018.3774,PMC6108880,Yes,Yes,PMID_30015864.pdf
37323187,Prospective exosome-focused translational research for afatinib (EXTRA) study of patients with nonsmall cell lung cancer harboring EGFR mutation: an observational clinical study.,Takata Saori; Morikawa Kei; Tanaka Hisashi; Itani Hidetoshi; Ishihara Masashi; Horiuchi Kazuya; Kato Yasuhiro; Ikemura Shinnosuke; Nakagawa Hideyuki; Nakahara Yoshiro; Seki Yoshitaka; Bessho Akihiro; Takahashi Nobumasa; Hayashi Kentaro; Endo Takeo; Takeyama Kiyoshi; Maekura Toshiya; Takigawa Nagio; Kawase Akikazu; Endoh Makoto; Nemoto Kenji; Kishi Kazuma; Soejima Kenzo; Okuma Yusuke; Yoshimura Kenichi; Saigusa Daisuke; Kanai Yae; Ueda Koji; Togashi Akira; Matsutani Noriyuki; Seki Nobuhiko,Therapeutic advances in medical oncology,2023,10.1177/17588359231177021,PMC10262622,Yes,Yes,PMID_37323187.pdf
34925853,Elevated peripheral blood neutrophil-to-lymphocyte ratio is associated with an immunosuppressive tumour microenvironment and decreased benefit of PD-1 antibody in advanced gastric cancer.,Ruan Dan-Yun; Chen Yan-Xing; Wei Xiao-Li; Wang Ying-Nan; Wang Zi-Xian; Wu Hao-Xiang; Xu Rui-Hua; Yuan Shu-Qiang; Wang Feng-Hua,Gastroenterology report,2021,10.1093/gastro/goab032,PMC8677531,Yes,Yes,PMID_34925853.pdf
31808637,[Impact of germline BRCA2 and CHEK2 mutations on time to castration resistance in patients with metastatic hormone-nave prostate cancer].,Matveev V B; Kirichek A A; Filippova M G; Savinkova A V; Khalmurzaev O A; Lyubchenko L N,"Urologiia (Moscow, Russia : 1999)",2019,,,No,No,
41469151,Diagnostic Performance of PSMA PET/MRI in Characterizing LI-RADS 3 Observations in Patients with Cirrhosis.,Catalano Onofrio Antonio; Bhan Irun; Asmundo Luigi; Bradley William Robert; Fonderico Mattia; Zhang M Lisa; Mojtahed Amirkasra; Anderson Mark A; Herold Alexander; Hajati Azadeh; Pena-Trujillo Valeria; Caravan Peter D; Harrington Samantha G; Esfahani Shadi Abdar; Mahmood Umar; Elias Nahel; Walsh Elizabeth P; Pratt Daniel S; Scherrer Abigail B; Ellis Haley; Bethea Emily D; Sirlin Claude; Kambadakone Avinash Ramesh; Ryan David; Lau-Min Kelsey,"Journal of nuclear medicine : official publication, Society of Nuclear Medicine",2025,10.2967/jnumed.125.271228,,No,Yes,PMID_41469151.pdf
34567998,Is Elevated Choline on Magnetic Resonance Spectroscopy a Reliable Marker of Breast Lesion Malignancy?,Prvulovic Bunovic Natasa; Sveljo Olivera; Kozic Dusko; Boban Jasmina,Frontiers in oncology,2021,10.3389/fonc.2021.610354,PMC8462297,Yes,Yes,PMID_34567998.pdf
38430738,High linoleic acid levels in red blood cells predict a poor response to neoadjuvant chemotherapy in human epidermal growth factor receptor type 2-positive breast cancer patients.,Valenzuela Rodrigo; Walbaum Benjamín; Farias Camila; Acevedo Francisco; Vargas Catalina; Bennett José Tomas; Bravo M Loreto; Pinto Mauricio P; Medina Lidia; Merino Tomas; Ibañez Carolina; Parada Alejandra; Sanchez Cesar,"Nutrition (Burbank, Los Angeles County, Calif.)",2024,10.1016/j.nut.2024.112357,,No,No,
36502778,A phase II study to explore biomarkers for the use of mFOLFOX6/XELOX plus bevacizumab as a first-line chemotherapy in patients with metastatic colorectal cancer (WJOG7612GTR).,Okamoto W; Sakai K; Makiyama A; Yamamoto Y; Shitara K; Denda T; Izawa N; Nakano Y; Nishina T; Esaki T; Hara H; Miura Y; Boku N; Yamazaki K; Hironaka S; Misumi T; Hyodo I; Muro K; Nishio K,ESMO open,2022,10.1016/j.esmoop.2022.100592,PMC9808456,Yes,Yes,PMID_36502778.pdf
28288658,Prostate cancer treated with brachytherapy; an exploratory study of dose-dependent biomarkers and quality of life.,Osman Sarah O S; Horn Simon; Brady Darren; McMahon Stephen J; Yoosuf Ahamed B Mohamed; Mitchell Darren; Crowther Karen; Lyons Ciara A; Hounsell Alan R; Prise Kevin M; McGarry Conor K; Jain Suneil; O'Sullivan Joe M,"Radiation oncology (London, England)",2017,10.1186/s13014-017-0792-1,PMC5348795,Yes,Yes,PMID_28288658.pdf
38649279,Total metabolic tumor volume on 18F-FDG PET/CT is a game-changer for patients with metastatic lung cancer treated with immunotherapy.,Tricarico Pierre; Chardin David; Martin Nicolas; Contu Sara; Hugonnet Florent; Otto Josiane; Humbert Olivier,Journal for immunotherapy of cancer,2024,10.1136/jitc-2023-007628,PMC11043703,Yes,Yes,PMID_38649279.pdf
33810410,Prospective Image Quality and Lesion Assessment in the Setting of MR-Guided Radiation Therapy of Prostate Cancer on an MR-Linac at 1.5 T: A Comparison to a Standard 3 T MRI.,Almansour Haidara; Afat Saif; Fritz Victor; Schick Fritz; Nachbar Marcel; Thorwarth Daniela; Zips Daniel; Müller Arndt-Christian; Nikolaou Konstantin; Othman Ahmed E; Wegener Daniel,Cancers,2021,10.3390/cancers13071533,PMC8036991,Yes,Yes,PMID_33810410.pdf
36626198,Correlation Between Serum and Urine Biomarkers and the Intensity of Acute Radiation Cystitis in Patients Treated With Radiation Therapy for Localized Prostate Cancer: Protocol for the Radiotoxicity Bladder Biomarkers (RABBIO) Study.,Helissey Carole; Cavallero Sophie; Mondot Stanislas; Parnot Charles; Yssaad Halima; Becherirat Selma; Guitard Nathalie; Thery Hélène; Schernberg Antoine; Breitwiller Hugo; Chargari Cyrus; Francois Sabine,JMIR research protocols,2023,10.2196/38362,PMC9874987,Yes,Yes,PMID_36626198.pdf
32709713,Baseline metabolic tumor volume as a strong predictive and prognostic biomarker in patients with non-small cell lung cancer treated with PD1 inhibitors: a prospective study.,Chardin David; Paquet Marie; Schiappa Renaud; Darcourt Jacques; Bailleux Caroline; Poudenx Michel; Sciazza Aurélie; Ilie Marius; Benzaquen Jonathan; Martin Nicolas; Otto Josiane; Humbert Olivier,Journal for immunotherapy of cancer,2020,10.1136/jitc-2020-000645,PMC7380842,Yes,Yes,PMID_32709713.pdf
30326862,Predictive impact of absolute lymphocyte counts for progression-free survival in human epidermal growth factor receptor 2-positive advanced breast cancer treated with pertuzumab and trastuzumab plus eribulin or nab-paclitaxel.,Araki Kazuhiro; Ito Yoshinori; Fukada Ippei; Kobayashi Kokoro; Miyagawa Yoshimasa; Imamura Michiko; Kira Ayako; Takatsuka Yuichi; Egawa Chiyomi; Suwa Hirofumi; Ohno Shinji; Miyoshi Yasuo,BMC cancer,2018,10.1186/s12885-018-4888-2,PMC6191898,Yes,Yes,PMID_30326862.pdf
36976368,Investigation of Atypical Cell Parameter in the Surveillance of Patients with NMIBC; Initial Outcomes of a Single Center Prospective Study.,Karaburun Murat Can; Özkaya Mehmet Fatih; Ergüder Berrin İmge; Süer Evren,Journal of medical systems,2023,10.1007/s10916-023-01929-0,,No,No,
18663161,"Plasma vitamin C level, fruit and vegetable consumption, and the risk of new-onset type 2 diabetes mellitus: the European prospective investigation of cancer--Norfolk prospective study.",Harding Anne-Helen; Wareham Nicholas J; Bingham Sheila A; Khaw KayTee; Luben Robert; Welch Ailsa; Forouhi Nita G,Archives of internal medicine,2008,10.1001/archinte.168.14.1493,,No,No,
32684928,Clinical Impact of Breast Cancer Stem Cells in Metastatic Breast Cancer Patients.,Elbaiomy M A; Akl Tamer; Atwan Nadia; Elsayed Ahmed Ali; Elzaafarany Maha; Shamaa S,Journal of oncology,2020,10.1155/2020/2561726,PMC7336231,Yes,Yes,PMID_32684928.pdf
39699670,Exploring the value of multiparametric quantitative MRI in the assessment of pancreatic ductal adenocarcinoma fibrosis grading.,Wang Fangqing; Xu Xinghua; Xu Jianwei; Li Feng; Zhang Hui; Wang Lei; Yu Dexin,European radiology,2025,10.1007/s00330-024-11246-w,,No,No,
39672249,Lipoprotein (a) in the Full Spectrum of Metabolic Dysfunction-associated Steatotic Liver Disease: Evidence From Histologically and Genetically Characterized Cohorts.,Fan Hong; Kouvari Matina; Mingrone Geltrude; George Jacob; Papatheodoridis Georgios; Valenzuela-Vallejo Laura; Liu Zhenqiu; Chen Xingdong; Zhang Tiejun; Mantzoros Christos S,Clinical gastroenterology and hepatology : the official clinical practice journal of the American Gastroenterological Association,2025,10.1016/j.cgh.2024.10.018,,No,No,
38685125,Exploring new frontiers: cell surface vimentin as an emerging marker for circulating tumor cells and a promising therapeutic target in advanced gastric Cancer.,Li Heming; Zhu Yang-Zhuangzhuang; Xu Lu; Han Tao; Luan Jiasi; Li Xin; Liu Yuting; Wang Zhi; Liu Qiuge; Kong Xiangyu; Zou Chunpu; Su Lin; Hou Yifei; Chen Xiao; Chen Lujun; Wang Ruoyu; Xu Zihang; Zhao Mingfang,Journal of experimental & clinical cancer research : CR,2024,10.1186/s13046-024-03043-6,PMC11059585,Yes,Yes,PMID_38685125.pdf
38913962,Pilot Feasibility Study: 18 F-DPA-714 PET/CT Macrophage Imaging in Triple-Negative Breast Cancers (EITHICS).,Rousseau Caroline; Metz Raphaël; Kerdraon Olivier; Ouldamer Lobna; Boiffard Florence; Renaudeau Karine; Ferrer Ludovic; Vercouillie Johnny; Doutriaux-Dumoulin Isabelle; Mouton Alexis; Le Thiec Maelle; Morel Agnès; Rusu Daniela; Santiago-Ribeiro Maria-Joao; Campion Loïc; Arlicot Nicolas; Kraeber-Bodéré Françoise,Clinical nuclear medicine,2024,10.1097/RLU.0000000000005338,,No,Yes,PMID_38913962.pdf
38507877,Hepatotoxicity in patients with non-small cell lung cancer treated with sotorasib after prior immunotherapy: a comprehensive clinical and pharmacokinetic analysis.,Ernst Sophie M; Hofman Maaike M; van der Horst Tessa E; Paats Marthe S; Heijboer Frank W J; Aerts Joachim G J V; Dumoulin Daphne W; Cornelissen Robin; von der Thüsen Jan H; de Bruijn Peter; Hoop Esther Oomen-de; Mathijssen Ron H J; Koolen Stijn L W; Dingemans Anne-Marie C,EBioMedicine,2024,10.1016/j.ebiom.2024.105074,PMC10960098,Yes,Yes,PMID_38507877.pdf
28122909,Prospective Study of CRMP4 Promoter Methylation in Prostate Biopsies as a Predictor For Lymph Node Metastases.,Gao Xin; Li Liao-Yuan; Rassler Jörg; Pang Jun; Chen Ming-Kun; Liu Wei-Peng; Chen Zheng; Ren Shan-Cheng; Zhou Fang-Jian; Xie Ke-Ji; Zhou Xing; Qian Hui-Jun; Bai Xian-Zhong; Liu Jiu-Min; Yang Jiang-Gen; He Dan; Shao Chun-Kui; Su Zu-Lan; Wang Jing; Qiu Jian-Guang; Ling Li,Journal of the National Cancer Institute,2017,10.1093/jnci/djw282,,No,No,
27221934,Are Biomarkers Predictive of Anthracycline-Induced Cardiac Dysfunction?,Malik Abhidha; Jeyaraj Pamela Alice; Calton Rajneesh; Uppal Bharti; Negi Preety; Shankar Abhishek; Patil Jaineet; Mahajan Manmohan Kishan,Asian Pacific journal of cancer prevention : APJCP,2016,10.7314/apjcp.2016.17.4.2301,,No,Yes,PMID_27221934.pdf
26409150,Assessing brain-derived neurotrophic factor as a novel clinical marker of endometriosis.,Wessels Jocelyn M; Kay Vanessa R; Leyland Nicholas A; Agarwal Sanjay K; Foster Warren G,Fertility and sterility,2016,10.1016/j.fertnstert.2015.09.003,,No,No,
24789344,Breast-feeding and maternal risk of type 2 diabetes: a prospective study and meta-analysis.,Jäger Susanne; Jacobs Simone; Kröger Janine; Fritsche Andreas; Schienkiewitz Anja; Rubin Diana; Boeing Heiner; Schulze Matthias B,Diabetologia,2014,10.1007/s00125-014-3247-3,PMC4052010,Yes,Yes,PMID_24789344.pdf
17868400,"Hexokinase III, cyclin A and galectin-3 are overexpressed in malignant follicular thyroid nodules.",Hooft L; van der Veldt A A M; Hoekstra O S; Boers M; Molthoff C F M; van Diest P J,Clinical endocrinology,2008,10.1111/j.1365-2265.2007.03031.x,,No,No,
32960329,"Transarterial chemoembolization of colorectal cancer liver metastasis: improved tumor response by DSM-TACE versus conventional TACE, a prospective, randomized, single-center trial.",Vogl Thomas J; Marko Christian; Langenbach Marcel C; Naguib Nagy N N; Filmann Natalie; Hammerstingl Renate; Gruber-Rouh Tatjana,European radiology,2021,10.1007/s00330-020-07253-2,,No,No,
24565956,A prospective study of macrophage inhibitory cytokine-1 (MIC-1/GDF15) and risk of colorectal cancer.,Mehta Raaj S; Song Mingyang; Bezawada Navya; Wu Kana; Garcia-Albeniz Xabier; Morikawa Teppei; Fuchs Charles S; Ogino Shuji; Giovannucci Edward L; Chan Andrew T,Journal of the National Cancer Institute,2014,10.1093/jnci/dju016,PMC3982884,Yes,Yes,PMID_24565956.pdf
40923555,Pilot Study: Identification of the T-Cell Tumor Microenvironment of Premalignant and Malignant Anal Lesions.,Araradian Cynthia; Erlick Mariah; Goodyear Shaun; Kardosh Adel; Mau Brian; Nabavizadeh Nima; Duhen Rebekka; Fang Sandy H,Diseases of the colon and rectum,2025,10.1097/DCR.0000000000003947,,No,No,
33909795,HELICOBACTER PYLORI CHRONIC GASTRITIS ON PATIENTS WITH PREMALIGNANT CONDITIONS: OLGA AND OLGIM EVALUATION AND SERUM BIOMARKERS PERFORMANCE.,Coelho Maria Clara Freitas; Ribeiro Henrique Gomes; Gomes Celio Geraldo de Oliveira; Marinho Frederico Passos; Barbosa Alfredo J A; Coelho Luiz Gonzaga Vaz,Arquivos de gastroenterologia,2021,10.1590/S0004-2803.202100000-08,,No,Yes,PMID_33909795.pdf
8862511,Cancer risk and oxidative DNA damage in man.,Loft S; Poulsen H E,"Journal of molecular medicine (Berlin, Germany)",1996,10.1007/BF00207507,,No,No,
36551979,Comparing TIMP-1 and Hsp70 in Blood and Saliva as Potential Prognostic Markers in HNSCC.,Rinecker Jakob; Roesch Romina; Krippgans Sara; Nieberler Markus; Stark Leonhard; Stangl Stefan; Haller Bernhard; Fritsche Kristin; Multhoff Gabriele; Knopf Andreas; Winter Christof; Wollenberg Barbara; Wirth Markus,Biomedicines,2022,10.3390/biomedicines10123225,PMC9775946,Yes,Yes,PMID_36551979.pdf
29378308,Symptoms Do Not Correlate With Findings From Colonoscopy in Children With Inflammatory Bowel Disease and Primary Sclerosing Cholangitis.,Ricciuto Amanda; Fish Jennifer; Carman Nicholas; Walters Thomas D; Church Peter C; Hansen Bettina E; Crowley Eileen; Siddiqui Iram; Nguyen Geoffrey C; Kamath Binita M; Griffiths Anne M,Clinical gastroenterology and hepatology : the official clinical practice journal of the American Gastroenterological Association,2018,10.1016/j.cgh.2018.01.020,,No,No,
19649686,Multi-center study evaluating circulating tumor cells as a surrogate for response to treatment and overall survival in metastatic breast cancer.,Nakamura Seigo; Yagata Hiroshi; Ohno Shinji; Yamaguchi Hiroshi; Iwata Hiroji; Tsunoda Nobuyuki; Ito Yoshinori; Tokudome Nahomi; Toi Masakazu; Kuroi Katsumasa; Suzuki Eiji,"Breast cancer (Tokyo, Japan)",2010,10.1007/s12282-009-0139-3,,No,No,
29988715,Intake of glucosinolates and risk of coronary heart disease in three large prospective cohorts of US men and women.,Ma Le; Liu Gang; Zong Geng; Sampson Laura; Hu Frank B; Willett Walter C; Rimm Eric B; Manson JoAnn E; Rexrode Kathryn M; Sun Qi,Clinical epidemiology,2018,10.2147/CLEP.S164497,PMC6029595,Yes,Yes,PMID_29988715.pdf
20679350,Impact of serum hepatocyte growth factor on treatment response to epidermal growth factor receptor tyrosine kinase inhibitors in patients with non-small cell lung adenocarcinoma.,Kasahara Kazuo; Arao Tokuzo; Sakai Kazuko; Matsumoto Kazuko; Sakai Asao; Kimura Hideharu; Sone Takashi; Horiike Atsushi; Nishio Makoto; Ohira Tatsuo; Ikeda Norihiko; Yamanaka Takeharu; Saijo Nagahiro; Nishio Kazuto,Clinical cancer research : an official journal of the American Association for Cancer Research,2010,10.1158/1078-0432.CCR-10-0383,,No,No,
39019916,Clinical impact of drug-drug interactions on abemaciclib in the real-world experience of AB-ITALY study.,Scagnoli Simone; Pisegna Simona; Toss Angela; Caputo Roberta; De Laurentiis Michelino; Palleschi Michela; de Giorgi Ugo; Cortesi Enrico; Fabbri Agnese; Fabi Alessandra; Paris Ida; Orlandi Armando; Curigliano Giuseppe; Criscitiello Carmen; Garrone Ornella; Tomasello Gianluca; D'Auria Giuliana; Vici Patrizia; Ricevuto Enrico; Domati Federica; Piombino Claudia; Parola Sara; Scafetta Roberta; Cirillo Alessio; Taurelli Salimbeni Beatrice; Di Lisa Francesca Sofia; Strigari Lidia; Preissner Robert; Simmaco Maurizio; Santini Daniele; Marchetti Paolo; Botticelli Andrea,NPJ breast cancer,2024,10.1038/s41523-024-00657-z,PMC11254918,Yes,Yes,PMID_39019916.pdf
38007855,Whole tumor based texture analysis of magnetic resonance diffusion imaging for colorectal liver metastases: A prospective study for diffusion model comparison and early response biomarker.,Li Yue; Zhang Huan; Yue Lei; Fu Caixia; Grimm Robert; Li Wenhua; Guo Weijian; Tong Tong,European journal of radiology,2024,10.1016/j.ejrad.2023.111203,,No,No,
37537016,Results from the PRIMA Trial: Comparison of the STHLM3 Test and Prostate-specific Antigen in General Practice for Detection of Prostate Cancer in a Biopsy-naïve Population.,Fredsøe Jacob; Sandahl Mads; Vedsted Peter; Jensen Jørgen Bjerggaard; Ulhøi Benedicte Parm; Borre Michael; Sørensen Karina Dalsgaard; Pedersen Bodil Ginnerup; PRIMA Study Group,European urology oncology,2023,10.1016/j.euo.2023.07.006,,No,Yes,PMID_37537016.pdf
35588551,Increased vitamin B6 turnover is associated with greater mortality risk in the general US population: A prospective biomarker study.,Schorgg Paula; Karavasiloglou Nena; Beyer Anika; Cantwell Marie; Danquah Ina; Gojda Jan; Rohrmann Sabine; Cassidy Aedin; Bärnighausen Till; Cahova Monika; Kühn Tilman,"Clinical nutrition (Edinburgh, Scotland)",2022,10.1016/j.clnu.2022.04.023,,No,No,
38883134,Physiological Role of Serum Growth Differentiation Factor-15 (GDF-15) Level and Iron Metabolism in Community-Dwelling Older Adults.,Fukuda Taira; Yazawa Hiroko; Nishikawa Riichi; Tokoi Seiko; Kayashima Ryo; Kono Kaori; Sakuma Masashi; Abe Shichiro; Toyoda Shigeru; Nakajima Toshiaki,Cureus,2024,10.7759/cureus.60422,PMC11179486,Yes,Yes,PMID_38883134.pdf
29526691,Analysis of Cell-Free DNA to Assess Risk of Tumoremia Following Endoscopic Ultrasound Fine-Needle Aspiration of Pancreatic Adenocarcinomas.,Levy Michael J; Kipp Benjamin R; Milosevic Dragana; Schneider Amber R; Voss Jesse S; Avula Rajeswari; Kerr Sarah E; Henry Michael R; Highsmith Edward; Liu Minetta C; Gleeson Ferga C,Clinical gastroenterology and hepatology : the official clinical practice journal of the American Gastroenterological Association,2018,10.1016/j.cgh.2018.02.048,,No,No,
40392113,Direct Comparison of Alternative Blood-Based Approaches for Early Detection and Diagnosis of HPV-Associated Head and Neck Cancers.,Bryan Michael E; Aye Ling; Das Dipon; Hirayama Shun; Al-Inaya Yana; Mendel Julia; Naegele Saskia; Efthymiou Vasileios; Alzumaili Bayan; Faquin William C; Sadow Peter M; Lin Derrick; Varvares Mark A; Feng Allen L; Deschler Daniel G; Chan Annie W; Paly Jonathan; Park Jong C; Roberts Thomas; Merkin Ross; Mishra Sambit K; Kröller Lea; Michels Birgitta; Iafrate A John; Wirth Lori J; Adalsteinsson Viktor A; Crowson Mathew; Waterboer Tim; Mirabello Lisa; Lawrence Michael S; Guan Zoe; Fisch Adam S; Richmon Jeremy D; Faden Daniel L,Clinical cancer research : an official journal of the American Association for Cancer Research,2025,10.1158/1078-0432.CCR-24-2525,PMC12353189,Yes,Yes,PMID_40392113.pdf
33173383,Osteopontin level and promoter polymorphism in patients with metastatic breast cancer.,Elbaiomy M A; Akl T; Elhelaly R; El-Beshbishi W; El Ghonemy M S; Elzehery R,"Current oncology (Toronto, Ont.)",2020,10.3747/co.27.6449,PMC7606043,Yes,Yes,PMID_33173383.pdf
40110196,Microstructural diffusion MRI for differentiation of breast tumors and prediction of prognostic factors in breast cancer.,Wang Xiaoyan; Zhang Yan; Cheng Jingliang; Lin Liangjie; Hu Ying; Wang Anfei; Zhang Yong; Wang Ruhua; Li Ying; Zhang Kun; Zhang Wenhua,Frontiers in oncology,2025,10.3389/fonc.2025.1498691,PMC11919649,Yes,Yes,PMID_40110196.pdf
27885969,"36th International Symposium on Intensive Care and Emergency Medicine : Brussels, Belgium. 15-18 March 2016.",Bateman R. M.; Sharpe M. D.; Jagger J. E.; Ellis C. G.; Solé-Violán J.; López-Rodríguez M.; Herrera-Ramos E.; Ruíz-Hernández J.; Borderías L.; Horcajada J.; González-Quevedo N.; Rajas O.; Briones M.; Rodríguez de Castro F.; Rodríguez Gallego C.; Esen F.; Orhun G.; Ergin Ozcan P.; Senturk E.; Ugur Yilmaz C.; Orhan N.; Arican N.; Kaya M.; Kucukerden M.; Giris M.; Akcan U.; Bilgic Gazioglu S.; Tuzun E.; Riff R.; Naamani O.; Douvdevani A.; Takegawa R.; Yoshida H.; Hirose T.; Yamamoto N.; Hagiya H.; Ojima M.; Akeda Y.; Tasaki O.; Tomono K.; Shimazu T.; Ono S.; Kubo T.; Suda S.; Ueno T.; Ikeda T.; Hirose T.; Ogura H.; Takahashi H.; Ojima M.; Kang J.; Nakamura Y.; Kojima T.; Shimazu T.; Ikeda T.; Suda S.; Izutani Y.; Ueno T.; Ono S.; Taniguchi T.; O M.; Dinter C.; Lotz J.; Eilers B.; Wissmann C.; Lott R.; Meili M. M.; Schuetz P. S.; Hawa H.; Sharshir M.; Aburageila M.; Salahuddin N.; Chantziara V.; Georgiou S.; Tsimogianni A.; Alexandropoulos P.; Vassi A.; Lagiou F.; Valta M.; Micha G.; Chinou E.; Michaloudis G.; Kodaira A.; Ikeda T.; Ono S.; Ueno T.; Suda S.; Izutani Y.; Imaizumi H.; De la Torre-Prados M. V.; Garcia-De la Torre A.; Enguix-Armada A.; Puerto-Morlan A.; Perez-Valero V.; Garcia-Alcantara A.; Bolton N.; Dudziak J.; Bonney S.; Tridente A.; Nee P.; Nicolaes G.; Wiewel M.; Schultz M.; Wildhagen K.; Horn J.; Schrijver R.; Van der Poll T.; Reutelingsperger C.; Pillai S.; Davies G.; Mills G.; Aubrey R.; Morris K.; Williams P.; Evans P.; Gayat E. G.; Struck J.; Cariou A.; Deye N.; Guidet B.; Jabert S.; Launay J.; Legrand M.; Léone M.; Resche-Rigon M.; Vicaut E.; Vieillard-Baron A.; Mebazaa A.; Arnold R.; Capan M.; Linder A.; Akesson P.; Popescu M.; Tomescu D.; Sprung C. L.; Calderon Morales R.; Munteanu G.; Orenbuch-Harroch E.; Levin P.; Kasdan H.; Reiter A.; Volker T.; Himmel Y.; Cohen Y.; Meissonnier J.; Girard L.; Rebeaud F.; Herrmann I.; Delwarde B.; Peronnet E.; Cerrato E.; Venet F.; Lepape A.; Rimmelé T.; Monneret G.; Textoris J.; Beloborodova N.; Moroz V.; Osipov A.; Bedova A.; Sarshor Y.; Pautova A.; Sergeev A.; Chernevskaya E.; Odermatt J.; Bolliger R.; Hersberger L.; Ottiger M.; Christ-Crain M.; Mueller B.; Schuetz P.; Sharma N. K.; Tashima A. K.; Brunialti M. K.; Machado F. R.; Assuncao M.; Rigato O.; Salomao R.; Cajander S. C.; Rasmussen G.; Tina E.; Söderquist B.; Källman J.; Strålin K.; Lange A. L.; Sundén-Cullberg J. S.; Magnuson A. M.; Hultgren O. H.; Davies G.; Pillai S.; Mills G.; Aubrey R.; Morris K.; Williams P.; Evans P.; Pillai S.; Davies G.; Mills G.; Aubrey R.; Morris K.; Williams P.; Evans P.; Pillai S.; Davies G.; Mills G.; Aubrey R.; Morris K.; Williams P.; Evans P.; Van der Geest P.; Mohseni M.; Linssen J.; De Jonge R.; Duran S.; Groeneveld J.; Miller R.; Lopansri B. K.; McHugh L. C.; Seldon A.; Burke J. P.; Johnston J.; Reece-Anthony R.; Bond A.; Molokhia A.; Mcgrath C.; Nsutebu E.; Bank Pedersen P.; Pilsgaard Henriksen D.; Mikkelsen S.; Touborg Lassen A.; Tincu R.; Cobilinschi C.; Tomescu D.; Ghiorghiu Z.; Macovei R.; Wiewel M. A.; Harmon M. B.; Van Vught L. A.; Scicluna B. P.; Hoogendijk A. J.; Horn J.; Zwinderman A. H.; Cremer O. L.; Bonten M. J.; Schultz M. J.; Van der Poll T.; Juffermans N. P.; Wiersinga W. J.; Eren G.; Tekdos Y.; Dogan M.; Acicbe O.; Kaya E.; Hergunsel O.; Alsolamy S.; Ghamdi G.; Alswaidan L.; Alharbi S.; Alenezi F.; Arabi Y.; Heaton J.; Boyce A.; Nolan L.; Johnston J.; Dukoff-Gordon A.; Dean A.; Molokhia A.; Mann Ben Yehudah T.; Fleischmann C.; Thomas-Rueddel D.; Haas C.; Dennler U.; Reinhart K.; Suntornlohanakul O.; Khwannimit B.; Breckenridge F.; Puxty A.; Szturz P.; Folwarzcny P.; Svancara J.; Kula R.; Sevcik P.; Caneva L.; Casazza A.; Bellazzi E.; Marra S.; Pagani L.; Vetere M.; Vanzino R.; Ciprandi D.; Preda R.; Boschi R.; Carnevale L.; Lopez V.; Aguilar Arzapalo M.; Barradas L.; Escalante A.; Gongora J.; Cetina M.; Adamik B; Jakubczyk D; Kübler A; Radford A.; Lee T.; Singer J.; Boyd J.; Fineberg D.; Williams M.; Russell J.; Scarlatescu E.; Tomescu D.; Droc G.; Arama S.; Müller M.; Straat M.; Zeerleder S. S.; Juffermans N. P.; Fuchs C. F.; Scheer C. S.; Wauschkuhn S. W.; Vollmer M. V.; Meissner K. M.; Kuhn S. K.; Hahnenkamp K. H.; Rehberg S. R.; Gründling M. G.; Yamamoto N.; Ojima M.; Hamaguchi S.; Hirose T.; Akeda Y.; Takegawa R.; Tasaki O.; Shimazu T.; Tomono K.; Gómez-Sánchez E.; Heredia-Rodríguez M.; Álvarez-Fuente E.; Lorenzo-López M.; Gómez-Pesquera E.; Aragón-Camino M.; Liu-Zhu P.; Sánchez-López A.; Hernández-Lozano A.; Peláez-Jareño M. T.; Tamayo E.; Thomas-Rüddel D. O.; Fleischmann C.; Haas C.; Dennler U.; Reinhart K.; Adora V.; Kar A.; Chakraborty A.; Roy S.; Bandyopadhyay A.; Das M.; Mann Ben Yehudah T.; BenYehudah G.; Salim M.; Kumar N.; Arabi L.; Burger T.; Lephart P.; Toth-martin E.; Valencia C.; Hammami N.; Blot S.; Vincent J. L.; Lambert M. L.; Brunke J.; Riemann T.; Roschke I.; Tincu R.; Cobilinschi C.; Tomescu D.; Ghiorghiu Z.; Macovei R.; Nimitvilai S.; Jintanapramote K.; Jarupongprapa S.; Adukauskiene D.; Valanciene D.; Bose G.; Lostarakos V.; Carr B.; Khedher S.; Maaoui A.; Ezzamouri A.; Salem M.; Chen J.; Cranendonk D. R.; Van Vught L. A.; Wiewel M. A.; Cremer O. L.; Horn J.; Bonten M. J.; Schultz M. J.; Van der Poll T.; Wiersinga W. J.; Day M.; Penrice G.; Roy K.; Robertson P.; Godbole G.; Jones B.; Booth M.; Donaldson L.; Kawano Y.; Ishikura H.; Al-Dorzi H.; Almutairi M.; Alhamadi B.; Crizaldo Toledo A.; Khan R.; Al Raiy B.; Arabi Y.; Talaie H.; Van Oers J. A.; Harts A.; Nieuwkoop E.; Vos P.; Boussarsar Y.; Boutouta F.; Kamoun S.; Mezghani I.; Koubaji S.; Ben Souissi A.; Riahi A.; Mebazaa M. S.; Giamarellos-Bourboulis E.; Tziolos N.; Routsi C.; Katsenos C.; Tsangaris I.; Pneumatikos I.; Vlachogiannis G.; Theodorou V.; Prekates A.; Antypa E.; Koulouras V.; Kapravelos N.; Gogos C.; Antoniadou E.; Mandragos K.; Armaganidis A.; Robles Caballero A. R.; Civantos B.; Figueira J. C.; López J.; Silva-Pinto A.; Ceia F.; Sarmento A.; Santos L.; Almekhlafi G.; Sakr Y.; Al-Dorzi H.; Khan R.; Baharoon S.; Aldawood A.; Matroud A.; Alchin J.; Al Johani S.; Balkhy H.; Arabi Y.; Alsolamy S.; Yousif S. Y.; Alotabi B. O.; Alsaawi A. S.; Ang J.; Curran M. D.; Enoch D.; Navapurkar V.; Morris A.; Sharvill R.; Astin J.; Heredia-Rodríguez M.; Gómez-Sánchez E.; Peláez-Jareño M. T.; Gómez-Pesquera E.; Lorenzo-López M.; Liu-Zhu P.; Aragón-Camino M.; Hernández-Lozano A.; Sánchez-López A.; Álvarez-Fuente E.; Tamayo E.; Patel J.; Kruger C.; O’Neal J.; Rhodes H.; Jancik J.; François B.; Laterre P. F.; Eggimann P.; Torres A.; Sánchez M.; Dequin P. F.; Bassi G. L.; Chastre J.; Jafri H. S.; Ben Romdhane M.; Douira Z.; Kamoun S.; Bousselmi M.; Ben Souissi A.; Boussarsar Y.; Riahi A.; Mebazaa M. S.; Vakalos A.; Avramidis V.; Craven T. H.; Wojcik G.; Kefala K.; McCoubrey J.; Reilly J.; Paterson R.; Inverarity D.; Laurenson I.; Walsh T. S.; Mongodi S.; Bouhemad B.; Orlando A.; Stella A.; Via G.; Iotti G.; Braschi A.; Mojoli F.; Haliloglu M.; Bilgili B.; Kasapoglu U.; Sayan I.; Süzer Aslan M.; Yalcın A.; Cinel I.; Vakalos A.; Avramidis V.; Ellis H. E.; Bauchmuller K.; Miller D.; Temple A.; Chastre J.; François B.; Torres A.; Luyt C. E.; Sánchez M.; Singer M.; Jafri H. S.; Nassar Y.; Ayad M. S.; Trifi A.; Abdellatif S.; Daly F.; Nasri R.; Ben Lakhal S.; Bilgili B.; Haliloglu M.; Gul F.; Cinel I.; Kuzovlev A.; Shabanov A.; Polovnikov S.; Moroz V.; Kadrichu N.; Dang T.; Corkery K.; Challoner P.; Bassi G. Li; Aguilera E.; Chiurazzi C.; Travierso C.; Motos A.; Fernandez L.; Amaro R.; Senussi T.; Idone F.; Bobi J.; Rigol M.; Torres A.; Hodiamont C. J.; Juffermans N. P.; Janssen J. M.; Bouman C. S.; Mathôt R. A.; De Jong M. D.; Van Hest R. M.; Payne L.; Fraser G. L.; Tudor B.; Lahner M.; Roth G.; Krenn C.; Talaie H.; Jault P.; Gabard J.; Leclerc T.; Jennes S.; Que Y.; Rousseau A.; Ravat F.; Al-Dorzi H.; Eissa A.; Al-Harbi S.; Aldabbagh T.; Khan R.; Arabi Y.; Trifi A.; Abdellatif. S.; Daly F.; Nasri R.; Ben Lakhal S.; Paramba F.; Purayil N.; Naushad V.; Mohammad O.; Negi V.; Chandra P.; Kleinsasser A.; Witrz M. R.; Buchner-Doeven J. F.; Tuip-de Boer A. M.; Goslings J. C.; Juffermans N. P.; Van Hezel M.; Straat M.; Boing A; Van Bruggen R; Juffermans N; Markopoulou D.; Venetsanou K.; Kaldis V.; Koutete D.; Chroni D.; Alamanos I.; Koch L.; Jancik J.; Rhodes H.; Walter E.; Maekawa K.; Hayakawa M.; Kushimoto S.; Shiraishi A.; Kato H.; Sasaki J.; Ogura H.; Matauoka T.; Uejima T.; Morimura N.; Ishikura H.; Hagiwara A.; Takeda M.; Tarabrin O.; Shcherbakow S.; Gavrychenko D.; Mazurenko G.; Ivanova V.; Chystikov O.; Plourde C.; Lessard J.; Chauny J.; Daoust R.; Shcherbakow S.; Tarabrin O.; Gavrychenko D.; Mazurenko G.; Chystikov O.; Vakalos A.; Avramidis V.; Kropman L.; In het Panhuis L.; Konings J.; Huskens D.; Schurgers E.; Roest M.; De Laat B.; Lance M.; Durila M.; Lukas P.; Astraverkhava M.; Jonas J.; Budnik I.; Shenkman B.; Hayami H.; Koide Y.; Goto T.; Iqbal R.; Alhamdi Y.; Venugopal N.; Abrams S.; Downey C.; Toh C. H.; Welters I. D.; Bombay V. B.; Chauny J. M.; Daoust R. D.; Lessard J. L.; Marquis M. M.; Paquet J. P.; Siemens K.; Sangaran D.; Hunt B. J.; Durward A.; Nyman A.; Murdoch I. A.; Tibby S. M.; Ampatzidou F.; Moisidou D.; Dalampini E.; Nastou M.; Vasilarou E.; Kalaizi V.; Chatzikostenoglou H.; Drossos G.; Spadaro S.; Fogagnolo A.; Fiore T.; Schiavi A.; Fontana V.; Taccone F.; Volta C.; Chochliourou E.; Volakli E.; Violaki A.; Samkinidou E.; Evlavis G.; Panagiotidou V.; Sdougka M.; Mothukuri R.; Battle C.; Guy K.; Mills G.; Evans P.; Wijesuriya J.; Keogh S.; Docherty A.; O’Donnell R.; Brunskill S.; Trivella M.; Doree C.; Holst L.; Parker M.; Gregersen M.; Almeida J.; Walsh T.; Stanworth S.; Moravcova S.; Mansell J.; Rogers A.; Smith R. A.; Hamilton-Davies C.; Omar A.; Allam M.; Bilala O.; Kindawi A.; Ewila H.; Ampatzidou F.; Moisidou D.; Nastou M.; Dalampini E.; Malamas A.; Vasilarou E.; Drossos G.; Ferreira G.; Caldas J.; Fukushima J.; Osawa E. A.; Arita E.; Camara L.; Zeferino S.; Jardim J.; Gaioto F.; Dallan L.; Jatene F. B.; Kalil Filho R.; Galas F.; Hajjar L. A.; Mitaka C.; Ohnuma T.; Murayama T.; Kunimoto F.; Nagashima M.; Takei T.; Tomita M.; Omar A.; Mahmoud K.; Hanoura S.; Sudarsanan S.; Sivadasan P.; Othamn H.; Shouman Y.; Singh R.; Al Khulaifi A.; Mandel I.; Mikheev S.; Suhodolo I.; Kiselev V.; Svirko Y.; Podoksenov Y.; Jenkins S. A.; Griffin R.; Tovar Doncel M. S.; Lima A.; Aldecoa C.; Ince C.; Taha A.; Shafie A.; Mostafa M.; Syed N.; Hon H.; Righetti F.; Colombaroli E.; Castellano G.; Righetti F.; Colombaroli E.; Hravnak M.; Chen L. C.; Dubrawski A. D.; Clermont G. C.; Pinsky M. R.; Gonzalez S.; Macias D.; Acosta J.; Jimenez P.; Loza A.; Lesmes A.; Lucena F.; Leon C.; Tovar Doncel M. S.; Ince C.; Aldecoa C.; Lima A.; Bastide M.; Richecoeur J.; Frenoy E.; Lemaire C.; Sauneuf B.; Tamion F.; Nseir S.; Du Cheyron D.; Dupont H.; Maizel J.; Shaban M.; Kolko R.; Salahuddin N.; Sharshir M.; AbuRageila M.; AlHussain A.; Mercado P.; Maizel J.; Kontar L.; Titeca D.; Brazier F.; Riviere A.; Joris M.; Soupison T.; De Cagny B.; Slama M.; Wagner J.; Körner A.; Kubik M.; Kluge S.; Reuter D.; Saugel B.; Colombaroli E.; Righetti F.; Castellano G.; Tran T.; De Bels D.; Cudia A.; Strachinaru M.; Ghottignies P.; Devriendt J.; Pierrakos C.; Martínez González Ó.; Blancas R.; Luján J.; Ballesteros D.; Martínez Díaz C.; Núñez A.; Martín Parra C.; López Matamala B.; Alonso Fernández M.; Chana M.; Huber W.; Eckmann M.; Elkmann F.; Gruber A.; Klein I.; Schmid R. M.; Lahmer T.; Moller P. W.; Sondergaard S.; Jakob S. M.; Takala J.; Berger D.; Bastoni D.; Aya H.; Toscani L.; Pigozzi L.; Rhodes A.; Cecconi M.; Ostrowska C.; Aya H.; Abbas A.; Mellinghoff J.; Ryan C.; Dawson D.; Rhodes A.; Cecconi M.; Cronhjort M.; Wall O.; Nyberg E.; Zeng R.; Svensen C.; Mårtensson J.; Joelsson-Alm E.; Aguilar Arzapalo M.; Barradas L.; Lopez V.; Cetina M.; Parenti N.; Palazzi C.; Amidei L. A.; Borrelli F. B.; Campanale S. C.; Tagliazucchi F. T.; Sedoni G. S.; Lucchesi D. L.; Carella E. C.; Luciani A. L; Mackovic M.; Maric N.; Bakula M.; Aya H.; Rhodes A.; Grounds R. M.; Fletcher N.; Cecconi M.; Avard B.; Zhang P.; Mezidi M.; Charbit J.; Ould-Chikh M.; Deras P.; Maury C.; Martinez O.; Capdevila X.; Hou P.; Linde-Zwirble W. Z.; Douglas I. D.; Shapiro N. S.; Ben Souissi A.; Mezghani I.; Ben Aicha Y.; Kamoun S.; Laribi B.; Jeribi B.; Riahi A.; Mebazaa M. S.; Pereira C.; Marinho R.; Antunes R.; Marinho A.; Crivits M.; Raes M.; Decruyenaere J.; Hoste E.; Bagin V.; Rudnov V.; Savitsky A.; Astafyeva M.; Korobko I.; Vein V.; Kampmeier T.; Arnemann P.; Hessler M.; Wald A.; Bockbreder K.; Morelli A.; Van Aken H.; Rehberg S.; Ertmer C.; Arnemann P.; Hessler M.; Kampmeier T.; Rehberg S.; Van Aken H.; Ince C.; Ertmer C.; Reddy S.; Bailey M.; Beasley R.; Bellomo R.; Mackle D.; Psirides A.; Young P.; Reddy S.; Bailey M.; Beasley R.; Bellomo R.; Mackle D.; Young P.; Venkatesh H.; Ramachandran S.; Basu A.; Nair H.; Egan S.; Bates J.; Oliveira S.; Rangel Neto N. R.; Reis F. Q.; Lee C. P.; Lin X. L.; Choong C.; Eu K. M.; Sim W. Y.; Tee K. S.; Pau J.; Abisheganaden J.; Maas K.; De Geus H.; Lafuente E.; Marinho R.; Moura J.; Antunes R.; Marinho A.; Doris T. E.; Monkhouse D.; Shipley T.; Kardasz S.; Gonzalez I; Stads S.; Groeneveld A. J.; Elsayed I.; Ward N.; Tridente A.; Raithatha A.; Steuber A.; Pelletier C.; Schroeder S.; Michael E.; Slowinski T.; Kindgen-Milles D.; Ghabina S.; Turani F.; Belli A.; Busatti S.; Barettin G.; Candidi F.; Gargano F.; Barchetta R.; Falco M.; Demirkiran O.; Kosuk M.; Bozbay S.; Weber V.; Hartmann J.; Harm S.; Linsberger I.; Eichhorn T.; Valicek G.; Miestinger G.; Hoermann C.; Faenza S.; Ricci D.; Mancini E.; Gemelli C.; Cuoghi A.; Magnani S.; Atti M.; Laddomada T.; Doronzio A.; Balicco B.; Gruda M. C.; O’Sullivan P.; Dan V. P.; Guliashvili T.; Scheirer A.; Golobish T. D.; Capponi V. J.; Chan P. P.; Kogelmann K.; Drüner M.; Jarczak D.; Turani F.; Belli A. B.; Martni S. M.; Cotticelli V. C.; Mounajergi F.; Barchetta R.; Morimoto S.; Ishikura H.; Hussain I.; Salahuddin N.; Nadeem A.; Ghorab K.; Maghrabi K.; Kloesel S. K.; Goldfuss C.; Stieglitz A.; Stieglitz A. S.; Krstevska L.; Albuszies G.; Aguilar Arzapalo M.; Barradas L.; Lopez V.; Escalante A.; Jimmy G.; Cetina M.; Izawa J.; Iwami T.; Uchino S.; Takinami M.; Kitamura T.; Kawamura T.; Powell-Tuck J. G.; Crichton S.; Raimundo M.; Camporota L.; Wyncoll D.; Ostermann M.; Hana A.; De Geus H. R.; De Geus H. R.; Hana A.; Aydogdu M.; Boyaci N.; Yuksel S.; Gursel G.; Cayci Sivri A. B.; Meza-Márquez J.; Nava-López J.; Carrillo-Esper R.; Dardashti A.; Grubb A.; Maizel J.; Wetzstein M.; Titeca D.; Kontar L.; Brazier F.; De Cagny B.; Riviere A.; Soupison T.; Joris M.; Slama M.; Peters E.; Njimi H.; Pickkers P.; Vincent J. L.; Waraich M.; Doyle J.; Samuels T.; Forni L.; Desai N.; Baumber R.; Gunning P.; Sell A.; Lin S.; Torrence H.; O’Dwyer M.; Kirwan C.; Prowle J.; Kim T.; O’Connor M. E.; Hewson R. W.; Kirwan C. J.; Pearse R. M.; Prowle J.; Hanoura S.; Omar A.; Othamn H.; Sudarsanan S.; Allam M.; Maksoud M.; Singh R.; Al Khulaifi A.; O’Connor M. E.; Hewson R. W.; Kirwan C. J.; Pearse R. M.; Prowle J.; Uzundere O.; Memis D.; Ýnal M.; Gultekin A.; Turan N.; Aydin M. A.; Basar H.; Sencan I.; Kapuagasi A.; Ozturk M.; Uzundurukan Z.; Gokmen D.; Ozcan A.; Kaymak C.; Artemenko V. A.; Budnyuk A.; Pugh R.; Bhandari S.; Mauri T.; Turrini C.; Langer T.; Taccone P.; Volta C. A.; Marenghi C.; Gattinoni L.; Pesenti A.; Sweeney L.; O’Sullivan A.; Kelly P.; Mukeria E.; MacLoughlin R.; Pfeffer M.; Thomas J. T.; Bregman G. B.; Karp G. K.; Kishinevsky E. K.; Stavi D. S.; Adi N. A.; Poropat T.; Knafelj R.; Llopart E.; Batlle M.; De Haro C.; Mesquida J.; Artigas A.; Pavlovic D.; Lewerentz L.; Spassov A.; Schneider R.; De Smet S.; De Raedt S.; Derom E.; Depuydt P; Oeyen S.; Benoit D.; Decruyenaere J.; Gobatto A.; Besen B.; Tierno P.; Melro L.; Mendes P.; Cadamuro F.; Park M.; Malbouisson L. M.; Civantos B. C.; Lopez J. L.; Robles A.; Figueira J.; Yus S.; Garcia A.; Oglinda A.; Ciobanu G.; Oglinda C.; Schirca L.; Sertinean T.; Lupu V.; Kelly P.; O’Sullivan A.; Sweeney L.; MacLoughlin R.; O’Sullivan A.; Kelly P.; Sweeney L.; Mukeria E.; Wolny M.; MacLoughlin R.; Pagano A.; Numis F.; Visone G.; Saldamarco L.; Russo T.; Porta G.; Paladino F.; Bell C.; Liu J.; Debacker J.; Lee C.; Tamberg E.; Campbell V.; Mehta S.; Silva-Pinto A.; Sarmento A.; Santos L.; Kara Ý.; Yýldýrým F.; Zerman A.; Güllü Z.; Boyacý N.; Basarýk Aydogan B.; Gaygýsýz Ü.; Gönderen K.; Arýk G.; Turkoglu M.; Aydogdu M.; Aygencel G.; Ülger Z.; Gursel G.; Boyacý N.; Isýkdogan Z.; Özdedeoglu Ö.; Güllü Z.; Badoglu M.; Gaygýsýz U.; Aydogdu M.; Gursel G.; Kongpolprom N.; Sittipunt C.; Eden A.; Kokhanovsky Y.; Bursztein – De Myttenaere S.; Pizov R.; Neilans L.; MacIntyre N.; Radosevich M.; Wanta B.; Weber V.; Meyer T.; Smischney N.; Brown D.; Diedrich D.; Fuller A.; McLindon P.; Sim K.; Shoaeir M.; Noeam K.; Mahrous A.; Matsa R.; Ali A.; Dridi C.; Koubaji S.; Kamoun S.; Haddad F.; Ben Souissi A.; Laribi B.; Riahi A.; Mebazaa M. S.; Pérez-Calatayud A.; Carrillo-Esper R.; Zepeda-Mendoza A.; Diaz-Carrillo M.; Arch-Tirado E.; Carbognin S.; Pelacani L.; Zannoni F.; Agnoli A.; Gagliardi G.; Cho R.; Adams A.; Lunos S.; Ambur S.; Shapiro R.; Prekker M.; Thijssen M.; Janssen L.; Foudraine N.; Voscopoulos C. J.; Freeman J.; Voscopoulos C. J.; Freeman J.; George E.; Voscopoulos C. J.; Eversole D.; Freeman J.; George E.; Muttini S.; Bigi R.; Villani G.; Patroniti N.; Williams G.; Voscopoulos C. J.; Freeman J.; George E; Waldmann A.; Böhm S.; Windisch W.; Strassmann S.; Karagiannidis C.; Waldmann A.; Böhm S.; Windisch W.; Strassmann S.; Karagiannidis C.; Karagiannidis C. K.; Waldmann A. W.; Böhm S. B.; Strassmann S.; Windisch W. W.; Persson P.; Lundin S.; Stenqvist O.; Porta G.; Numis F.; Serra C. S.; Pagano A. P.; Masarone M. M.; Rinaldi L. R.; Amelia A. A.; Fascione M. F.; Adinolfi L. A.; Ruggiero E. R.; Asota F.; O’Rourke K.; Ranjan S.; Morgan P.; DeBacker J. W.; Tamberg E.; O’Neill L.; Munshi L.; Burry L.; Fan E.; Mehta S.; Poo S.; Mahendran K.; Fowles J.; Gerrard C.; Vuylsteke A.; Loveridge R.; Chaddock C.; Patel S.; Kakar V.; Willars C.; Hurst T.; Park C.; Best T.; Vercueil A.; Auzinger G.; Borgman A.; Proudfoot A. G.; Grins E.; Emiley K. E.; Schuitema J.; Fitch S. J.; Marco G.; Sturgill J.; Dickinson M. G.; Strueber M.; Khaghani A.; Wilton P.; Jovinge S. M.; Sampson C.; Harris-Fox S.; Cove M. E.; Vu L. H.; Sen A.; Federspiel W. J.; Kellum J. A.; Mazo Torre C.; Riera J.; Ramirez S.; Borgatta B.; Lagunes L.; Rello J.; Kuzovlev A. K.; Moroz V.; Goloubev A.; Polovnikov S.; Nenchuk S.; Karavana V.; Glynos C.; Asimakos A.; Pappas K.; Vrettou C.; Magkou M.; Ischaki E.; Stathopoulos G.; Zakynthinos S.; Spadaro S.; Kozhevnikova I.; Dalla Corte F.; Grasso S.; Casolari P.; Caramori G.; Volta C.; Andrianjafiarinoa T.; Randriamandrato T.; Rajaonera T.; El-Dash S.; Costa E. L. V.; Tucci M. R.; Leleu F; Kontar L; De Cagny B.; Brazier F.; Titeca D.; Bacari-Risal G.; Maizel J.; Amato M.; Slama M.; Mercado P.; Maizel J.; Kontar L.; Titeca D.; Brazier F.; Riviere A.; Joris M.; Soupison T.; De Cagny B.; El Dash S.; Slama M.; Remmington; Fischer A.; Squire S.; Boichat M.; Honzawa H.; Yasuda H.; Adati T.; Suzaki S.; Horibe M.; Sasaki M.; Sanui M.; Marinho R.; Daniel J.; Miranda H.; Marinho A.; Milinis K.; Cooper M.; Williams G. R.; McCarron E.; Simants S.; Patanwala I.; Welters I.; Su Y.; Fernández Villanueva J.; Fernández Garda R.; López Lago A.; Rodríguez Ruíz E.; Hernández Vaquero R.; Tomé Martínez de Rituerto S.; Varo Pérez E.; Lefel N.; Schaap F.; Bergmans D.; Olde Damink S.; Van de Poll M.; Tizard K.; Lister C.; Poole L.; Ringaitiene D.; Gineityte D.; Vicka V.; Norkiene I.; Sipylaite J.; O’Loughlin A.; Maraj V.; Dowling J.; Velasco M. B.; Dalcomune D. M.; Dias E. B.; Fernandes S. L.; Oshima T.; Graf S.; Heidegger C.; Genton L.; Karsegard V.; Dupertuis Y.; Pichard C.; Friedli N.; Stanga Z.; Mueller B.; Schuetz P.; Vandersteen L.; Stessel B.; Evers S.; Van Assche A.; Jamaer L.; Dubois J.; Marinho R.; Castro H.; Moura J.; Valente J.; Martins P.; Casteloes P.; Magalhaes C.; Cabral S.; Santos M.; Oliveira B.; Salgueiro A.; Marinho A.; Marinho R.; Santos M.; Lafuente E.; Castro H.; Cabral S.; Moura J.; Martins P.; Oliveira B.; Salgueiro A.; Duarte S.; Castro S.; Melo M.; Casteloes P.; Marinho A.; Gray S.; Maipang K.; Bhurayanontachai R.; Grädel L. G.; Schütz P.; Langlois P.; Manzanares W.; Tincu R.; Cobilinschi C.; Tomescu D.; Ghiorghiu Z.; Macovei R.; Manzanares W.; Langlois P.; Lemieux M.; Elke G.; Bloos F.; Reinhart K.; Heyland D.; Langlois P.; Lemieux M.; Aramendi I.; Heyland D.; Manzanares W.; Su Y.; Marinho R.; Babo N.; Marinho A.; Hoshino M.; Haraguchi Y.; Kajiwara S.; Mitsuhashi T.; Tsubata T.; Aida M.; Rattanapraphat T.; Bhurayanontachai R.; Kongkamol C.; Khwannimit B.; Marinho R.; Santos M.; Castro H.; Lafuente E.; Salgueiro A.; Cabral S.; Martins P.; Moura J.; Oliveira B.; Melo M.; Xavier B.; Valente J.; Magalhaes C.; Casteloes P.; Marinho A.; Moisidou D.; Ampatzidou F.; Koutsogiannidis C.; Moschopoulou M.; Drossos G.; Taskin G.; Çakir M.; Güler AK; Taskin A.; Öcal N.; Özer S.; Yamanel L.; Wong J. M.; Fitton C.; Anwar S.; Stacey S.; Aggou M.; Fyntanidou B.; Patsatzakis S.; Oloktsidou E.; Lolakos K.; Papapostolou E.; Grosomanidis V.; Suda S.; Ikeda T.; Ono S.; Ueno T.; Izutani Y.; Gaudry S.; Desailly V.; Pasquier P.; Brun PB; Tesnieres AT; Ricard JD; Dreyfuss D.; Mignon A.; White J. C; Molokhia A.; Dean A.; Stilwell A.; Friedlaender G.; Peters M.; Stipulante S.; Delfosse A.; Donneau AF; Ghuysen A.; Feldmann C.; Freitag D.; Dersch W.; Irqsusi M.; Eschbach D.; Steinfeldt T.; Wulf H.; Wiesmann T.; Kongpolprom N.; Cholkraisuwat J.; Beitland S.; Nakstad E.; Stær-Jensen H.; Drægni T.; Andersen G.; Jacobsen D.; Brunborg C.; Waldum-Grevbo B.; Sunde K.; Hoyland K.; Pandit D.; Hayakawa K.; Oloktsidou E.; Kotzampassi K.; Fyntanidou B.; Patsatzakis S.; Loukipoudi L.; Doumaki E.; Grosomanidis V.; Yasuda H.; Admiraal M. M.; Van Assen M.; Van Putten M. J.; Tjepkema-Cloostermans M.; Van Rootselaar A. F.; Horn J.; Ragusa F.; Marudi A.; Baroni S.; Gaspari A.; Bertellini E.; Taha A.; Abdullah T.; Abdel Monem S.; Alcorn S.; McNeill S.; Russell S.; Eertmans W.; Genbrugge C.; Meex I.; Dens J.; Jans F.; De Deyne C.; Cholkraisuwat J.; Kongpolprom N.; Avard B; Burns R; Patarchi A.; Spina T.; Tanaka H.; Otani N.; Ode S.; Ishimatsu S.; Cho J.; Moon J. B.; Park C. W.; Ohk T. G.; Shin M. C.; Won M. H.; Dakova S.; Ramsheva Z.; Ramshev K.; Cho J.; Moon J. B.; Park C. W.; Ohk T. G.; Shin M. C.; Cho J.; Moon J. B.; Park C. W.; Ohk T. G.; Shin M. C.; Marudi A; Baroni S; Gaspari A; Bertellini E; Orhun G.; Senturk E.; Ozcan P. E.; Sencer S.; Ulusoy C.; Tuzun E.; Esen F.; Tincu R.; Cobilinschi C.; Tomescu D.; Ghiorghiu Z.; Macovei R.; Van Assen M.; Admiraal M. M.; Van Putten M. J.; Tjepkema-Cloostermans M.; Van Rootselaar A. F.; Horn J.; Fallenius M.; Skrifvars M. B.; Reinikainen M.; Bendel S.; Raj R.; Abu-Habsa M.; Hymers C.; Borowska A.; Sivadhas H.; Sahiba S.; Perkins S.; Rubio J.; Rubio J. A.; Sierra R.; English S.; Chasse M.; Turgeon A.; Lauzier F.; Griesdale D.; Garland A.; Fergusson D.; Zarychanski R.; Tinmouth A.; Van Walraven C.; Montroy K.; Ziegler J.; Dupont Chouinard R.; Carignan R.; Dhaliwal A.; Lum C.; Sinclair J.; Pagliarello G.; McIntyre L.; English S.; Chasse M.; Turgeon A.; Lauzier F.; Griesdale D.; Garland A.; Fergusson D.; Zarychanski R.; Tinmouth A.; Van Walraven C.; Montroy K.; Ziegler J.; Dupont Chouinard R.; Carignan R.; Dhaliwal A.; Lum C.; Sinclair J.; Pagliarello G.; McIntyre L.; Groza T.; Moreau N.; Castanares-Zapatero D.; Hantson P.; Carbonara M.; Ortolano F.; Zoerle T.; Magnoni S.; Pifferi S.; Conte V.; Stocchetti N.; Carteron L.; Suys T.; Patet C.; Quintard H.; Oddo M.; Rubio J. A.; Rubio J.; Sierra R.; Spatenkova V.; Pokorna E.; Suchomel P.; Ebert N.; Jancik J.; Rhodes H.; Bylinski T.; Hawthorne C.; Shaw M.; Piper I.; Kinsella J.; Kink A. K.; Rätsep I. R.; Boutin A.; Moore L.; Chasse M.; Zarychanski R.; Lauzier F.; English S.; McIntyre L.; Lacroix J.; Griesdale D.; Lessard-Bonaventure P.; Turgeon A. F.; Boutin A.; Moore L.; Green R.; Lessard-Bonaventure P.; Erdogan M.; Butler M.; Lauzier F.; Chasse M.; English S.; McIntyre L.; Zarychanski R.; Lacroix J.; Griesdale D.; Desjardins P.; Fergusson D. A.; Turgeon A. F.; Goncalves B.; Vidal B.; Valdez C.; Rodrigues A. C.; Miguez L.; Moralez G.; Hong T.; Kutz A.; Hausfater P.; Amin D.; Struja T.; Haubitz S.; Huber A.; Mueller B.; Schuetz P.; Brown T.; Collinson J.; Pritchett C.; Slade T.; Le Guen M.; Hellings S.; Ramsaran R.; Alsheikhly A.; Abe T.; Kanapeckaite L.; Abu-Habsa M.; Bahl R.; Russell M. Q.; Real K. J.; Abu-Habsa M.; Lyon R. M.; Oveland N. P.; Penketh J.; Mcdonald M.; Kelly F.; Alfafi M.; Alsolamy S.; Almutairi W.; Alotaibi B.; Van den Berg A. E; Schriel Y.; Dawson L.; Meynaar I. A.; Talaie H.; Silva D.; Fernandes S.; Gouveia J.; Santos Silva J.; Foley J.; Kaskovagheorgescu A.; Evoy D.; Cronin J.; Ryan J.; Huck M.; Hoffmann C.; Renner J.; Laitselart P.; Donat N.; Cirodde A.; Schaal J. V.; Masson Y.; Nau A.; Leclerc T.; Howarth O.; Davenport K.; Jeanrenaud P.; Raftery S.; MacTavish P.; Devine H.; McPeake J.; Daniel M.; Kinsella J.; Quasim T.; Alrabiee S.; Alrashid A.; Alsolamy S.; Gundogan O.; Bor C.; Akýn Korhan E.; Demirag K.; Uyar M.; Frame F.; Ashton C.; Bergstrom Niska L.; Dilokpattanamongkol P.; Suansanae T.; Suthisisang C.; Morakul S.; Karnjanarachata C.; Tangsujaritvijit V.; Mahmood S.; Al Thani H.; Almenyar A.; Vakalos A.; Avramidis V.; Sharvill R.; Penketh J.; Morton S. E.; Chiew Y. S.; Pretty C.; Chase J. G.; Shaw G. M.; Knafelj R.; Kordis P.; Patel S.; Grover V.; Kuchyn I.; Bielka K.; Aidoni Z.; Grosomanidis V.; Kotzampassi K.; Stavrou G.; Fyntanidou B.; Patsatzakis S.; Skourtis C.; Lee S. D.; Williams K.; Weltes I. D.; Berhane S.; Arrowsmith C.; Peters C.; Robert S.; Caldas J.; Panerai R. B.; Robinson T. G.; Camara L.; Ferreira G.; Borg-Seng-Shu E.; De Lima Oliveira M.; Mian N. C.; Santos L.; Nogueira R.; Zeferino S. P.; Jacobsen Teixeira M.; Galas F.; Hajjar L. A.; Killeen P.; McPhail M.; Bernal W.; Maggs J.; Wendon J.; Hughes T.; Taniguchi L. U.; Siqueira E. M.; Vieira Jr J. M.; Azevedo L. C.; Ahmad A. N.; Abu-Habsa M.; Bahl R.; Helme E.; Hadfield S.; Loveridge R.; Shak J.; Senver C.; Howard-Griffin R.; Wacharasint P.; Fuengfoo P.; Sukcharoen N.; Rangsin R.; Sbiti-Rohr D.; Schuetz P.; Na H.; Song S.; Lee S.; Jeong E.; Lee K.; Cooper M.; Milinis K.; Williams G.; McCarron E.; Simants S.; Patanwala I.; Welters I. D.; Zoumpelouli E.; Volakli E. A; Chrysohoidou V.; Georgiou S.; Charisopoulou K.; Kotzapanagiotou E.; Panagiotidou V.; Manavidou K.; Stathi Z.; Sdougka M.; Salahuddin N.; AlGhamdi B.; Marashly Q.; Zaza K.; Sharshir M.; Khurshid M.; Ali Z.; Malgapo M.; Jamil M.; Shafquat A.; Shoukri M.; Hijazi M.; Abe T.; Uchino S.; Takinami M.; Rangel Neto N. R.; Oliveira S.; Reis F. Q.; Rocha F. A.; Moralez G.; Ebecken K.; Rabello L. S.; Lima M. F.; Hatum R.; De Marco F. V.; Alves A.; Pinto J. E.; Godoy M.; Brasil P. E.; Bozza F. A.; Salluh J. I.; Soares M.; Krinsley J.; Kang G.; Perry J.; Hines H.; Wilkinson K. M.; Tordoff C.; Sloan B.; Bellamy M. C.; Moreira E.; Verga F.; Barbato M.; Burghi G.; Soares M; Silva U. V.; Azevedo L. C.; Torelly A. P.; Kahn J. M.; Angus D. C.; Knibel M. F.; Brasil P. E.; Bozza F. A.; Salluh J. I.; Velasco M. B.; Dalcomune D. M.; Marshall R.; Gilpin T.; Tridente A.; Raithatha A.; Mota D.; Loureiro B.; Dias J.; Afonso O.; Coelho F.; Martins A.; Faria F.; Al-Dorzi H.; Al Orainni H.; AlEid F.; Tlaygeh H.; Itani A.; Hejazi A.; Arabi Y.; Gaudry S.; Messika J.; Ricard J. D.; Guillo S.; Pasquet B.; Dubief E.; Dreyfuss D.; Tubach F.; Battle C.; James K.; Temblett P.; Davies L.; Battle C.; Lynch C.; Pereira S.; Cavaco S.; Fernandes J.; Moreira I.; Almeida E.; Seabra Pereira F.; Malheiro M.; Cardoso F.; Aragão I.; Cardoso T.; Fister M.; Knafelj R.; Muraray Govind P.; Brahmananda Reddy N.; Pratheema R.; Arul E. D.; Devachandran J.; Velasco M. B.; Dalcomune D. M.; Knafelj R.; Fister M.; Chin-Yee N.; D’Egidio G.; Thavorn K.; Heyland D.; Kyeremanteng K.; Murchison A. G.; Swalwell K.; Mandeville J.; Stott D.; Guerreiro I.; Devine H.; MacTavish P.; McPeake J.; Quasim T.; Kinsella J.; Daniel M.; Goossens C.; Marques M. B.; Derde S.; Vander Perre S.; Dufour T.; Thiessen S. E.; Güiza F.; Janssens T.; Hermans G.; Vanhorebeek I.; De Bock K.; Van den Berghe G.; Langouche L.; Devine H.; MacTavish P.; Quasim T.; Kinsella J.; Daniel M.; McPeake J.; Miles B.; Madden S.; Devine H.; Weiler M.; Marques P.; Rodrigues C.; Boeira M.; Brenner K.; Leães C.; Machado A.; Townsend R.; Andrade J.; MacTavish P.; McPeake J.; Devine H.; Kinsella J.; Daniel M.; Kishore R.; Fenlon C.; Quasim T.; Fiks T.; Ruijter A.; Te Raa M.; Spronk P.; Chiew Y. S.; Docherty P.; Dickson J.; Moltchanova E.; Scarrot C.; Pretty C.; Shaw G. M.; Chase J. G.; Hall T.; Ngu W. C.; Jack J. M.; Morgan P.; Avard B.; Pavli A.; Gee X.; Bor C.; Akin Korhan E.; Demirag K.; Uyar M.; Shirazy M.; Fayed A.; Gupta S.; Kaushal A.; Dewan S.; Varma A.; Ghosh E.; Yang L.; Eshelman L.; Lord B.; Carlson E.; Helme E.; Broderick R.; Hadfield S.; Loveridge R.; Ramos J.; Forte D.; Yang F.; Hou P.; Dudziak J.; Feeney J.; Wilkinson K.; Bauchmuller K.; Shuker K.; Faulds M.; Raithatha A.; Bryden D.; England L.; Bolton N.; Tridente A.; Bauchmuller K.; Shuker K; Tridente A; Faulds M; Matheson A; Gaynor J.; Bryden D; S South Yorkshire Hospitals Research Collaboration; Ramos J.; Peroni B.; Daglius-Dias R.; Miranda L.; Cohen C.; Carvalho C.; Velasco I.; Forte D.; Kelly J. M.; Neill A.; Rubenfeld G.; Masson N.; Min A.; Boezeman E.; Hofhuis J.; Hovingh A.; De Vries R.; Spronk P.; Cabral-Campello G.; Aragão I.; Cardoso T.; Van Mol M.; Nijkamp M.; Kompanje E.; Ostrowski P.; Omar A.; Kiss K.; Köves B.; Csernus V.; Molnár Z.; Hoydonckx Y.; Vanwing S.; Stessel B.; Van Assche A.; Jamaer L.; Dubois J.; Medo V.; Galvez R.; Miranda J. P.; Stone C.; Wigmore T.; Arunan Y.; Wheeler A.; Bauchmuller K.; Bryden D.; Wong Y.; Poi C.; Gu C.; Molmy P.; Van Grunderbeeck N.; Nigeon O.; Lemyze M.; Thevenin D.; Mallat J.; Ramos J.; Correa M.; Carvalho R. T.; Forte D.; Fernandez A.; McBride C.; Koonthalloor E.; Walsh C.; Webber A.; Ashe M.; Smith K.; Jeanrenaud P.; Marudi A.; Baroni S.; Ragusa F.; Bertellini E.; Volakli E. A.; Chochliourou E.; Dimitriadou M.; Violaki A.; Mantzafleri P.; Samkinidou E.; Vrani O.; Arbouti A.; Varsami T.; Sdougka M.; Bollen J. A.; Van Smaalen T. C.; De Jongh W. C.; Ten Hoopen M. M.; Ysebaert D.; Van Heurn L. W.; Van Mook W. N.; Sim K.; Fuller A.; Roze des Ordons A.; Couillard P.; Doig C.; Van Keer R. V.; Deschepper R. D.; Francke A. F.; Huyghens L. H.; Bilsen J. B.; Nyamaizi B.; Dalrymple C.; Molokhia A.; Dobru A.; Marrinan E.; Ankuli A.; Molokhia A.; McPeake J.; Struthers R.; Crawford R.; Devine H.; Mactavish P.; Quasim T.; Morelli P.; Degiovanangelo M.; Lemos F.; MArtinez V.; Verga F.; Cabrera J.; Burghi G.; Rutten A.; Van Ieperen S.; De Geer S.; Van Vugt M.; Der Kinderen E.; Giannini A.; Miccinesi G; Marchesi T; Prandi E,"Critical care (London, England)",2016,10.1186/s13054-016-1208-6,PMC5493079,Yes,Yes,PMID_27885969.pdf
