Biomarker,Protein_Gene_or_Other,Experiment_to_Measure_Biomarker,Type_of_Sample,Predictive_Prognostic_or_Diagnostic,Function_as_Biomarker,Type_of_Cancer_or_Disease,Clinical_Endpoint_or_Characteristic_in_Study,Citation,Year_of_Publication,Country_of_Participants,State_or_Region_in_Country_of_Participants
"1-stearoylglycerol (1-SG, or 1-monostearin)",Other (Lipid),Serum metabolomic profiling,Fasting serum,Diagnostic,Potential prostate cancer early detection marker,Prostate cancer,Odds ratio of 0.34 for risk up to 23 years after blood collection,"Mondul AM, et al. 1-stearoylglycerol is associated with risk of prostate cancer: results from serum metabolomic profiling. Metabolomics. 2014;10(5):1036–1041.",2014,Finland,Southwestern Finland
Estrogen receptor-beta (ER-?),Protein,Immunohistochemistry,Paraffin-embedded breast specimens,Prognostic,Capable of predicting the likelihood of relapse/progression,Breast cancer (BC),Disease-free survival (DFS) measured from tumor diagnosis to first recurrence,"Novelli F, et al. A divergent role for estrogen receptor-beta in node-positive and node-negative breast cancer classified according to molecular subtypes. Breast Cancer Res. 2008;10:R74.",2008,Italy,Rome
Telomere length,DNA,Monochrome quantitative multiplex PCR assay,Blood leukocytes,Diagnostic,Measure of risk for developing pancreatic cancer,Pancreatic adenocarcinoma,Odds ratio of 1.61 for risk based on median 6.3-year follow-up,"Lynch SM, et al. A prospective analysis of telomere length and pancreatic cancer in the alpha-tocopherol beta-carotene cancer (ATBC) prevention study. Int J Cancer. 2013;133(11):2672–2680.",2013,Finland,-
Excision repair cross-complementing gene 1 (ERCC1),Protein,Immunohistochemistry,Tumor samples (bronchoscopy/biopsy),Predictive,Correlate with therapeutic efficacy of platinum,Advanced non-small cell lung cancer (NSCLC),"Response rate, median PFS time, and 1-year survival rate following chemotherapy","Zhang Q, et al. A prospective study of biomarker-guided chemotherapy in patients with non-small cell lung cancer. Cancer Chemother Pharmacol. 2014;74:839–846.",2014,People’s Republic of China,Nanjing
Ribonucleotide reductase M1 (RRM1),Protein,Immunohistochemistry,Tumor samples (bronchoscopy/biopsy),Predictive,Correlate with therapeutic efficacy of gemcitabine,Advanced non-small cell lung cancer (NSCLC),"Response rate, median PFS time, and 1-year survival rate following chemotherapy","Zhang Q, et al. A prospective study of biomarker-guided chemotherapy in patients with non-small cell lung cancer. Cancer Chemother Pharmacol. 2014;74:839–846.",2014,People’s Republic of China,Nanjing
?-tubulin III,Protein,Immunohistochemistry,Tumor samples (bronchoscopy/biopsy),Predictive,Correlate with therapeutic efficacy of docetaxel,Advanced non-small cell lung cancer (NSCLC),"Response rate, median PFS time, and 1-year survival rate following chemotherapy","Zhang Q, et al. A prospective study of biomarker-guided chemotherapy in patients with non-small cell lung cancer. Cancer Chemother Pharmacol. 2014;74:839–846.",2014,People’s Republic of China,Nanjing
leukocyte telomere length (TL),DNA,Monochrome multiplex quantitative PCR,Peripheral blood leukocytes,Diagnostic,Marker of cancer risk,Renal cell carcinoma (RCC),Odds ratios for RCC risk comparing highest/lowest quartiles pre-diagnosis,"Hofmann JN, et al. A prospective study of leukocyte telomere length and risk of renal cell carcinoma. Cancer Epidemiol Biomarkers Prev. 2013;22(5):997–1000.",2013,United States,-
"Macrophage inhibitory cytokine-1 (MIC-1, GDF15)",Protein,Enzyme-linked immunosorbent assay,Prediagnostic blood specimen (plasma),Diagnostic,Potential biomarker for CRC risk,Colorectal cancer (CRC),Multivariable relative risks for CRC across plasma quintiles,"Mehta RS, et al. A prospective study of macrophage inhibitory cytokine-1 (MIC-1-GDF15) and risk of colorectal cancer. J Natl Cancer Inst. 2014;106(4):dju016.",2014,United States,-
Selenoprotein P (SEPP1),Protein,SEPP1 assays,Plasma,Diagnostic,Biomarker of lung cancer risk,Lung cancer,Odds ratios of lung cancer risk by SEPP1 tertiles over 9-year follow-up,"Epplein M, et al. A prospective study of plasma Selenoprotein P and lung cancer risk among low-income adults. Cancer Epidemiol Biomarkers Prev. 2014;23(7):1238–1244.",2014,United States,Southeastern US
relative telomere length,DNA,Quantitative real-time PCR,Peripheral blood leukocytes,Diagnostic,Measure of cancer risk,Postmenopausal breast cancer,Odds ratio (1.23) for postmenopausal breast cancer risk,"De Vivo I, et al. A prospective study of relative telomere length and postmenopausal breast cancer risk. Cancer Epidemiol Biomarkers Prev. 2009;18(4):1152–1156.",2009,United States,-
Total and ionized serum calcium,Other (Cation),Measurement from mortality files,Serum,Prognostic,Biomarker of fatal prostate cancer,Fatal prostate cancer,Multivariate-adjusted relative risk for death from prostate cancer,"Skinner HG, Schwartz GG. A prospective study of total and ionized serum calcium and fatal prostate cancer. Cancer Epidemiol Biomarkers Prev. 2009;18(2):575–578.",2009,United States,-
Estrone sulfate,Other (Hormone),Radioimmunoassay (RIA),Circulating concentrations (serum),Predictive,Potential biomarker of simvastatin chemopreventive activity,Breast cancer,Change in concentration over 24–28 weeks of oral simvastatin treatment,"Higgins MJ, et al. A short-term biomarker modulation study of simvastatin in women at increased risk of a new breast cancer. Breast Cancer Res Treat. 2012;131(3):915–924.",2012,United States,Maryland and Massachusetts
bevacizumab-induced hypertension,Other (Clinical condition),Home-based blood pressure measurement,In situ,Predictive,Clinical biomarker of antitumor activity,"NSCLC, colorectal cancer, or ovarian cancer",Predictive of response to bevacizumab and chemotherapy within 42 days,"Mir O, et al. An observational study of bevacizumab-induced hypertension as a clinical biomarker of antitumor activity. Oncologist. 2011;16:1325–1332.",2011,France,Paris
25(OH)D,Other (Vitamin D metabolite),Pooled analysis of trials,Circulating concentrations (blood),Diagnostic,Biomarker for adenoma characteristics and recurrence,Colorectal adenoma,"Adjusted odds ratios for multiplicity, large size, and villous histology","Jacobs ET, et al. Association between circulating concentrations of 25(OH)D and colorectal adenoma: a pooled analysis. Int J Cancer. 2013;133(11).",2013,United States,Arizona
C-reactive protein (CRP),Protein,Repeat measurements (assessments),Serum,Diagnostic,Pro-inflammatory biomarker of risk,Colorectal cancer (CRC),Colon cancer risk (odds ratio) over 3-year period,"Toriola AT, et al. Biomarkers of inflammation are associated with colorectal cancer risk in women but are not suitable as early detection markers. Int J Cancer. 2013;132(11):2648–2658.",2013,United States,-
serum-amyloid A (SAA),Protein,Repeat measurements (assessments),Serum,Diagnostic,Biomarker of inflammation and risk,Colorectal cancer (CRC),Colon cancer risk (odds ratio) over 3-year period,"Toriola AT, et al. Biomarkers of inflammation are associated with colorectal cancer risk in women but are not suitable as early detection markers. Int J Cancer. 2013;132(11):2648–2658.",2013,United States,-
CA125,Protein,Pretreatment laboratory data,Serum,Predictive,Predictor of chemotherapy toxicity,Ovarian cancer,Total Toxicity Score for elderly women receiving chemotherapy,"Won E, Tew WP, et al. CA125 level association with chemotherapy toxicity and function in older women with ovarian cancer. Int J Gynecol Cancer. 2013.",2013,United States,New York
alpha fetoprotein (AFP),Protein,Enzyme immunoassay (EIA),Serum samples,Diagnostic,Tumor marker for early detection,Hepatocellular carcinoma (HCC),Positive response rates comparing 20 ng/ml cutoff in liver disease,"Jirun P, et al. Clinical utility of alpha fetoprotein and HCCR-1, alone or in combination, in patients with chronic hepatitis, liver cirrhosis and hepatocellular carcinoma. Disease Markers. 2011;30(6):307-315.",2011,Korea and China,Seoul and Beijing
HCCR-1,Protein,ELISA and Immunohistochemistry,Serum and liver tissues,Diagnostic,Tumor marker for early detection,Hepatocellular carcinoma (HCC),Positive response rates comparing 10 ng/ml cutoff in liver disease,"Jirun P, et al. Clinical utility of alpha fetoprotein and HCCR-1, alone or in combination, in patients with chronic hepatitis, liver cirrhosis and hepatocellular carcinoma. Disease Markers. 2011;30(6):307-315.",2011,Korea and China,Seoul and Beijing
EGFR mutations,DNA,Genotyping,Tissue samples,Predictive,Predict subject response to EGFR inhibitor drugs,Non-small cell lung cancer,Efficiency in estimating outcome-biomarker correlation (tumor response),"Wang X, Zhou H. Design and inference for cancer biomarker study with an outcome and auxiliary-dependent subsampling. Biometrics. 2010;66(2):502-511.",2010,United States,North Carolina
occult micrometastases (OM),RNA (MUC1 mRNA),RT-PCR and Immunohistochemistry,Histologically negative lymph nodes,Prognostic,Marker of recurrence/metastatic disease,Stage I non-small cell lung cancer (NSCLC),Cancer recurrence within 2 years of follow-up,"Maddaus MA, et al. CALGB 9761: A prospective analysis of IHC and PCR based detection of occult metastatic disease in stage I NSCLC. J Clin Oncol. 2006;24.",2006,United States,-
circulating tumor cells (CTCs),Protein (Cytokeratins),Immunomagnetic separation and immunocytochemistry,Peripheral blood,Prognostic,Strong biomarker to predict disease recurrence,Breast cancer,Overall survival (OS) related to persistence before/after neoadjuvant therapy,"Serrano MJ, et al. Dynamics of circulating tumor cells in early breast cancer under neoadjuvant therapy. Exp Ther Med. 2012;4(4):691-697.",2012,Spain,Granada and Jaén
EDNRB promoter methylation,DNA,Quantitative methylation-specific PCR,Salivary rinses,Diagnostic,Biomarker for oral cancer and premalignancy,Oral cancer/HNSCC,Predictive accuracy (AUC) for discrimination of cancer/dysplasia vs benign,"Schussel J, et al. EDNRB and DCC salivary rinse hypermethylation has a similar performance as expert clinical examination in discrimination of oral cancer/dysplasia vs. benign lesions. Clin Cancer Res. 2013;19(12):3268–3275.",2013,United States,Maryland and New York
DCC methylation,DNA,Quantitative methylation-specific PCR,Salivary rinses,Diagnostic,Biomarker for oral cancer and premalignancy,Oral cancer/HNSCC,Predictive accuracy (AUC) for discrimination of cancer/dysplasia vs benign,"Schussel J, et al. EDNRB and DCC salivary rinse hypermethylation has a similar performance as expert clinical examination in discrimination of oral cancer/dysplasia vs. benign lesions. Clin Cancer Res. 2013;19(12):3268–3275.",2013,United States,Maryland and New York
exhaled nitric oxide (NO),Other (Gas),NO breath analyzer,In situ (breath),Predictive,Predictive biomarker for radiation pneumonitis,Esophagus cancer,Risk of clinical symptoms during neoadjuvant chemoradiotherapy,"Guerrero T, et al. Elevation in exhaled nitric oxide predicts for radiation pneumonitis. Int J Radiat Oncol Biol Phys. 2012;83.",2012,United States,Texas
"HBV A1762T, G1764A mutations",DNA,Nested PCR and BCP sequencing,Serum sample,Diagnostic,Biomarker for identifying subset at extremely high risk,Hepatocellular carcinoma (HCC),"Incidence density (1/100,000 Person-Years) over 36 months follow-up","Fang ZL, et al. HBV A1762T, G1764A mutations are a valuable biomarker for identifying a subset of male HBsAg carriers at extremely high risk of HCC. Am J Gastroenterol. 2008;103(9):2254–2262.",2008,China,Guangxi
Sonic Hedgehog (SHH) mRNA,RNA,Real-time PCR,Carcinoma tissue and paired noncancerous tissue,Prognostic,Indicates a risk of recurrence,Breast carcinoma,Correlation with recurrence following curative resection over 30 months,"Jeng KS, et al. High expression of Sonic Hedgehog signaling pathway genes indicates a risk of recurrence of breast carcinoma. OncoTargets Ther. 2013;6.",2013,Taiwan,Taipei and Tao-Yuan
miRNA-103,RNA,Oligonucleotide microarrays and qRT-PCR,Cellular fraction of peripheral blood,Diagnostic,Potential biomarker for detection,Malignant mesothelioma,Diagnostic performance (sensitivity/specificity) in pleural MM diagnosis,"Weber DG, et al. Identification of miRNA-103 in the cellular fraction of human peripheral blood as a potential biomarker for malignant mesothelioma–a pilot study. PLoS ONE. 2012;7(1):e30221.",2012,Germany,Bochum and Essen
Osteopontin (OPN),Protein,Plasma proteomic profiling,Plasma,Diagnostic,Novel marker for early detection,Hepatocellular carcinoma (HCC),Area under the ROC curve (AUC) for differentiating HCC/cirrhosis,"Shang S, et al. Identification of osteopontin as a novel marker for early hepatocellular carcinoma. Hepatology. 2012;55.",2012,United States and Thailand,Michigan
programmed cell death 6 (PDCD6),RNA,Microarray analysis and real-time RT-PCR,Endoscopic biopsy samples,Prognostic,Correlation with overall survival,Gastric cancer,Hazard ratio for overall survival following 5-FU-based chemotherapy,"Yamada Y, et al. Identification of prognostic biomarkers in gastric cancer using endoscopic biopsy samples. Cancer Sci. 2008;99(11):2193-2199.",2008,Japan,Tokyo
GP88 (progranulin),Protein,Immunoassay,Serum,Diagnostic,"Circulating biomarker for detection, monitoring and follow up",Breast cancer patients (BC),Serum concentration levels compared between stages 1–4 and healthy volunteers,"Tkaczuk KR, et al. Increased circulating level of the survival factor GP88 (progranulin) in the serum of breast cancer patients when compared to healthy subjects. Breast Cancer. 2011;5:155–162.",2011,United States,Maryland
Insulin,Protein,Batch analyses,Serum specimens,Diagnostic,Suspected biomarker of risk,Colorectal cancer (CRC),Hazard ratio for CRC risk over 12-year follow-up period,"Limburg PJ, et al. Insulin, glucose, insulin resistance, and incident colorectal cancer in male smokers. Clin Gastroenterol Hepatol. 2006;4.",2006,Finland,Southwestern Finland
NAD(P)H:quinone oxidoreductase 1 (NQO1),Protein,Immunohistochemistry,Core-needle biopsy and residual tumour tissue,Predictive,Predict response to neoadjuvant chemotherapy,Primary breast cancer,Pathological complete response (pCR) following six cycles of TAC regimen,"Grim J, et al. Low expression of NQO1 predicts pathological complete response to neoadjuvant chemotherapy in breast cancer patients treated with TAC regimen. Folia Biol (Praha). 2012;58:185-192.",2012,Czech Republic,Hradec Králové
Midkine (MK) mRNA,RNA,Real-time quantitative RT-PCR,Peripheral blood mononuclear cells (PBMC),Diagnostic,Potential biomarker for patients having primary NSCLC,Non-small cell lung cancer (NSCLC),Sensitivity and specificity using a 0.0063 cutoff for diagnosis,"Ma Z, et al. Midkine mRNA level in peripheral blood mononuclear cells is a novel biomarker for primary non-small cell lung cancer: a prospective study. J Cancer Res Clin Oncol. 2013;139:557–562.",2013,China,Huzhou
spindle-assembly checkpoint (SAC) by CDK activity,Protein,Cell-cycle profiling (C2P) technology,fine-needle aspiration biopsy,Predictive,Predict taxane chemosensitivity,Breast tumor patients,Clinical response (longest diameter reduction) to preoperative chemotherapy,"Torikoshi Y, et al. Novel functional assay for spindle-assembly checkpoint by cyclin-dependent kinase activity to predict taxane chemosensitivity in breast tumor patient. J Cancer. 2013;4(9):697-702.",2013,United States,Texas
survivin mRNA,RNA,Real-Time PCR,Urinary cells,Diagnostic,Tumor marker for early detection,Bladder cancer,Sensitivity and specificity for detection over 7-year surveillance period,"Johnen G, et al. Performance of survivin mRNA as a biomarker for bladder cancer in the prospective study UroScreen. PLoS ONE. 2012;7(4):e35363.",2012,Germany,Bochum
serum EGF,Protein,Enzyme-linked immunosorbent assay (ELISA),Serum,Predictive,Identify patients for cetuximab/mFOLFOX6 treatment,Advanced gastric cancer,Confirmed response rate (RR) and time-to-progression (TTP),"Han SW, et al. Phase II study and biomarker analysis of cetuximab combined with modified FOLFOX6 in advanced gastric cancer. Br J Cancer. 2009;100:298–304.",2009,Korea,Seoul
phytohemagglutinin-induced IL2 mRNA,RNA,ex vivo blood stimulation and real-time PCR,Whole blood,Predictive,Predict bortezomib-induced peripheral neuropathy (BiPN),Multiple myeloma,Association with BiPN grade after 1.3mg/m2 bortezomib administration,"Watanabe T, et al. Phytohemagglutinin-induced IL2 mRNA in whole blood can predict bortezomib-induced peripheral neuropathy for multiple myeloma patients. Blood Cancer J. 2013;3:e150.",2013,Japan,Tokyo
vascular cell adhesion molecule 1 (VCAM-1),Protein,Antibody suspension bead arrays,Pre-operative plasma,Predictive,Predict post-operative recurrence,Colorectal cancer,Prediction of post-operative recurrence with distal metastasis over 3.9 years,"Yamada Y, et al. Plasma concentrations of VCAM-1 and PAI-1: a predictive biomarker for post-operative recurrence in colorectal cancer. Cancer Sci. 2010;101:1886–1890.",2010,Japan,Tokyo
plasma fluorescent oxidation products (FlOP),Other (Oxidation products),Fluorescent intensity measurement,Pre-diagnostic plasma,Diagnostic,Global biomarker of oxidative stress/risk,Breast cancer,Relative risk (RR) for breast cancer over 10-year period,"Fortner RT, et al. Plasma florescent oxidation products and breast cancer risk: repeated measures in the Nurses’ Health Study. Breast Cancer Res Treat. 2013;141(2):307–316.",2013,United States,-
Progranulin (GP88),Protein,Immunohistochemistry,Formalin-fixed paraffin-embedded blocks (tissue),Prognostic,Associated with increased risk of recurrence,Invasive ductal carcinoma (IDC),Disease-free survival (DFS) and overall survival (OS) over 12 years,"Serrero G, et al. Progranulin (GP88) tumor tissue expression is associated with increased risk of recurrence in breast cancer patients diagnosed with estrogen receptor positive invasive ductal carcinoma. Breast Cancer Res. 2012;14:R26.",2012,United States,-
estrogen receptor (ER),Protein,Immunohistochemistry,Matched primary and recurrent tissue samples,Predictive,Confirms switches which change therapeutic management,Recurrent breast cancer,Change in treatment plan based on receptor status switch,"Thompson AM, et al. Prospective comparison of switches in biomarker status between primary and recurrent breast cancer: the Breast Recurrence In Tissues Study (BRITS). Breast Cancer Res. 2010;12:R92.",2010,United Kingdom,-
tumor LINE-1 methylation level,DNA,PCR and pyrosequencing assay,Archival tumor tissue,Diagnostic,Familial predisposition factor,Colorectal cancer (CRC),Hazard ratio for CRC risk by molecular subtype (high/intermediate/low),"Ogino S, et al. Prospective Study of Family History and colorectal cancer risk by tumor liNe-1 Methylation level. J Natl Cancer Inst. 2013;105.",2013,United States,-
prostate cancer cell telomere length variability,DNA,Telomere-specific FISH staining,Primary cancer tissue,Prognostic,Predict risk of progression to metastasis and death,Clinically-localized prostate cancer,Progression to metastasis or death over maximum 23-year follow-up,"Heaphy CM, et al. Prostate Cancer Cell Telomere Length Variability and Stromal Cell Telomere Length as Prognostic Markers for Metastasis and Death. Cancer Discov. 2013;3(10):1130–1141.",2013,United States,-
Septin 9 (SEPT9) methylated DNA,DNA,Real-time PCR,Plasma,Diagnostic,Sensitive and specific blood test for CRC,Colorectal cancer (CRC),Performance (sensitivity/specificity) across clinical stages and locations,"Warren JD, et al. Septin 9 methylated DNA is a sensitive and specific blood test for colorectal cancer. BMC Med. 2011;9:133.",2011,United States and Russia,-
p63,Protein,Immunohistochemical expression,Biopsy specimens,Prognostic,Better understand tumour behaviour,Bladder cancer,"Variation of expression in relation to type, grade and stage","Mursi K, et al. The expression of p63 in bladder cancer vs. chronic bilharzial bladder. Arab J Urol. 2013;11.",2013,Egypt,-
Bc2 serum biomarker,Protein,SELDI-TOF mass spectrometry,Serum samples,Diagnostic,Highest individual diagnostic power for discrimination,Early breast cancer (BC),Statistical significance in discriminating malignant from benign and healthy groups,"Atahan K, et al. The value of serum biomarkers (Bc1, Bc2, Bc3) in the diagnosis of early breast cancer. Int J Med Sci. 2011;8(2):148-155.",2011,Turkey,?zmir
total cotinine,Other (Nicotine metabolite),Retrospective urine analysis,Pre-diagnostic urine,Diagnostic,Biomarker of lung cancer risk,Lung cancer,Odds ratio for risk in current smokers over 20-year period,"Hecht SS, et al. Tobacco smoke biomarkers and cancer risk among male smokers in the Shanghai cohort study. Cancer Lett. 2013;334.",2013,China,Shanghai
Transforming Growth Factor Beta-1 (TGF-?1),Protein,ELISA immunoassay,Serum,Predictive,Early biomarker for development of moderate-to-severe RIF,Breast cancer,Prediction of moderate-to-severe RIF using 96.0 pg/ml cutoff,"Boothe DL, et al. Transforming growth factor ?-1 (TGF-?1) is a serum biomarker of radiation induced fibrosis in patients treated with intracavitary accelerated partial breast irradiation (IBAPBI): preliminary results of a prospective study. Int J Radiat Oncol Biol Phys. 2013;87(5):1030–1036.",2013,United States,New York
multigene biomarker chip,DNA,membrane array-based multigene biomarker assay,peripheral blood,Prognostic,detects circulating tumor cells for postoperative surveillance,stage I–III colorectal cancer,postoperative relapse,"Chang Y-T, et al. A Prospective Study of Comparing Multi-Gene Biomarker Chip and Serum Carcinoembryonic Antigen in the Postoperative Surveillance for Patients with Stage I-III Colorectal Cancer. PLoS ONE 11(10): e0163264.",2016,Taiwan,Kaohsiung
serum Carcinoembryonic Antigen (CEA),Protein,enzyme immunoassay,peripheral blood,Prognostic,used as a disease relapse marker during surveillance,stage I–III colorectal cancer,unmeasurable elevations in 30%–40% of recurrences,"Chang Y-T, et al. A Prospective Study of Comparing Multi-Gene Biomarker Chip and Serum Carcinoembryonic Antigen in the Postoperative Surveillance for Patients with Stage I-III Colorectal Cancer. PLoS ONE 11(10): e0163264.",2016,Taiwan,Kaohsiung
anti-Ezrin autoantibodies,Protein,ELISA,pre-diagnostic plasma,Diagnostic,potential biomarker for early detection,pancreatic cancer,case-control difference for baseline risk,"Sun Y, et al. A prospective study of autoantibodies to Ezrin and pancreatic cancer risk. Cancer Causes Control. 27(6): 831–835.",2016,USA,12 southern states
soluble receptor for advanced glycation end-products (sRAGE),Protein,human sRAGE Quantikine ELISA,serum or EDTA-plasma,Diagnostic,inverse association with risk of development,colorectal cancer,hazard ratio (HR) for incident CRC over 7.8 years,"Chen L, et al. A prospective study of soluble receptor for advanced glycation end-products and colorectal cancer risk in postmenopausal. Cancer Epidemiol. 42: 115–123.",2016,USA,-
N?-(carboxymethyl)lysine (CML-AGE),Protein,ELISA,Citrate-plasma,Diagnostic,baseline levels investigated for association with risk,colorectal cancer,Spearman correlation analysis in case-cohort,"Chen L, et al. A prospective study of soluble receptor for advanced glycation end-products and colorectal cancer risk in postmenopausal. Cancer Epidemiol. 42: 115–123.",2016,USA,-
neopterin,Other (Pteridine),biochemical analyses,plasma,Diagnostic,biomarker of immune system activation for risk assessment,colorectal cancer,"sum of neopterin and 7,8-dihydroneopterin over 7.2 years follow-up","Aleksandrova K, et al. A prospective study of the immune system activation biomarker neopterin and colorectal cancer risk. JNCI J Natl Cancer Inst. 107(4): djv010.",2015,Europe,-
total plasma cell-free DNA (cfDNA),DNA,quantitative real-time PCR,plasma,Predictive,predictor for response to systemic therapy,advanced non-small-cell lung cancers,"radiologic response, progression-free survival (PFS), and overall survival (OS)","Li BT, et al. A prospective study of total plasma cell-free DNA as a predictive biomarker for response to systemic therapy in patients with advanced non-small-cell lung cancers. Annals of Oncology 27: 154–159.",2016,USA,New York and Boston
serum HER2 extracellular domain (HER2/ECD),Protein,FDA-approved Immuno-1 automated sandwich immunoassay,serum,Prognostic,used for monitoring neoadjuvant therapy efficiency and relapse detection,breast cancer with HER2 overexpression,correlation with clinical outcome (DFS and OS),"Reix N, et al. A prospective study to assess the clinical utility of serum HER2 extracellular domain in breast cancer with HER2 overexpression. Breast cancer research and treatment 160:249–259.",2016,France,Strasbourg
serum adenosine deaminase (ADA),Protein,serum analysis for ADA,serum,Diagnostic,useful candidate for screening high-risk patients,oral squamous cell carcinoma (OSCC),histopathological grade correlation,"Kelgandre DC, et al. Adenosine Deaminase - a Novel Diagnostic and Prognostic Biomarker for Oral Squamous Cell Carcinoma. Asian Pac J Cancer Prev. 17(4):1865-1869.",2016,India,-
plasma fluorescent oxidation products (FlOPs),Other (Oxidation products),FlOP measurements,blood,Diagnostic,investigated for association with subsequent risk,prostate cancer,1:1 matched nested case-control study over 8 years,"Yang S, et al. Association between plasma fluorescent oxidation products and erectile dysfunction - A prospective study. BMC urology 15:85.",2015,USA,Cincinnati and Boston
MYC and-or MYCN protein,Protein,immunohistochemistry,formalin-fixed paraffin-embedded sections,Prognostic,defines highly aggressive MYC-driven neuroblastoma,neuroblastoma,3-year event-free survival (EFS) and overall survival (OS),"Wang LL, et al. Augmented expression of MYC and-or MYCN protein defines highly aggressive MYC-driven neuroblastoma. British journal of cancer.",2015,USA,-
Circulating tumor DNA (ctDNA),DNA,ultra-deep targeted next-generation sequencing (NGS),plasma,Prognostic,provides prognostic information during treatment monitoring,advanced non-small cell lung cancer (NSCLC),prognostic value of baseline ctDNA on overall survival,"Pécuchet N, et al. Base-Position Error Rate Analysis of Next-Generation Sequencing Applied to Circulating Tumor DNA in Non-Small Cell Lung. PLoS medicine.",2016,France,Paris
Blood-based DNA methylation,DNA,methylation-specific PCR and pyrosequencing,"whole blood, serum, or plasma",Diagnostic,"used for screening, detection, and risk stratification",breast cancer (BC),association of global hypomethylation and increased cancer risk,"Tang Q, et al. Blood-based DNA methylation as biomarker for breast cancer: a systematic review. Clinical Epigenetics 8:115.",2016,-,-
CSF neopterin,Other (Pteridine),HPLC with fluorimetric detection,cerebrospinal fluid (CSF),Diagnostic,diagnostic marker for staging,primary central nervous system lymphoma,-,"Viaccoz A, et al. CSF neopterin level as a diagnostic marker in primary central nervous system lymphoma. Neuro-oncology.",2015,-,-
Circulating Metastasis Associated in Colon Cancer 1 (MACC1) transcripts,RNA,quantitative real-time RT-PCR,plasma,Prognostic,strong biomarker for tumor progression and survival,gastric cancer,discrimination from tumor-free volunteers and prediction of survival,"Burock S, et al. Circulating metastasis associated in colon cancer 1 transcripts in gastric cancer patient plasma as diagnostic and prognostic biomarker. World J Gastroenterol 21(1): 333-341.",2015,Germany,Berlin
Circulating tumor DNA (ctDNA),DNA,digital genomic assay Safe-SeqS,plasma,Predictive,early marker of therapeutic response to chemotherapy,metastatic colorectal cancer (mCRC),reduction in sum of largest tumor diameters (SLD),"Tie J, et al. Circulating tumor DNA as an early marker of therapeutic response in patients with metastatic colorectal cancer. Annals of Oncology 26: 1715–1722.",2015,Australia,-
"p53, p21, p27, Ki-67 and cyclin E1",Protein,immunohistochemical staining,transurethral resection (TUR) and radical cystectomy (RC) specimens,Prognostic,predicts marker status to guide multimodal therapeutic planning,high-grade urothelial carcinoma of the bladder (UCB),concordance rate in alterations between surgical procedures,"Passoni NM, et al. Concordance in Biomarker Status Between Bladder Tumors at Time of Transurethral Resection and Subsequent Radical Cystectomy. Bladder cancer 2: 91-100.",2016,USA,Dallas and New York
CA125,Protein,immunocytohistochemistry and serum level assay,"imprint cytology, tissues, and serum",Diagnostic,establishment of validity for early detection,ovarian neoplasm,preoperative serum level correlation with cytohistological expression,"Das C, et al. Correlation of cytohistlogical expression and serum level of ca125 in ovarian neoplasm. Journal of clinical and diagnostic research 8(3): 41-43.",2014,India,West Bengal
lymphocyte-monocyte ratio (LMR),Other (Cell ratio),absolute lymphocyte and monocyte counts,routine blood test,Prognostic,inexpensive biomarker for predicting clinical outcome,stage Ib1-IIa cervical cancer,recurrence-free survival (RFS) and overall survival (OS),"Chen L, et al. Decreased pretreatment lymphocyte-monocyte ratio is associated with poor prognosis in stage Ib1-IIa cervical cancer patients who undergo radical surgery. OncoTargets and therapy.",2015,China,Jinan
Ki-67,Protein,immunohistochemical staining,tumor tissue microarrays,Prognostic,cell proliferation marker assessed for association with diet,localized prostate cancer,lethal prostate cancer risk over follow-up from 1994-2010,"Zu K, et al. Dietary lycopene, angiogenesis, and prostate cancer - a prospective study in the prostate-specific antigen era. JNCI J Natl Cancer Inst.",2014,USA,Pittsburgh
EGFR circulating tumor DNA,DNA,next-generation sequencer deep sequencing,serial plasma samples,Predictive,utility in early evaluation of EGFR-TKI treatment effects,lung cancer with activating EGFR mutations,plasma mutation (PM) score ratio against pretreatment value,"Imamura F, et al. Early responses of EGFR circulating tumor DNA to EGFR tyrosine kinase inhibitors in lung cancer treatment. Oncotarget 7(44).",2016,Japan,-
[18F]fluorothymidine (FLT),Other (PET tracer),FLT-PET-CT imaging,in vivo scan,Predictive,imaging biomarker of proliferation for predicting response to chemotherapy,primary breast cancer,lesion maximum and mean standardized uptake values (SUVmax),"Woolf DK, et al. Evaluation of FLT-PET-CT as an imaging biomarker of proliferation in primary breast cancer. British journal of cancer.",2014,UK,-
fascin,Protein,immunohistochemical analysis,primary tumor and cervical lymph node specimens,Prognostic,evaluated for association with lymphatic metastasis,head and neck squamous cell carcinoma (HNSCC),overall survival and relapse-free survival,"Papaspyrou K, et al. Fascin upregulation in primary head and neck squamous cell carcinoma is associated with lymphatic metastasis. Oncology letters.",2014,Germany,Mainz
fibulin-3,Protein,commercially available ELISA,serum and plasma,Diagnostic,determination of diagnostic value for differentiation,malignant mesothelioma (MM),ROC curve analysis with sensitivity of 93.0%,"Kaya H, et al. Fibulin-3 as a diagnostic biomarker in patients with malignant mesothelioma. Asian Pac J Cancer Prev. 16:1403-1407.",2015,Turkey,-
Granulocyte macrophage colony-stimulating factor (GM-CSF),Protein,measurement of 27 cytokines in plasma,plasma,Predictive,predictor of the response to tyrosine kinase inhibitor therapy,metastatic renal cell carcinoma (RCC),partial response (PR) achievement correlation,"Yamada D, et al. Granulocyte macrophage colony-stimulating factor as a predictor of the response of metastatic renal cell carcinoma to tyrosine kinase inhibitor therapy. Molecular and clinical oncology.",2014,Japan,Tokyo
miR-19a,RNA,quantitative RT-PCR,serum,Predictive,predictive of favorable clinical outcome,metastatic HER2+ inflammatory breast cancer (IBC),progression-free survival (PFS) and overall survival (OS),"Anfossi S, et al. High Serum miR-19a Levels Are Associated with Inflammatory Breast Cancer and Are Predictive of Favorable Clinical Outcome. PLoS ONE 9(1): e83113.",2014,USA,Houston
Human MutL homolog 1 (hMLH1),Protein,immunohistochemical analysis,biopsy specimens,Diagnostic,analyzed for expression in potentially malignant disorders,oral squamous cell carcinoma (OSCC),comparison between histopathological grades,"Chaudhari C, et al. Human MutL homolog 1 immunoexpression in oral leukoplakia and oral squamous cell carcinoma - A prospective study in India. JOMFP.",2016,India,-
miR-185 and miR-1246 profile,RNA,microarray and RTqPCR assays,plasma,Diagnostic,identified profile specifically associated with metastatic melanoma,metastatic cutaneous melanoma,risk score analysis to differentiate from healthy donors,"Armand-Labit V, et al. Identification of a Circulating MicroRNA Profile as a Biomarker of Metastatic Cutaneous Melanoma. Acta dermato-venereologica.",2016,France,Toulouse
"7-gene signature panel (ADAM7, FAM72B, etc.)",RNA,RNA-Seq based transcriptome analysis,prostatic biopsies,Prognostic,associated with early relapse from treatment,advanced prostate cancer,reduction in disease-free survival (DFS),"Rajan P, et al. Identification of a candidate prognostic gene signature by transcriptome analysis of matched pre- and post-treatment prostatic biopsies. BMC cancer 14:977.",2014,UK,Glasgow and Newcastle
High-Resolution Magic Angle Spinning Magnetic Resonance Spectroscopic Profiles,Other (Metabolic profiles),HR-MAS MR spectroscopy,core-needle biopsies (CNBs) and surgical specimens,Diagnostic,metabolic characterization as a potential marker for tumor aggressiveness,invasive breast cancer,multivariate PLS-DA models to distinguish hormone receptor status,"Park VY, et al. Intratumoral Agreement of High-Resolution Magic Angle Spinning Magnetic Resonance Spectroscopic Profiles. Medicine 95(15):e3398.",2016,Republic of Korea,Seoul and Busan
KRAS G12D mutation subtype,DNA,KRAS mutation analysis via EUS-FNA,primary tumor cellular material,Prognostic,independent prognostic marker for advanced disease,pancreatic adenocarcinoma,overall survival (OS) interval,"Bournet B, et al. KRAS G12D Mutation Subtype Is A Prognostic Factor for Advanced Pancreatic Adenocarcinoma. Clinical and translational gastroenterology.",2016,France,-
lncRNA RP11-462C24.1,RNA,microarray assay and qRT-PCR,primary CRC tissue specimens,Prognostic,low expression suggests poor prognosis,colorectal cancer,disease-specific survival (DSS),"Shi D, et al. Low expression of novel lncRNA RP11-462C24.1 suggests a biomarker of poor prognosis in colorectal cancer. Medical oncology 31:31.",2014,China,Shanghai
Macrophage Inhibitory Cytokine-1 (MIC-1),Protein,enzyme-linked immunosorbent assay (ELISA),serum,Diagnostic/Prognostic,candidate diagnostic and prognostic indicator for early-stage disease,Stage I and II nonsmall cell lung cancer (NSCLC),overall 3?year survival rate and reduced overall survival,"Liu Y-N, et al. Macrophage Inhibitory Cytokine-1 as a Novel Diagnostic and Prognostic Biomarker in Stage I and II Nonsmall Cell Lung Cancer. Chin Med J 129:2026?32.",2016,China,Beijing
CD66c,Protein,histological and immunohistochemical analysis,primary CRC tissue specimens,Diagnostic,emerging cancer stem cell related biomarker for isolation,colon carcinoma,correlation with tumor site and stage,"Nataraj SM, et al. Major Protein of Carcinoembryonic Antigen Gene Family - CD66c, A Novel Marker in Colon Carcinoma. JCDR 10(2): XC01-XC04.",2016,India,Karnataka
microRNA-222,RNA,quantitative real-time PCR (qRT-PCR),fresh NSCLC and matched adjacent tissue,Prognostic,noninvasive prognostic potential to identify new biomarkers,non-small cell lung cancer (NSCLC),correlation with clinicopathological characters,"Mao K-P, et al. MicroRNA-222 expression and its prognostic potential in non-small cell lung cancer. TheScientificWorldJournal.",2014,China,Qingao
p16 methylation,DNA,115-bp MethyLight assay,biopsy samples extracted from frozen tissues or paraffin blocks,Predictive,early predictor for cancer development from dysplasia,oral epithelial dysplasia (OED),severity score based on histopathologic diagnosis during 3-year follow-up,"Liu H, et al. P16 Methylation as an Early Predictor for Cancer Development From Oral Epithelial Dysplasia. EBioMedicine.",2015,-,-
Perfusion reduction at TRIP MR imaging,Other (Imaging metric),transcatheter intraarterial perfusion (TRIP) MR imaging,in situ scan,Predictive,promising intraprocedural biomarker to predict survival,unresectable hepatocellular carcinoma (HCC),transplant-free survival (TFS) correlation,"Wang D, et al. Perfusion reduction at transcatheter intraarterial perfusion MR imaging - a promising intraprocedural biomarker. Radiology.",2014,USA,-
Plasma tumor necrosis factor-? (TNF-?),Protein,analyzed for survival of HNSCC patients,heparinized blood,Prognostic,combination suitable for predicting survival and treatment individualized,head and neck squamous cell carcinoma (HNSCC),overall survival estimates over 36 months,"Andersson B-Å, et al. Plasma tumor necrosis factor-? and C-reactive protein as biomarker for survival in HNSCC. J Cancer Res Clin Oncol 140:515–519.",2014,Sweden,-
C-reactive protein (CRP),Protein,analyzed for survival of HNSCC patients,heparinized blood,Prognostic,combination suitable for predicting survival and treatment individualized,head and neck squamous cell carcinoma (HNSCC),overall survival estimates over 36 months,"Andersson B-Å, et al. Plasma tumor necrosis factor-? and C-reactive protein as biomarker for survival in HNSCC. J Cancer Res Clin Oncol 140:515–519.",2014,Sweden,-
serum 25-hydroxyvitamin D [25(OH)D],Other (Metabolite),chemiluminescence immunoassay,prospectively stored serum,Diagnostic,inverse association with colorectal cancer risk finds higher status protective,colorectal cancer,odd ratios (ORs) for highest versus lowest quintile,"Weinstein SJ, et al. Serum 25-hydroxyvitamin D, vitamin D binding protein and risk of colorectal cancer. Int J Cancer 136(6): E654–E664.",2015,USA,"10 centers including Birmingham, AL and Denver, CO"
"Sputum microRNA biomarkers (miRs-21, 31, and 210)",RNA,quantitative reverse transcriptase PCR,spontaneously coughed or induced sputum,Diagnostic,identifying lung cancer in indeterminate solitary pulmonary nodules (SPNs),non-small cell lung cancer (NSCLC),82.93% sensitivity and 87.84% specificity for identifying malignant SPNs,"Xing L, et al. Sputum microRNA biomarkers for identifying lung cancer in indeterminate solitary pulmonary nodules. Clin Cancer Res 21(2): 484–489.",2015,China and USA,"Baltimore, MD and Shijiazhuang"
whole-transcriptome RNA-sequencing molecular profiling,RNA,next-generation RNA-sequencing on the Illumina platform,preoperative blood and primary tumor specimens,Prognostic,utilized to develop and validate new clinically-actionable biomarker assays,primary breast cancer,tumor molecular subtyping and detection of driver mutations,"Saal LH, et al. The Sweden Cancerome Analysis Network - Breast (SCAN-B) Initiative. Genome medicine 7:20.",2015,Sweden,South Sweden
"p53 IHC, cyclin A and aneuploidy panel",Protein/DNA,immunohistochemistry (IHC) and flow cytometry,AFI-directed targeted biopsies,Diagnostic,tool for dysplasia for risk assessment,Barrett's esophagus (BO),equivalence to Seattle protocol with 4.5 fold reduction in biopsies,"di Pietro M, et al. The combination of autofluorescence endoscopy and molecular biomarkers is a novel diagnostic tool for dysplasia in Barre. Gut.",2015,UK and Netherlands,"Cambridge, Amsterdam, and Nottingham"
transforming growth factor-beta-1 (TGF-?1),Protein,evaluated to determine serum biomarkers,serum,Predictive,biomarker of radiation-induced pneumonitis (RP),esophageal cancer patients treated with radiotherapy,occurrence of RP related to cytokine levels,"Li J, et al. Transforming growth factor-beta-1 is a serum biomarker of radiation-induced pneumonitis in esophageal cancer patients. OncoTargets and therapy.",2015,China,Henan
NNAL and cotinine,Other (Metabolites),mass spectrometry,urine specimens,Diagnostic,urinary smoke-constituent biomarkers for assessing risk,lung cancer,association with lung cancer risk independent of smoking history,"Yuan J-M, et al. Urinary tobacco smoke-constituent biomarkers for assessing risk of lung cancer. Cancer research 74: 462-471.",2014,China,Shanghai
urine kidney injury molecule-1 (uKIM-1),Protein,enzyme-linked immunosorbent assay (ELISA),urine normalized with creatinine,Diagnostic/Prognostic,biomarker for supporting diagnosis and monitoring recurrence,renal cell carcinoma (RCC),reduced uKIM-1 levels post-nephrectomy,"Zhang PL, et al. Urine kidney injury molecule-1 - a potential non-invasive biomarker for patients with renal cell carcinoma. Int Urol Nephrol.",2014,USA,Michigan and Boston
MTRasym(3.5ppm),Other (Imaging parameter),Amide proton transfer–weighted imaging (APTWI),In situ brain scan,Predictive and Prognostic,Predicting histopathologic grades and assessing proliferation.,Glioma.,Histopathologic grade and Ki-67 proliferation marker.,"Su C, Liu C, et al. Amide Proton Transfer Imaging Allows Detection of Glioma Grades and Tumor Proliferation. AJNR Am J Neuroradiol. 2017.",2017,China,"Wuhan, Hankou."
Glasgow prognostic score (GPS),Other (Inflammatory score),Pretreatment blood analysis and nomogram,Pretreatment blood,Prognostic,Predict prognosis and disease-specific survival (DSS).,Nasopharyngeal carcinoma (NPC).,5-year disease-specific survival (DSS).,"Li XH, Chang H, et al. An inflammatory biomarker-based nomogram to predict prognosis of patients with nasopharyngeal carcinoma. Cancer Med. 2017.",2017,China,"Guangzhou, Guangdong."
Neutrophil-lymphocyte ratio (NLR),Other (Inflammatory ratio),Pretreatment blood analysis and nomogram,Pretreatment blood,Prognostic,Predict prognosis and disease-specific survival (DSS).,Nasopharyngeal carcinoma (NPC).,5-year disease-specific survival (DSS).,"Li XH, Chang H, et al. An inflammatory biomarker-based nomogram to predict prognosis of patients with nasopharyngeal carcinoma. Cancer Med. 2017.",2017,China,"Guangzhou, Guangdong."
Platelet-lymphocyte ratio (PLR),Other (Inflammatory ratio),Pretreatment blood analysis and nomogram,Pretreatment blood,Prognostic,Predict prognosis of nasopharyngeal carcinoma.,Nasopharyngeal carcinoma (NPC).,5-year disease-specific survival (DSS).,"Li XH, Chang H, et al. An inflammatory biomarker-based nomogram to predict prognosis of patients with nasopharyngeal carcinoma. Cancer Med. 2017.",2017,China,"Guangzhou, Guangdong."
Lymphocyte-monocyte ratio (LMR),Other (Inflammatory ratio),Pretreatment blood analysis and nomogram,Pretreatment blood,Prognostic,Predict prognosis and disease-specific survival (DSS).,Nasopharyngeal carcinoma (NPC).,5-year disease-specific survival (DSS).,"Li XH, Chang H, et al. An inflammatory biomarker-based nomogram to predict prognosis of patients with nasopharyngeal carcinoma. Cancer Med. 2017.",2017,China,"Guangzhou, Guangdong."
Calretinin,Protein,Enzyme-linked immunosorbent assay (ELISA),Serum or plasma,Diagnostic,Verification of blood-based assay for earlier detection.,Malignant mesothelioma (MM).,Comparison with established marker mesothelin and MM subtype influence.,"Johnen G, Gawrych K, et al. Calretinin as a blood-based biomarker for mesothelioma. BMC Cancer. 2017.",2017,Australia and Germany,Perth (AU); Berlin (DE).
Mesothelin,Protein,Enzyme-linked immunosorbent assay (ELISA),Serum or plasma,Diagnostic,Established marker used for detection and comparison.,Malignant mesothelioma (MM).,Performance estimation in pleural MM cases vs asbestosis controls.,"Johnen G, Gawrych K, et al. Calretinin as a blood-based biomarker for mesothelioma. BMC Cancer. 2017.",2017,Australia and Germany,Perth (AU); Berlin (DE).
Cell-free circulating DNA integrity (cfDI),DNA,Quantitative PCR (ALU and LINE1 repetitive elements),Plasma,Predictive,Independent predictor of impending breast cancer recurrence.,Breast cancer.,Recurrence risk during follow-up of initial treatment.,"Cheng J, Cuk K, et al. Cell-free circulating DNA integrity is an independent predictor of impending breast cancer recurrence. Oncotarget. 2017.",2017,Germany,Heidelberg.
Circulating microRNAs (miRNAs),RNA,Reverse transcription quantitative PCR (RT-qPCR),Blood sera,Diagnostic,Diagnostic tool focused on viral etiology.,Hepatocellular carcinoma (HCC).,Thresholds for differentiation of miRNA levels in cases vs controls.,"Sartorius K, Sartorius B, et al. Circulating microRNA's as a diagnostic tool for hepatocellular carcinoma in a hyper endemic HIV setting. BMC Cancer. 2017.",2017,South Africa,Durban; Pietermaritzburg.
Excision repair cross-complementing 1 (ERCC1),Protein,Immunohistochemistry,Resected specimen sections,Predictive,Association with responsiveness to adjuvant platinum-based chemotherapy.,Non-small cell lung cancer (NSCLC).,5-year survival rate following R0 operation.,"Liu D, Nakashima N, et al. Customized Adjuvant Chemotherapy Based on Biomarker Examination May Improve Survival of Patients. Anticancer Res. 2017.",2017,Japan,"Miki-cho, Kagawa."
Class III ?-tubulin (tubulin),Protein,Immunohistochemistry,Resected specimen sections,Predictive,Selection criteria for docetaxel responsiveness.,Non-small cell lung cancer (NSCLC).,5-year survival rate following R0 operation.,"Liu D, Nakashima N, et al. Customized Adjuvant Chemotherapy Based on Biomarker Examination May Improve Survival of Patients. Anticancer Res. 2017.",2017,Japan,"Miki-cho, Kagawa."
Thymidylate synthase (TYMS),Protein,Immunohistochemistry,Resected specimen sections,Predictive,Selection criteria for pemetrexed and TS-1 responsiveness.,Non-small cell lung cancer (NSCLC).,5-year survival rate following R0 operation.,"Liu D, Nakashima N, et al. Customized Adjuvant Chemotherapy Based on Biomarker Examination May Improve Survival of Patients. Anticancer Res. 2017.",2017,Japan,"Miki-cho, Kagawa."
Ribonucleotide reductase M1 (RRM1),Protein,Immunohistochemistry,Resected specimen sections,Predictive,Association with responsiveness to chemotherapy.,Non-small cell lung cancer (NSCLC).,5-year survival rate following R0 operation.,"Liu D, Nakashima N, et al. Customized Adjuvant Chemotherapy Based on Biomarker Examination May Improve Survival of Patients. Anticancer Res. 2017.",2017,Japan,"Miki-cho, Kagawa."
miR-21,RNA,RT-qPCR analysis,Plasma,Diagnostic,Detection of microRNA in hepatic cirrhosis and HCC.,Hepatocellular carcinoma (HCC).,"Relative-quantitative levels in healthy, CHC, and HCC groups.","Demerdash HM, Hussien HM, et al. Detection of MicroRNA in Hepatic Cirrhosis and Hepatocellular Carcinoma in Hepatitis C Genotype-4. BioMed Res Int. 2017.",2017,Egypt,Alexandria.
miR-122,RNA,RT-qPCR analysis,Plasma,Diagnostic,Detection of microRNA in hepatic cirrhosis and HCC.,Hepatocellular carcinoma (HCC).,"Relative-quantitative levels in healthy, CHC, and HCC groups.","Demerdash HM, Hussien HM, et al. Detection of MicroRNA in Hepatic Cirrhosis and Hepatocellular Carcinoma in Hepatitis C Genotype-4. BioMed Res Int. 2017.",2017,Egypt,Alexandria.
HPV E6/E7 proteins,Protein,Western blotting,Exfoliated cells,Diagnostic,Potential markers for screening and diagnosis.,Cervical cancer.,Identification of high-grade squamous intraepithelial lesions (HSILs).,"Shi WJ, et al. E6-E7 proteins are potential markers for the screening and diagnosis of cervical pre-cancerous lesions and cervical cancer. Oncol Lett. 2017.",2017,China,South China; Shanghai.
Excision repair cross complementation group1 (ERCC1),Protein,Immunohistochemical staining,FFPE tissue sections,Predictive,Predicts objective response and survival in platinum-treated patients.,Metastatic triple negative breast cancer (TNBC).,Progression free survival (PFS) and overall survival (OS).,"EL Baiomy MA, El Kashef WF. ERCC1 Expression in Metastatic Triple Negative Breast Cancer Patients Treated with Platinum-Based Chemotherapy. Asian Pac J Cancer Prev. 2017.",2017,Egypt,Mansoura.
VEGF [165 isoform],Protein,Human Quantikine ELISA,Plasma,Prognostic,Predictor of mortality in septic shock.,Septic Shock.,Mortality prediction accuracy (AUC) compared to lactate.,"Hou PC, Filbin MR, et al. Endothelial Permeability and Hemostasis in Septic Shock - Results From the ProCESS Trial. Chest. 2017.",2017,USA,"Boston, MA; Birmingham, AL; Pittsburgh, PA."
sFLT-1,Protein,Human Quantikine ELISA,Plasma,Prognostic,Predictor of mortality in septic shock.,Septic Shock.,Mortality prediction accuracy (AUC) compared to lactate.,"Hou PC, Filbin MR, et al. Endothelial Permeability and Hemostasis in Septic Shock - Results From the ProCESS Trial. Chest. 2017.",2017,USA,"Boston, MA; Birmingham, AL; Pittsburgh, PA."
Ang-2,Protein,Human Quantikine ELISA,Plasma,Prognostic,Predictor of mortality in septic shock.,Septic Shock.,Mortality prediction accuracy (AUC) compared to lactate.,"Hou PC, Filbin MR, et al. Endothelial Permeability and Hemostasis in Septic Shock - Results From the ProCESS Trial. Chest. 2017.",2017,USA,"Boston, MA; Birmingham, AL; Pittsburgh, PA."
vWF,Protein,Human Quantikine ELISA,Plasma,Prognostic,Predictor of mortality in septic shock.,Septic Shock.,Mortality prediction accuracy (AUC) compared to lactate.,"Hou PC, Filbin MR, et al. Endothelial Permeability and Hemostasis in Septic Shock - Results From the ProCESS Trial. Chest. 2017.",2017,USA,"Boston, MA; Birmingham, AL; Pittsburgh, PA."
TM,Protein,Human Quantikine ELISA,Plasma,Prognostic,Predictor of mortality in septic shock.,Septic Shock.,Mortality prediction accuracy (AUC) compared to lactate.,"Hou PC, Filbin MR, et al. Endothelial Permeability and Hemostasis in Septic Shock - Results From the ProCESS Trial. Chest. 2017.",2017,USA,"Boston, MA; Birmingham, AL; Pittsburgh, PA."
tPA,Protein,Hand ELISA,Plasma,Prognostic,Predictor of mortality in septic shock.,Septic Shock.,Mortality prediction accuracy (AUC) compared to lactate.,"Hou PC, Filbin MR, et al. Endothelial Permeability and Hemostasis in Septic Shock - Results From the ProCESS Trial. Chest. 2017.",2017,USA,"Boston, MA; Birmingham, AL; Pittsburgh, PA."
Apparent diffusion coefficient (ADC),Other (Imaging parameter),Diffusion-weighted imaging (DWI),In situ uterine scan,Diagnostic,Differentiating early-stage endometrial malignancy from benign lesions.,Endometrial carcinoma.,"Sensitivity, specificity, and accuracy for histological types in cavity.","Wang X, Zhao Y, et al. Evaluation and validation of the diagnostic value of the apparent diffusion coefficient for differentiating early-stage. Oncotarget. 2017.",2017,-,-
Bone progression index (BPI),Other (Quantitative imaging indices),Ga-68-PSMA PET/CT scans,In situ whole-body scan,Prognostic and Predictive,Assessment of osseous tumor burden and response assessment.,Metastatic castration-resistant prostate cancer (mCRPC).,Quantitative response assessment compared with PSA and PERCIST.,Bieth et al. Exploring New Multimodal Quantitative Imaging Indices for the Assessment of Osseous Tumor Burden. J Nucl Med. 2017.,2017,Germany,Munich.
p16INK4A protein,Protein,Immunohistochemical (IHC) study,Cervical biopsy specimens,Prognostic and Predictive,Evaluation of premalignant and malignant alteration of epithelium.,Cervical Cancer.,Degree of histological cervical dysplasia or invasive carcinoma.,"Kishore V, Patil AG. Expression of p16INK4A Protein in Cervical Intraepithelial Neoplasia and Invasive Carcinoma of Uterine Cervix. J Clin Diagn Res. 2017.",2017,India,"Kalaburagi, Karnataka."
"Multitarget UroVysion kit (CEP 3, 7, 17 and LSI 9p21)",DNA,Fluorescence in situ hybridization (FISH),Bladder washout (BWO),Predictive,Predictor of tumor recurrence during Bacillus Calmette–Guérin therapy.,Non-muscle-invasive bladder cancer (NMIBC).,Tumor recurrence during induction therapy follow-up.,"Liem E, Baard J, et al. Fluorescence in situ hybridization as prognostic predictor of tumor recurrence. Med Oncol. 2017.",2017,Netherlands,Amsterdam.
HIF-1?,Protein,Immunohistochemistry (dilution 1:8000),Primary tumor samples,Predictive,Biomarker for response to sunitinib.,Metastatic clear-cell renal cell carcinoma (ccRCC).,Progression-free survival (PFS) and overall survival (OS).,"Maroto P, Esteban E, et al. hiF pathway and c-Myc as biomarkers for response to sunitinib in metastatic clear-cell renal cell carcinoma. OncoTargets Ther. 2017.",2017,Spain,"Barcelona; Asturias, etc.."
HIF-2?,Protein,Immunohistochemistry (dilution 1:500),Primary tumor samples,Predictive,Biomarker for response to sunitinib.,Metastatic clear-cell renal cell carcinoma (ccRCC).,Progression-free survival (PFS) and overall survival (OS).,"Maroto P, Esteban E, et al. hiF pathway and c-Myc as biomarkers for response to sunitinib in metastatic clear-cell renal cell carcinoma. OncoTargets Ther. 2017.",2017,Spain,"Barcelona; Asturias, etc.."
c-Myc,Protein,Immunohistochemistry (dilution 1:300),Primary tumor samples,Predictive,Biomarker for response to sunitinib.,Metastatic clear-cell renal cell carcinoma (ccRCC).,Progression-free survival (PFS) and overall survival (OS).,"Maroto P, Esteban E, et al. hiF pathway and c-Myc as biomarkers for response to sunitinib in metastatic clear-cell renal cell carcinoma. OncoTargets Ther. 2017.",2017,Spain,"Barcelona; Asturias, etc.."
miR-299-5p,RNA,Quantitative real-time PCR,Resected tumor tissue,Diagnostic,Importance and identification in colorectal adenocarcinoma.,Colorectal cancer (CRC).,Expression level comparison relative to matched non-tumor counterparts.,"Fateh Alavieh, et al. Importance of miR-299-5p in colorectal cancer. Ann Gastroenterol. 2017.",2017,Iran,"Tabriz, East Azerbaijan."
D-dimer,Other (Coagulation protein fragment),Pretreatment laboratory tests,Blood,Predictive,Risk stratification for venous thromboembolism (VTE) development.,Advanced gastric cancer (AGC).,Cumulative incidence of VTE during palliative chemotherapy.,"Park K, Ryoo BY, et al. Incidence of venous thromboembolism and the role of D-dimer as predictive marker. World J Gastrointest Oncol. 2017.",2017,South Korea,Seoul.
Intracellular signaling entropy,Other (Transcriptome network measure),Microarray and Protein Interaction Network (PIN) analysis,Cervical swab and tissue specimens,Predictive,Predicting the development of cervical intraepithelial neoplasia.,Cervical intraepithelial neoplasia (CIN).,Risk evaluation of lesion progression to dysplasia or carcinoma in situ.,"Sato M, Kawana K, et al. Intracellular signaling entropy can be a biomarker for predicting the development of cervical intraepithelial neoplasia. PLoS ONE. 2017.",2017,Japan,Tokyo.
Somatostatin (SST) gene methylation,DNA,Quantitative methylation-specific PCR,Pre-operative sera,Prognostic,Independent prognostic marker auxiliary to tumor staging.,Colorectal cancer (CRC).,Cancer-specific death and tumor recurrence.,"Liu Y, Chew MH, et al. Methylation of serum SST gene is an independent prognostic marker in colorectal cancer. Am J Cancer Res. 2016.",2016,Singapore,-
Cumulative methylation index (CMI),DNA,cMethDNA quantitative multiplex assay (10-gene panel),Serum,Prognostic and Predictive,Independent marker of response and survival tracking disease status.,Metastatic breast cancer (MBC).,Progression-free survival (PFS) and overall survival (OS) at restaging.,"Visvanathan K, Fackler MS, et al. Monitoring of Serum DNA Methylation as an Early Independent Marker of Response and Survival in MBC. J Clin Oncol. 2017.",2017,USA,"Baltimore, MD; etc.."
Neutrophil gelatinase-associated lipocalin (NGAL),Protein,Pretreatment serum concentration analysis,Serum,Diagnostic,Screening test aiding in biopsy decision and early diagnosis.,Prostate cancer (PCa).,Discrimination between benign prostatic hyperplasia and PCa.,"Mu?lu N, Ercan B, et al. Neutrophil gelatinase-associated lipocalin as a screening test in prostate cancer. Turk J Urol. 2017.",2017,Turkey,Mersin; Diyarbak?r.
"Diet-related metabolites (e.g., alcohol, tocopherols)",Other (Metabolites),Liquid chromatography–tandem mass spectrometry,Prediagnostic serum,Predictive,Nutritional metabolomics identifying diet-related exposures modulating risk.,Breast cancer.,Invasive breast cancer risk (ORs) stratified by ER status.,"Playdon MC, Ziegler RG, et al. Nutritional metabolomics and breast cancer risk in a prospective study. Am J Clin Nutr. 2017.",2017,USA,-
Tropomodulin1 (TMOD1),Protein and RNA,sq-IHC and qRT-PCR,Primary tumor specimens,Diagnostic and Prognostic,Associated with enhanced regional lymph node metastasis (RLNM).,Oral squamous cell carcinoma (OSCC).,Regional lymph node metastasis (RLNM) and 5-year survival.,"Suzuki T, Kasamatsu A, et al. Overexpression of TMOD1 is associated with enhanced regional lymph node metastasis in human oral cancer. Int J Oncol. 2016.",2016,Japan,Chiba.
Neutrophil CD64 expression,Protein,Perioperative blood analysis,Blood,Diagnostic,Indicator for intra-abdominal infection after surgery.,Intra-abdominal infection after colorectal surgery.,Postoperative complication monitoring.,"Povsic MK, et al. Perioperative Increase in Neutrophil CD64 Expression is an Indicator for Intra-abdominal Infection after Colorectal Cancer Surgery. Radiol Oncol. 2017.",2017,-,-
Androgen receptor (AR) amplification,DNA,Fluorescence in situ hybridization (FISH),Circulating tumor cells (CTCs) and biopsies,Predictive and Diagnostic,Classification into molecular subgroups for rational therapy selection.,Metastatic castration-resistant prostate cancer (mCRPC).,Concordance between metastatic biopsies and CTCs.,"Massard C, Oulhen M, et al. Phenotypic and genetic heterogeneity of tumor tissue and CTCs in patients with mCRPC. Oncotarget. 2016.",2016,France,Villejuif; Paris.
TMPRSS2-ERG translocation,DNA,FISH and ERG immunohistochemistry (IHC),CTCs and tumor tissue,Predictive and Diagnostic,Classification into molecular subgroups for rational therapy selection.,Metastatic castration-resistant prostate cancer (mCRPC).,Concordance between metastatic biopsies and CTCs.,"Massard C, Oulhen M, et al. Phenotypic and genetic heterogeneity of tumor tissue and CTCs in patients with mCRPC. Oncotarget. 2016.",2016,France,Villejuif; Paris.
Pre-treatment alpha-fetoprotein (pt-AFP),Protein,Pre-treatment serum assessment,Serum,Diagnostic and Prognostic,Significance and diagnostic value in non-viral HCC.,Hepatocellular carcinoma (HCC) with non-viral aetiology.,Diagnostic value and benefit from curative therapies in nvHCC.,"Siriwardana RC, et al. Pre-treatment alphafeto protein in hepatocellular carcinoma with non-viral aetiology. BMC Gastroenterol. 2017.",2017,Sri Lanka,Kelaniya.
Lactate Dehydrogenase (LDH),Protein,DGKC method (Hitachi 912 Autoanalyser),Serum,Prognostic,correlates with TNM staging and predicts poor surgical outcome or advanced metastases.,Carcinoma Breast.,6-month follow-up for adverse events following surgery.,"Agrawal A, Gandhe M, et al. Preliminary Study on Serum Lactate Dehydrogenase (LDH)-Prognostic Biomarker in Carcinoma Breast. J Clin Diagn Res. 2016.",2016,India,"Sevagram, Maharashtra."
Gamma-Glutamyltransferase (GGT),Protein,Preoperative serum assessment,Serum,Prognostic,Association with cancer-specific (CSS) and recurrence-free survival (RFS).,Nonmetastatic Renal Cell Carcinoma (inferred),Cancer-specific survival (CSS) and recurrence-free survival (RFS).,"Luo C, Xu B, et al. Preoperative Gamma-Glutamyltransferase Is Associated with CSS and RFS. BioMed Res Int. 2017.",2017,-,-
Pretreatment Insulin levels,Protein,Chemiluminescent enzyme immunoassay,Fasting serum,Prognostic,negative prognostic marker independently associated with disease stage.,Breast cancer.,Progression-free survival (PFS).,"Ferroni P, Riondino S, et al. Pretreatment Insulin Levels as a Prognostic Factor for Breast Cancer Progression. Oncologist. 2016.",2016,Italy,Rome.
HOMA index (Insulin resistance),Other (Glycemic index),Formula: glucose (mg/dL) x insulin (mIU/mL) / 405,Fasting serum,Prognostic,Marker of insulin resistance associated with BC progression.,Breast cancer.,Progression-free survival (PFS).,"Ferroni P, Riondino S, et al. Pretreatment Insulin Levels as a Prognostic Factor for Breast Cancer Progression. Oncologist. 2016.",2016,Italy,Rome.
"VEGF family mRNA (VEGF, -C, -D, VEGFR-1, -2, -3)",RNA,Quantitative RT-PCR,Surgical specimen tissue,Diagnostic and Prognostic,Characterization of primary and metastatic tumors.,Ovarian cancer.,Response to treatment and BMI correlation.,"Lindgren A, Anttila M, et al. Primary and metastatic ovarian cancer - Characterization by 3.0T diffusion-weighted MRI. Eur Radiol. 2017.",2017,Finland,Kuopio.
VEGF,Protein,ELISA (Quantikine),Serum and plasma,Prognostic,"Impact on histological response, progression-free and overall survival.",Osteosarcoma.,"Histological response, progression-free (PFS) and overall survival (OS).","Tabone MD, Brugières L, et al. Prognostic impact of blood and urinary angiogenic factor levels at diagnosis and during treatment. BMC Cancer. 2017.",2017,France,Paris; Villejuif.
Basic fibroblast growth factor (bFGF),Protein,ELISA (Quantikine),"Serum, plasma, and urine",Prognostic,Evaluation at osteosarcoma diagnosis and through treatment.,Osteosarcoma.,"Histological response, progression-free (PFS) and overall survival (OS).","Tabone MD, Brugières L, et al. Prognostic impact of blood and urinary angiogenic factor levels at diagnosis and during treatment. BMC Cancer. 2017.",2017,France,Paris; Villejuif.
Vitamin D binding protein (VDBP),Protein,Human VDBP immunoassay kit,Plasma,Prognostic,Speculated association with survival based on macrophage activation.,Colorectal cancer (CRC).,5-year overall survival (OS).,"Yang L, Chen H, et al. Prognostic value of circulating vitamin D binding protein, total, free and bioavailable 25(OH)D in patients with CRC. Oncotarget. 2017.",2017,China,-
"25-hydroxy vitamin D (25(OH)D) [Total, Free, Bioavailable]",Other (Vitamin),Direct competitive ELISA,Plasma,Prognostic,Indicator of vitamin D levels associated with survival in CRC.,Colorectal cancer (CRC).,5-year overall survival (OS).,"Yang L, Chen H, et al. Prognostic value of circulating vitamin D binding protein, total, free and bioavailable 25(OH)D in patients with CRC. Oncotarget. 2017.",2017,China,-
High-sensitivity Troponin I (hsTnI),Protein,Singulex Single Molecule Counting assay,Plasma,Predictive and Diagnostic,Monitoring myocardial injury during sunitinib therapy.,Metastatic renal cell carcinoma (mRCC).,Left ventricular ejection fraction (LVEF) decline/cardiotoxicity.,Narayan et al. Prospective Evaluation of Sunitinib-Induced Cardiotoxicity in Patients with mRCC. Clin Cancer Res. 2017.,2017,USA,"Philadelphia, PA; etc.."
B-type natriuretic peptide (BNP),Protein,Singulex Single Molecule Counting assay,Plasma,Predictive and Diagnostic,Monitoring myocardial stress during sunitinib therapy.,Metastatic renal cell carcinoma (mRCC).,Left ventricular ejection fraction (LVEF) decline/cardiotoxicity.,Narayan et al. Prospective Evaluation of Sunitinib-Induced Cardiotoxicity in Patients with mRCC. Clin Cancer Res. 2017.,2017,USA,"Philadelphia, PA; etc.."
Prostaglandin E2 metabolite (PGE-M),Other (Metabolite),LC/MS-MS (Liquid chromatography/tandem mass spectrometry),Spot urine,Predictive,Assessment of COX-2 pathway activity and incident risk.,Pancreatic cancer.,Incident primary pancreatic cancer risk (5.8 years median).,"Cui Y, Shu XO, et al. Prospective study of urinary prostaglandin E2 metabolite and pancreatic cancer risk. Int J Cancer. 2017.",2017,China,Shanghai.
?H2AX foci,Protein,Immunofluorescence microscopy,Peripheral blood lymphocytes,Predictive and Prognostic,Induction and persistence monitoring during brachytherapy.,Prostate cancer.,Patient reported QoL measures (EPIC questionnaire).,"Osman SOS, Horn S, et al. Prostate cancer treated with brachytherapy; an exploratory study of dose-dependent biomarkers and QoL. Radiat Oncol. 2017.",2017,UK,Belfast.
53BP1 foci,Protein,Immunofluorescence microscopy,Peripheral blood lymphocytes,Predictive and Prognostic,Quantification of double-strand break (DSB) repair kinetics.,Prostate cancer.,Patient reported QoL measures (EPIC questionnaire).,"Osman SOS, Horn S, et al. Prostate cancer treated with brachytherapy; an exploratory study of dose-dependent biomarkers and QoL. Radiat Oncol. 2017.",2017,UK,Belfast.
CXCR4,Protein and RNA,IHC and rt.-PCR,Resected pancreatic tumor tissue,Predictive,predicting clinical course and pattern of tumor recurrence.,Pancreatic ductal adenocarcinoma (PDAC).,Pattern of tumor recurrence (metastatic spread vs local).,"Popp FC, Popp MC, et al. Protocol of the PANCALYZE trial: investigative study of tumor biomarkers CXCR4, SMAD4, SOX9 and IFIT3. BMC Cancer. 2017.",2017,Germany,-
SMAD4,Protein and RNA,IHC and rt.-PCR,Resected pancreatic tumor tissue,Predictive,predicting clinical course and pattern of tumor recurrence.,Pancreatic ductal adenocarcinoma (PDAC).,Pattern of tumor recurrence (metastatic spread vs local).,"Popp FC, Popp MC, et al. Protocol of the PANCALYZE trial: investigative study of tumor biomarkers CXCR4, SMAD4, SOX9 and IFIT3. BMC Cancer. 2017.",2017,Germany,-
SOX9,Protein and RNA,IHC and rt.-PCR,Resected pancreatic tumor tissue,Predictive,predicting clinical course and pattern of tumor recurrence.,Pancreatic ductal adenocarcinoma (PDAC).,Pattern of tumor recurrence (metastatic spread vs local).,"Popp FC, Popp MC, et al. Protocol of the PANCALYZE trial: investigative study of tumor biomarkers CXCR4, SMAD4, SOX9 and IFIT3. BMC Cancer. 2017.",2017,Germany,-
IFIT3,Protein and RNA,IHC and rt.-PCR,Resected pancreatic tumor tissue,Predictive,predicting clinical course and pattern of tumor recurrence.,Pancreatic ductal adenocarcinoma (PDAC).,Pattern of tumor recurrence (metastatic spread vs local).,"Popp FC, Popp MC, et al. Protocol of the PANCALYZE trial: investigative study of tumor biomarkers CXCR4, SMAD4, SOX9 and IFIT3. BMC Cancer. 2017.",2017,Germany,-
Mean transit time (MTT),Other (Imaging parameter),Dynamic contrast-enhanced ultrasonography (DCE-US),In situ tumor scan,Predictive,selection of an early biomarker for vascular normalization.,"Metastatic breast, melanoma, colon, renal cancers, GIST, HCC.",Freedom from progression (FFP).,Selection of an early biomarker for vascular normalization using DCE-US. Ann Oncol. 2016.,2016,France,-
"PIK3CA, KRAS, BRAF, and PTEN mutational status",DNA,Serial evaluation including 18FDG-PET,Plasma and Whole-body scan,Predictive,Early pharmacodynamic assessment for response to copanlisib.,Advanced solid tumors and non-Hodgkin’s lymphomas.,"Maximum tolerated dose (MTD) and objective response (CR, PR).","Patnaik A, Appleman LJ, et al. First-in-human phase I study of copanlisib in patients with advanced solid tumors and NHL. Ann Oncol. 2016.",2016,USA and Germany,"San Antonio, TX; Pittsburgh, PA; Berlin (DE)."
COMT rs4680 SNP,DNA,Taqman SNP Genotyping Assay,Blood,Predictive,Selection of opioids for cancer-related pain relief.,Cancer-related pain.,Proportion of subjects requiring high-dose opioids.,"Matsuoka H, Tsurutani J, et al. Selection of opioids for cancer-related pain using a biomarker. BMC Cancer. 2017.",2017,Japan,"Osakasayama City, Osaka."
Serum Endotoxins (LPS),Other (Bacterial component),ELISA (Colorimetric peroxidase substrate TMZ),Serum,Predictive,Assessment of colorectal cancer risk related to gut microflora.,Colorectal Cancer (CRC).,Incident CRC cases (colon and rectal).,"Kong SY, et al. Serum Endotoxins and Flagellin and Risk of CRC in the European Prospective Investigation into Cancer and Nutrition. CEBP. 2017.",2017,Europe (Multiple),-
Flagellin,Protein,ELISA (Colorimetric peroxidase substrate TMZ),Serum,Predictive,Assessment of colorectal cancer risk related to gut microflora.,Colorectal Cancer (CRC).,Incident CRC cases (colon and rectal).,"Kong SY, et al. Serum Endotoxins and Flagellin and Risk of CRC in the European Prospective Investigation into Cancer and Nutrition. CEBP. 2017.",2017,Europe (Multiple),-
Soluble CD14 (sCD14),Protein,"Morning serum analyses (day 0, 1, 2)",Serum,Diagnostic and Prognostic,Diagnostic and prognostic biomarker for infection identification.,Hematological Patients with Febrile Neutropenia.,Clinically relevant cause of infection and significant blood culture.,"Korpelainen S, Intke C, et al. Soluble CD14 as a Diagnostic and Prognostic Biomarker in FN. Dis Markers. 2017.",2017,-,-
TMEM45A transcript levels,RNA,Microarray and Quantitative RT-PCR,Cervical swab samples,Predictive,Predictive for development of high-grade cervical lesions.,High-grade cervical lesions (CIN3+).,Progression to CIN3+ during follow-up of persistent HPV16.,"Manawapat-Klopfer A, Thomsen LT, et al. TMEM45A, SERPINB5 and p16INK4A mRNA levels predict CIN3+. Am J Cancer Res. 2016.",2016,Denmark,Copenhagen.
SERPINB5 transcript levels,RNA,Microarray and Quantitative RT-PCR,Cervical swab samples,Predictive,Predictive for development of high-grade cervical lesions.,High-grade cervical lesions (CIN3+).,Progression to CIN3+ during follow-up of persistent HPV16.,"Manawapat-Klopfer A, Thomsen LT, et al. TMEM45A, SERPINB5 and p16INK4A mRNA levels predict CIN3+. Am J Cancer Res. 2016.",2016,Denmark,Copenhagen.
p16INK4A transcript levels,RNA,Microarray and Quantitative RT-PCR,Cervical swab samples,Predictive,Predictive for development of high-grade cervical lesions.,High-grade cervical lesions (CIN3+).,Progression to CIN3+ during follow-up of persistent HPV16.,"Manawapat-Klopfer A, Thomsen LT, et al. TMEM45A, SERPINB5 and p16INK4A mRNA levels predict CIN3+. Am J Cancer Res. 2016.",2016,Denmark,Copenhagen.
Carbohydrate antigen 19-9 (CA19-9),Protein,Enzyme-linked immunosorbent assay (ELISA),Serum,Diagnostic,Assesses diagnostic value in IEC; significantly higher in IEC.,Intracranial epidermoid cyst (IEC).,Differentiation of IEC from matched healthy controls.,"Wang Y, Yan W, et al. The implication of tumor biomarker CA19-9 in the diagnosis of intracranial epidermoid cyst. Oncotarget. 2017.",2017,-,-
Matrix metalloproteinase-3 (MMP-3),Protein,Enzyme-linked immunosorbent assay (ELISA),Serum,Diagnostic and Prognostic,prediction of prognosis and monitoring of advanced disease.,Oral squamous cell carcinoma (OSCC).,Survival rate and 12-month cumulative survival.,"Schiegnitz E, Kämmerer PW, et al. The MMP and IGF system in oral cancer - a prospective clinical study. OncoTargets Ther. 2017.",2017,Germany,Mainz.
Insulin-like growth factor-1 (IGF-1),Protein,Enzyme-linked immunosorbent assay (ELISA),Serum,Diagnostic and Prognostic,new marker of prognosis of OSCC.,Oral squamous cell carcinoma (OSCC).,Survival rate and 12-month cumulative survival.,"Schiegnitz E, Kämmerer PW, et al. The MMP and IGF system in oral cancer - a prospective clinical study. OncoTargets Ther. 2017.",2017,Germany,Mainz.
IGF-binding protein-3 (IGFBP-3),Protein,Enzyme-linked immunosorbent assay (ELISA),Serum,Diagnostic and Prognostic,new marker of prognosis of OSCC.,Oral squamous cell carcinoma (OSCC).,Survival rate and 12-month cumulative survival.,"Schiegnitz E, Kämmerer PW, et al. The MMP and IGF system in oral cancer - a prospective clinical study. OncoTargets Ther. 2017.",2017,Germany,Mainz.
?SMA expression,Protein,Immunohistochemistry,Archived FFPE tissue specimens,Prognostic,Prognostic role of stroma; categorised as low/high ?SMA.,Pancreatic ductal adenocarcinoma (PDAC).,Progression-free survival (PFS) and overall survival (OS).,"Wang LM, Silva MA, et al. The prognostic role of desmoplastic stroma in pancreatic ductal adenocarcinoma. Oncotarget. 2016.",2016,UK,Oxford.
Stromal Density,Other (Desmoplastic stroma),H & E staining,Archived FFPE tissue specimens,Prognostic,"classification as loose, moderate or strong prognostic density.",Pancreatic ductal adenocarcinoma (PDAC).,Progression-free survival (PFS) and overall survival (OS).,"Wang LM, Silva MA, et al. The prognostic role of desmoplastic stroma in pancreatic ductal adenocarcinoma. Oncotarget. 2016.",2016,UK,Oxford.
Tumor mutation load (TML),DNA,Whole exome sequencing (WES),Circulating cell-free DNA (cfDNA),Predictive and Prognostic,Biomarker of patient response to immunotherapy agents.,"Advanced cancer patients (e.g., Lung, HNSCC, etc.).",Correlation with tumor biopsy derived TML.,"Koeppel F, Blanchard S, et al. Whole exome sequencing for determination of tumor mutation load in liquid biopsy. PLoS ONE. 2017.",2017,France,Villejuif; Paris.
Prostaglandin E2 (PGE2),Other (Metabolite),Pre-surgery urine assessment,Urine,Predictive,positive correlation with intratumoral Treg counts.,Non-small cell lung cancer (NSCLC).,Intratumoral Foxp3+ regulatory T cell infiltration.,"Shimizu K, Okita R, et al. Urinary levels of PGE2 are positively correlated with intratumoral Treg counts. Oncol Lett. 2017.",2017,Japan,"Kurashiki, Okayama."
Signal fat fraction (sFF),Other (Imaging parameter),Whole-body magnetic resonance imaging (WB-MRI),In situ whole-body skeletal scan,Predictive,early changes assessing treatment response soon after chemotherapy starting.,Multiple myeloma (MM).,"Response at end of induction therapy (e.g., M-protein).","Latifoltojar A, et al. WB-MRI in newly diagnosed MM - early changes in lesional signal fat fraction. Br J Haematol. 2017.",2017,UK,London.
SNHG1 and RMRP,RNA (lncRNA),Droplet digital polymerase chain reaction (ddPCR),Plasma,Diagnostic,Potential blood-based assay for early stage diagnosis,Lung Cancer (NSCLC),84.13% sensitivity and 87.88% specificity for diagnosis independent of stage and histological type,"Lin Yanli, et al. Translational Oncology 11 (2018) 1225–1231",2018,China and USA,Beijing; Maryland
"OEF, MRO2, mitoPO2, VSI, MVD, MTI",Other (Imaging),Multiparametric [18F]FDG PET-MRI with qBOLD and VAM,Breast tissue (In situ scan),Diagnostic,Aids breast cancer diagnosis by measuring tissue hypoxia and neovascularization,Breast Cancer,Presence of malignancy; spatial heterogeneity broad range of values,"Leithner Doris, et al. European Journal of Nuclear Medicine and Molecular Imaging (2019)",2019,Austria,Vienna
GFRA1 and ZNF382,DNA (Methylation),MethyLight assays,Gastric carcinoma tissues and surgical margins,Prognostic,Predicts metastasis and recurrence of pN0M0 gastric carcinoma,Gastric Carcinoma,Risk score for metastasis (OR 4.71) and shorter overall survival,"Liu Zhaojun, et al. British Journal of Cancer (2019) 121:529–536",2019,China,Beijing
"Very long chain SFA (20:0, 22:0, 23:0)",Other (Fatty Acids),Gas-liquid chromatography,Red blood cell (RBC) specimens,Predictive,Risk characterization for lymphoma subtypes,Non-Hodgkin Lymphoma (NHL),Inversely associated with B-NHLs other than CLL/SLL,"Chiu Yu-Han, et al. International Journal of Cancer (2018) 143(8): 1914–1922",2018,USA,"Boston, MA"
sRAGE,Protein,ELISA (inferred),Serum,Predictive,Association with risk of incident cancer,Pancreatic Cancer,Unit increase in score B associated with increased risk in lean women (aOR 1.82),"White Donna L, et al. Cancer Medicine (2018) 7(5): 2182-2191",2018,USA,"Houston, TX"
Bone Scan Index (BSI),Other (Imaging),Planar whole-body bone scans with computer-assisted diagnosis,Bone (In situ scan),Prognostic,Measuring tumor burden in bone,Prostate Cancer,Accuracy and precision of measurement over time,"Reza Mariana, et al. BMC Medical Imaging (2018)",2018,Sweden,Uppsala
3.4 kb mitochondrial DNA deletion,DNA,Normalised value (?Cq) relative to 18S rRNA reference gene,Blood plasma,Diagnostic,Detects significant prostate cancer in PSA 'grey zone',Prostate Cancer,"AUC 0.84, sensitivity 87%, specificity 68% for detection of CS cancers","Creed Jennifer, et al. World Journal of Urology (2018)",2018,"UK, Canada, USA",Newcastle; Toronto; West Palm Beach
Albumin-to-fibrinogen ratio (AFR),Protein,Automatic hematology analyzer/OLYMPUS AU5400,Serum and Plasma,Prognostic,Predicts clinical outcome/overall survival,Non-Small Cell Lung Cancer (NSCLC),Pretreatment low AFR associated with increased risk of death (adjusted HR 2.31),"Li Shu-Qi, et al. Cancer Medicine (2018) 7(4):1221–1231",2018,China,Jiangxi
"Specific IgG (TRP1, TRP2, gp100, MelanA/MART1, NY-ESO-1)",Protein (Antibodies),ELISA assays,Serum,Predictive,Predictive markers for response and survival to checkpoint inhibitors,Metastatic Melanoma,Higher antibody levels for NY-ESO-1 and MelanA/MART1 correlated with longer OS and PFS,"Fässler Mirjam, et al. Journal for Immunotherapy of Cancer (2019)",2019,Switzerland,St. Gallen; Zurich
hsCRP,Protein,Log-transformed nano-drop evaluation (inferred),Plasma,Predictive,Predicts radiotherapy-induced early adverse skin reactions,Breast Cancer,Grade 3+ or 4+ skin toxicity; skewed distribution by race and BMI,"Hu Jennifer J, et al. Journal of Clinical Oncology (2018) 36(24):2473-2482",2018,USA,"Miami, FL"
PD-L1 expression,Protein,Immunohistochemistry (IHC),Tumor tissue,Predictive,Correlates with response to anti-PD-1 antibody,Malignant Melanoma,Clinical response and patient selection criterion for immunotherapy,"Kitano Shigehisa, et al. Frontiers in Oncology (2018) 8:270",2018,Japan,Tokyo
CA19-9 and ApoA2 isoforms (ApoA2-ATQ/AT),Protein,ELISA,Plasma,Diagnostic,Detection markers for pancreatic cancer,Pancreatic Cancer (PDAC),36% detection sensitivity at 98% specificity when samples taken >6-18 months before diagnosis,"Honda Kazufumi, et al. International Journal of Cancer (2019) 144(8): 1877–1887",2019,Japan and Germany,Tokyo; Heidelberg
"Circulating T cell subsets (Treg, CD4+, CD8+)",Other (Cell counts),Flow cytometry,Whole blood,Prognostic,Association with clinical outcome of anti-VEGF-based treatment,Metastatic Colorectal Cancer (mCRC),High T cell count correlated with improved PFS (HR 0.22) and OS (HR 0.06),"Bencsikova Beatrix, et al. BMC Cancer (2019)",2019,Czech Republic,Brno
"CCL2/MCP1, CCL15/MIP1D, CCL27/CTACK, sTNFR2",Protein,Luminex bead-based assays,Plasma,Predictive,Association with cancer risk,Colorectal Cancer (CRC),Higher quantiles significantly associated with higher risk of CRC (Hazard Ratios),"Song Minkyo, et al. International Journal of Cancer (2018) 143(11): 2767–2776",2018,Japan,(Multiple Registries)
Insulin-like growth factor I (IGF-I),Protein,Log-transformed serum analysis,Serum,Predictive,Relation to melanoma risk,Melanoma,No evidence found for association between circulating IGF-I and melanoma risk,"Bradbury Kathryn E, et al. International Journal of Cancer (2019) 144, 957–966",2019,10 European Countries,(Multi-regional)
microRNA-signature classifier (MSC),RNA (miRNA),RT-qPCR (24 miRNA algorithm),Plasma,Prognostic,Prognostic marker for treatment outcome with ICIs,Advanced NSCLC,MSC high risk level patients showed zero response to immunotherapy; association with OS,"Boeri Mattia, et al. Clinical Cancer Research (2019) 25(7): 2166–2173",2019,Italy,Milan
GPC3-positive CTCs,Other (Cells),Immuno-magnetic selection and flow cytometry,Peripheral blood,Prognostic,Prediction of microscopic portal vein invasion and patient prognosis,Hepatocellular Carcinoma (HCC),Significant reduction in disease-free survival in patients with ?5 CTCs (p=0.015),"Hamaoka Michinori, et al. PLOS ONE (2019) 14(5): e0217586",2019,Japan,Hiroshima
CDA enzymatic activity,Protein,Spectrophotometric assay,Plasma,Prognostic,Prognostic biomarker for gemcitabine/platinum treatment,Advanced NSCLC,Lower overall survival (6.0 months vs 19.0 months) for patients with high CDA activity,"Tibaldi Carmelo, et al. British Journal of Cancer (2018) 119:1326–1331",2018,Italy,Lucca
MDM2 Amplification,DNA,Massive parallel DNA sequencing (proprietary variant calling),Tumor tissue,Diagnostic/Predictive,Diagnostic biomarker and utility to guide treatment,Dedifferentiated Liposarcoma (DDLPS),Correlation with poor outcome/time to tumor recurrence,"Bill Kate Lynn J, et al. The Oncologist (2019)",2019,USA,"Columbus, OH"
Evolutionary Subtypes,DNA (Mutations/SCNAs),Multi-region molecular profiling (targeted Driver Panel),Primary tumor regions (renal tissue),Prognostic,resolvers evolutionary features underpinning diverse clinical phenotypes,Clear-cell Renal Cell Carcinoma (ccRCC),"Correlation with tumor size, grade, and disease progression patterns","Turajlic Samra, et al. Cell (2018) 173, 595–610",2018,UK,London
"AMACR, HMWCK and P63",Protein,Immunohistochemical staining,Prostate tissue,Diagnostic,Utility in combating diagnostically challenging cases,Prostate Neoplasm,Sensitivity 90% and specificity 100% for AMACR in distinguishing malignancy,"Rathod Santosh G, et al. Journal of Family Medicine and Primary Care (2019) 8:2651-5",2019,India,Maharashtra
DCE-MRI Imaging Parameters,Other (Imaging),Dynamic Contrast-Enhanced MRI,Prostate tissue (In situ scan),Prognostic,tool for early diagnosis and treatment decision support,Prostate Cancer,Correlation with PSA levels and pathology results,"Wu Xingchen, et al. Contrast Media & Molecular Imaging (2018)",2018,Finland,Tampere
ER? promoter methylation,DNA,Methylation-specific PCR (MSP),Triple-negative breast cancer tissue,Predictive,Predicts outcome of cisplatin resistance,Triple-negative Breast Cancer (TNBC),Positive methylation associated with lower PFS and Overall Survival rates,"Xu Junnan, et al. Oncology Letters (2018)",2018,China,Shenyang
ZNF217 mRNA expression,RNA,Real-time quantitative PCR (RT-qPCR),Frozen breast tumor biopsies,Predictive,Predicts clinical response to neoadjuvant endocrine therapy,ER+ Breast Cancer,Patients with ?Ki-67 ?0 were responders; high ZNF217 associated with poor RFS,"Vendrell Julie A, et al. Frontiers in Pharmacology (2018)",2018,France and Hungary,Montpellier; Budapest
Survivin and UBC Rapid,Protein,New Sandwich ELISA / standard UBC Rapid,Urine (urinary pellet),Diagnostic,"Detection of bladder cancer, particularly high-grade tumors",Bladder Cancer,Combination reached 82% sensitivity for high-grade tumors at 95% specificity,"Gleichenhagen Jan, et al. Int. J. Mol. Sci. (2018) 19, 226",2018,Germany,Bochum; Neuss
Serum TK1 activity,Protein,DiviTum assay (refined ELISA-based),Serum,Predictive,Evaluates treatment effectiveness and predicts relapse,Canine Non-Hodgkin Lymphoma (NHL),TK1 increase predicted relapse 4 weeks before clinical evidence,"Boyé Pierre, et al. Journal of Veterinary Internal Medicine (2019) 33: 1728–1739",2019,France,Villeneuve d'Ascq
HPV E6 and E7 oncoproteins,Protein,Standard detection methods (quantification),Cervical samples,Diagnostic,Diagnosis of cervical precancer and cancer,Cervical Cancer,Feasibility for quantifiable clinical screening,"Zhang, et al. The Journal of International Medical Research (2018)",2018,(Not Specified),(Not Specified)
Alpha-fetoprotein (AFP),Protein,Architect Ci8200 automatic analyzer,Serum,Predictive,Improved HCC risk prediction via genetic correction (SNPs rs12506899/rs2251844),Hepatocellular Carcinoma (HCC),Genetic corrected AFP elevated AUC from 0.611 to 0.726,"Wang Ke, et al. Cancer Medicine (2018) 7(6):2691–2698",2018,China,"Wuhan, Hubei"
"Assorted methylation (HOXA9, ONECUT2, PCDH17, PENK, TWIST1, VIM, ZNF154)",DNA,High resolution melting-curve (HRM-PCR) assay,Urine (cell pellets),Diagnostic,Accurate prediction of bladder cancer in hematuria patients,Bladder Cancer,AUC values of 0.894 and 0.851 in respective study cohorts,"Zhang Ning, et al. Journal of Cancer (2019) 10(26): 6761-6766",2019,China,Shanghai
CNA (Copy Number Alterations),DNA,Low-coverage whole-genome sequencing (NIPT platform),Blood plasma,Prognostic,Predictive marker of patient outcome and recurrence,Gynaecological Cancer,CNA-positive patients had significantly poorer prognosis for PFS and OS,"Nakabayashi Makoto, et al. Scientific Reports (2018)",2018,Japan,Tokyo
MiRNA-513a-5p,RNA,RTq-PCR,Leukocytes (Buffy coats),Prognostic,Constitutes a risk factor and poor prognosis indicator,Breast Cancer,Higher values associated with poor prognosis and PR expression inhibition,"Muti Paola, et al. Carcinogenesis (2018) 39(2): 98–108",2018,Italy and Canada,Rome; Milan; Hamilton
"Metabolite profiling (PC, LysoPC subsets)",Other (Metabolites),Nontargeted LC-MS metabolite profiling,EDTA plasma,Diagnostic,Potential markers for febrile neutropenia,Hematological patients,Identified significant fold changes in PC(16:0/22:6) and LysoPC(18:2/0:0),"Lappalainen Marika, et al. Disease Markers (2018)",2018,Finland,Kuopio
Optical biomarker sigma (?),Other (Optical scattering),MDSFR spectroscopy,Buccal mucosa (In situ scan),Diagnostic,Differentiates ESCC patients from controls (field cancerization),Esophageal Cancer (ESCC),AUC of 75.7%; sensitivity 66.7% and specificity 83.3%,"Bugter Oisín, et al. Clinical and Translational Gastroenterology (2018)",2018,Netherlands,(Not Specified)
Serum Tissue Factor (TF),Protein,ELISA,Serum,Prognostic,Adverse prognostic factor correlated with survival,Renal Clear Cell Carcinoma,Decrease in serum TF after surgery; correlation with tumor size (p=0.03),"Silva Daniel D'Oliveira, et al. Int. Braz. J. Urol. (2018) 44(1): 38-44",2018,Brazil,(Not Specified)
"MRI Texture Analysis (GOH, GLCM, etc)",Other (Imaging feature),IBEX software extraction from MRI (T2WI/ADC),Cervix (In situ scan),Diagnostic,Identifies high risk of recurrence,Advanced Cervical Cancer,Early identification of heterogeneous therapy responsiveness,"Meng Jie, et al. Scientific Reports (2018)",2018,(Not Specified),(Not Specified)
Cell-Free DNA (cfDNA),DNA,Spectrophotometric evaluation (NanoDrop 2000),Cell-free plasma,Predictive,Predicts treatment response and local control after RT,Hepatocellular Carcinoma (HCC),High post-RT cfDNA associated with significantly lower IHFF and LC rates,"Park Sangjoon, et al. Yonsei Medical Journal (2018) 59(4): 470-478",2018,Korea,Seoul
"EGF, HGF, Ang-2, CXCL12, CCL8, and BMP-9",Protein,Luminex-based multiplex assays and enzyme-linked immunosorbent assays,Sera (serum),Diagnostic and Predictive,Prediagnostic levels associated with future MM risk and MGUS-to-MM progression,"Multiple myeloma (MM) and its precursor, monoclonal gammopathy of undetermined significance (MGUS)",Odds ratios for MM risk and progression; AUC 0.71 with composite score; median 8.3 years follow-up,"Hofmann et al., 2020",2020,USA,-
HPV (associated DNA and RNA),Gene (DNA/RNA),Droplet digital PCR (ddPCR),Plasma,Diagnostic,Detection of tumoral molecular elements and clinical progress monitoring,Oropharyngeal squamous cell carcinoma (OPCSCC),"RECIST 1.1 criteria (CR, PR, SD, PD); assessed at baseline and 6-22 weeks","Nguyen et al., 2020",2020,Australia,-
circular RNA_0018289,Gene (RNA),RT-qPCR assay,Tumor tissue and paired adjacent tissue,Diagnostic and Prognostic,Separate tumor from adjacent tissue; predict worse survival,Cervical cancer,DFS (P=0.005) and OS (P=0.015); AUC 0.907 for distinguishing tissue; surgical resection cohort 2015-2019,"He et al., 2020",2020,China,-
Cancer antigen 19-9,Protein,-,-,-,Associated with diabetes risk,Diabetes mellitus,"Multivariate adjusted hazard ratios; 12,700 participants; SD-based risk","Li et al., 2020",2020,China,Hubei
Auto-antibodies to p53,Other (Auto-antibodies),Multiplex serology,Serum,Diagnostic,Predictor of short-term risk; early detection,Colorectal cancer (CRC),"Odds ratio 2.27 for diagnosis <4 years after blood draw; 4,063 cases in consortium","Butt et al., 2021",2021,USA,-
Metabolic tumor volume (MTV),Other (Imaging index),18F-FDG PET/CT scans,In situ scan,Prognostic,Strong independent prognostic factor for OS; predicts early tumor drug progression,Metastatic non-small cell lung cancer (NSCLC),Overall survival (OS); median follow-up ?6 months; patients receiving Nivolumab or Pembrolizumab,"Chardin et al., 2020",2020,France,Nice
"Soluble PD-1, PD-L1, and BTN3A1",Protein,Specific homemade ELISA assays,Plasma,Predictive,Predict response to nivolumab treatment,Metastatic clear cell renal cell carcinoma (mccRCC),Progression-free survival (PFS); Best overall response (BOR) by RECIST 1.1; Objective response (OR) >20%,"Incorvaia et al., 2020",2020,Italy,Palermo and Pavia
Long non-coding RNA GAS5,Gene (RNA),quantitative PCR (qPCR),Plasma,Diagnostic,Complement marker for the detection of mesothelioma in liquid biopsies,Malignant mesothelioma,Sensitivity increase from 64% to 73% in a panel; AUC 0.86; asbestos-exposed cohort,"Weber et al., 2020",2020,Germany,Bochum and Berlin
BCSC markers (CD44 & CD24),Protein,Immunohistochemistry (IHC),Formalin-fixed paraffin-embedded tumor tissues,Prognostic,Evaluate effect on survival and response,Metastatic breast cancer,"PFS, OS, and tumor response; 76 de novo patients; minimum 400 cells counted per field","Elbaiomy et al., 2020",2020,Egypt,Mansoura
Circulating tumor cells (CTCs),Other (Whole cells),CellSearch system,Peripheral blood,Prognostic,Identify patients at risk for recurrence,"Ovarian, fallopian tube and peritoneal cancer",OS and PFS; Hazard ratio 3.439 for OS; 495 primary ovarian cancer patient baseline analysis,"Banys-Paluchowski et al., 2020",2020,Germany,"Hamburg, Düsseldorf, Pinneberg"
LINC00299 DNA methylation,Gene (DNA),MethyLight droplet digital PCR (ddPCR),Peripheral blood leukocyte (PBL) DNA,Diagnostic,Association with risk in young women; potential circulating biomarker,Triple-negative breast cancer (TNBC),Odds ratios for risk; P=0.001 in age 22-46 group; 154 TNBC cases in GS cohort,"Manoochehri et al., 2020",2020,UK,London
Circulating genetically abnormal cells (CACs),Other (Genetically abnormal cells),Antigen-independent fluorescence in situ hybridization (FISH),Peripheral blood,Diagnostic,Noninvasive biomarker for early diagnosis,Non-small cell lung cancer (NSCLC),AUC 0.769 for stage I; 67.2% sensitivity and 80.8% specificity; patients with pulmonary nodules <30 mm,"Liu et al., 2020",2020,China,Tianjin
"Dynamics of serum tumor markers (CEA, CA125, CYFRA21-1, SCC-Ag)",Protein,Electrochemical luminescence and chemiluminescent microparticle immunoassay,Blood,Prognostic,Associated with efficacy and prognosis,Advanced non-small cell lung cancer (NSCLC),"ORR, PFS, and OS; meaningful improvement defined as ?20% decrease after 6 weeks of ICIs","Zhang et al., 2020",2020,China,Beijing
Methylated circulating tumor DNA (NPY gene),Gene (DNA),Droplet Digital PCR (ddPCR),Plasma,Prognostic,Early identification of treatment benefit and resistance,Metastatic colorectal cancer,PFS and OS; assessed at baseline and after first cycle of chemotherapy; HR 0.48 for PFS,"Thomsen et al., 2020",2020,Denmark,Vejle
Tumor pyruvate kinase M2 isoform (tM2-PK),Protein,ELISA,Plasma and stool,Diagnostic,Non-invasive assay to diagnose cancer and adenomatous polyps,Colorectal cancer (CRC) and adenomatous polyps,AUC 0.969 (stool) and 0.975 (plasma) for tumor detection; samples from specialty hospital and oncology clinic,"Rigi et al., 2020",2020,Iran,Mashhad and Sabzevar
19p13.11 copy number loss and KMT2A missense mutation,Gene (DNA),Whole-exome sequencing (WES),ESCC tissue,Predictive,Predict outcome (pCR) of nCRT,Esophageal squamous cell carcinoma (ESCC),Pathologic complete response (pCR); 27 tissue samples analyzed pre and post nCRT,"He et al., 2020",2020,China,Chengdu
MiR-100,Gene (RNA),Quantitative qRT-PCR,Tumor tissue,Predictive and Prognostic,Predictor of endocrine responsiveness and survival,Operable luminal breast cancer,CCCA (post-treatment Ki67 ?2.7%); Overall survival in METABRIC dataset; 90 evaluable patients,"Petrelli et al., 2020",2020,Italy,Candiolo
MicroRNA-215,Gene (RNA),Real-Time qPCR (RT-qPCR),Plasma,Diagnostic,Evaluate role as diagnostic tool,Hepatocellular carcinoma (HCC),ROC performance (AUC 0.93 for HCC vs. Control); correlation with focal lesion size (P<0.001),"El Mahdy et al., 2019",2019,Egypt,Cairo and Menoufia
"CXCL13, IL-10, sIL-2 receptor, and ?2-microglobulin",Protein,-,Cerebrospinal fluid (CSF),Diagnostic and Prognostic,Establish algorithms to avoid biopsy; CXCL13 indicates prognosis,CNS lymphoma,"Sensitivity 97%, Specificity 97% for algorithm; Kaplan-Meier PFS (P=0.009 for CXCL13)","Maeyama et al., 2020",2020,Japan,Kobe
"mpMRI indices (AUC90, Ktrans)",Other (Imaging),Multiparametric MRI,In situ scan,Predictive,Biomarker of response to neoadjuvant therapy,Localized prostate cancer (PCa),Residual cancer burden (RCB); 6-months of ADT followed by prostatectomy; 8 patients,"Fennessy et al., 2020",2020,USA,-
Serum OPN level and OPN polymorphism,Protein (level) and DNA (mutation),ELISA (level) and PCR (mutation),Serum,Prognostic,Biomarker for progression and tailoring chemotherapy,Metastatic breast cancer,Median PFS (12 vs. 14 months) and OS (14 vs. 18 months); 115 newly diagnosed patients,"Elbaiomy et al., 2020",2020,Egypt,Mansoura
PIK3CA mutation and glycolytic activity (SUVmax),DNA (mutation) and Other (Imaging activity),Pyrosequencing (mutation) and [18F]FDG PET/CT (activity),FFPE tissue (DNA) and in situ scan (PET),Predictive,Monitoring therapeutic response and resistance mechanisms,invasive ER+/HER2? early breast cancer,SUVmax values; Recurrence Free Survival; 67 patients; median 64 months follow-up,"Magometschnigg et al., 2019",2019,-,-
"Five-gene panel (ASRGL1, RHEX, SCGB2A1, SOX17, STX18)",Gene (RNA),RNA sequencing and qRT-PCR,EEC tumor tissues,Predictive,Prediction of lymph node metastasis (LNM),Early stage endometrial endometrioid carcinoma (EEC),AUC 0.898; Accuracy 84.7%; independent cohort of 72 samples,"Huang et al., 2020",2020,Taiwan,Taipei and Hsinchu
Plasma Epstein–Barr virus (EBV) DNA,Gene (DNA),real-time qPCR,Plasma,Diagnostic and Prognostic,"Prognostication, recurrence surveillance, and screening",Nasopharyngeal carcinoma (NPC),Correlation with tumor burden; size profile for screening specificity,"Lam et al., 2019",2019,"Hong Kong SAR, China",New Territories
Plasma thymidine kinase 1 activity (pTKa),Protein (activity),DiviTum assay (refined ELISA),Plasma,Prognostic,New circulating prognostic marker for outcomes,ER+ HER2? metastatic breast cancer (MBC),6-month PFS (multivariate model); OS (Kaplan-Meier); patients treated with palbociclib and endocrine therapy,"Cabel et al., 2020",2020,France,Saint-Cloud and Paris
Plasma thymus and activation-regulated chemokine (TARC),Protein,-,Plasma and serum,Diagnostic,Screening test for patients with lymphadenopathy,Pediatric classical Hodgkin’s lymphoma (cHL),"Median plasma TARC level comparison (14,619 pg/mL vs. 71 pg/mL); newly diagnosed and relapsed patients","Zijtregtop et al., 2020",2020,Netherlands,"Rotterdam, Utrecht, Amsterdam"
Neutrophil to lymphocyte ratio (NLR),Other (Cell ratio),full blood count (Beckton-Coulter H250),Peripheral blood,Diagnostic,Prediction of significant PCa at initial biopsy,Prostate cancer,"AUC 0.521 for N/L ratio; 1,223 participants; Chilean screening population","Murray et al., 2019",2019,Chile,-
Plasma osteoprotegerin (OPG),Protein,-,Plasma,-,Associated with breast cancer risk,Invasive breast cancer,Odds Ratio 0.36 for premenopausal in Q4; nested case-control study (297 cases),"Kotsopoulos et al., 2020",2020,USA,-
Procalcitonin and C-Reactive Protein,Protein,Blood culture (Bactex-FX 200),Blood,Diagnostic,Markers of bacteremia,Febrile Neutropenia (FN) in acute leukemia (AML/ALL),Incidence of bacteremia in chemotherapy-treated patients,"Shilpakar et al., 2019",2019,Nepal,Kathmandu
HER-2-neu gene amplification,Gene (DNA),-,Tumor cells,Prognostic,Score of positivity based on membrane staining,Epithelial Ovarian Carcinoma,Score 1+ to 3+; >10% tumor cell staining,"Pankaj et al., 2019",2019,-,-
Serum Dickopff 1 (DKK1),Protein,ELISA technique,Serum,Diagnostic,Novel diagnosis and follow-up after ablative therapy,Hepatocellular carcinoma (HCC),Highly significant DKK1 reduction 1 month after RFA/MWA intervention,"Younis et al., 2019",2019,Egypt,-
sPD-L1 and Serum Amyloid A1 (SAA1),Protein,DuoSet ELISA system,Plasma,"Diagnostic, Predictive, or Prognostic",Potential indicators in advanced metastatic disease,Lung cancer (NSCLC and SCLC),Kaplan-Meier overall survival (12 months); response to chemotherapy,"Jovanovi? et al., 2019",2019,-,-
Tumour mutational burden (TMB),Other (Mutation count),MSK-IMPACT targeted gene panel assay,Primary or metastatic tissue (FFPE),Predictive,Predict immunotherapy response,Multiple solid tumor types,Overall survival in immunotherapy-treated cohort; Hazard ratio 0.61 (primary tissue),"Schnidrig et al., 2019",2019,UK,London
"11-marker panel (TIMP1, c-MET, ARNTL, etc.)",Gene (RNA),Single Cell-to-CT and QuantiGene Plex 2.0,Fine needle aspiration (FNA) samples,Diagnostic,Preoperative diagnostics in fine needle aspirates,Papillary thyroid carcinoma (PTC),Fold change and P-value (PTC vs. benign); technically duplicated amplification,"Sadowski et al., 2019",2019,-,-
"Blood cell score (AMC, MCV, and Platelets)",Other (Cell counts),Peripheral blood cell counts,Peripheral blood,Prognostic,Evaluate prognosis in patients treated with bortezomib,Multiple myeloma (MM),Median PFS (6.4 to 42.8 months) and OS; 155 newly diagnosed patients,"Qiu et al., 2020",2020,China,Zhejiang and Zhoushan
53BP1 expression,Protein,Immunofluorescence (IF),Liquid-based cytology (LBC) from fine-needle aspiration (FNA),Diagnostic,Auxiliary histologic technique to accurately differentiate thyroid follicular tumors (FTs),Thyroid follicular tumors,Sensitivity of 90.5% and a specificity of 77.8% for differentiating FC from FA in tissue,"Sato Ayako et al., Endocrine connections",2021,Japan,Nagasaki and Kobe
Polygenic Risk Score (PRS),Other (Genetic risk score),Genomic profiling,Blood (for DNA extraction),Predictive,Predicts incident prostate cancer risk in older men,Prostate Cancer,Risk of incident prostate cancer development,"Bakshi Andrew et al., Cancers",2021,Australia and United States of America,"Melbourne, VIC; Boston, MA; St. Louis, MO"
"miR-4257, miR-6785-5p, miR-187-5p, and miR-5739",RNA,3D-Gene® highly sensitive DNA chip,Whole serum samples,Diagnostic,Discriminate early gastric cancer (EGC) samples from non-cancer controls,Early gastric cancer,AUC of 0.998 with 0.996 sensitivity and 0.953 specificity in validation set,Gastric cancer - official journal of the International Gastric Cancer Association and the Japanese Gastric Cancer Association,2021,Japan,Tokyo
Chromosome 7p copy number gains,DNA,Low coverage whole-genome sequencing,Plasma cell-free DNA (cfDNA),Diagnostic,Specific biomarker for early lung cancer detection,Early lung cancer,Prediction power of 12/15 (80%) for early lung cancer diagnosis,"Yu Hong-Jie et al., Neoplasma",2021,China,"Suzhou, Jiangsu"
Aberrant Plasma Cell (APC) Contamination,Other (Phenotypic cell population),Next-generation flow cytometry (NGF),Peripheral blood stem cell autografts,Predictive,Negative predictor for deep response post autologous transplantation,Multiple Myeloma,Deep response post-autologous transplantation,"Kostopoulos, I.V. et al., Cancers",2021,Greece,Athens
Perfusion fraction f and blood flow (BF),Other (Imaging biomarker),IVIM DW MRI and CT perfusion,Scan of the body (In situ),Diagnostic,Assessment of tissue perfusion in pancreatic cancer,Pancreatic cancer,Correlation with microvessel density (MVD) and microvessel area (MVA),Cancer imaging - the official publication of the International Cancer Imaging Society,2021,Germany,Not explicitly stated in abstract/snippet
Biomarker-based visceral adiposity score (VAT score),Other (Computed score from 8 biomarkers + BMI/Height),Body mass index and biomarker measurement,Blood (serum),Predictive,Predicts incident type 2 diabetes risk,Postmenopausal breast and colorectal cancer (nested study populations),Nearly three-fold increase in risk to develop type 2 diabetes per unit of VAT score,"Maskarinec Gertraud et al., Annals of epidemiology",2021,USA,"Hawaii and Los Angeles, California"
CDKN2A Deletion,DNA,P16-Light (multiplex quantitative PCR assay),Frozen fresh GC and paired surgical margin (SM) samples,Prognostic,Association with hematogenous metastasis,Gastric carcinoma,Causal relationship to hematogenous metastasis and overall survival,"Qiao Juanli et al., Frontiers in oncology",2021,China,Beijing
Th17 cell frequency,Other (T-cell population),Flow cytometry,Peripheral blood mononuclear cells (PBMC),Predictive/Prognostic,Associated with therapy resistance and cancer relapse,Cervical cancer,Recurrence-free survival (Median survival 9 months for high post-therapeutic frequency),"Theobald Laura et al., Molecular oncology",2021,Germany,Saarland (Homburg and Saarbrücken)
"Specific chromosome conformation changes (loci of ETS1, MAP3K14, SLC22A3 and CASP2)",DNA,EpiSwitch™ assay (PCR based),Peripheral blood (PBMCs),Diagnostic and Prognostic,Detection of prostate cancer and disease risk stratification,Prostate cancer,80% sensitivity/specificity for detection; achievment of up to 93% specificity for risk stratification,"Alshaker Heba et al., Journal of translational medicine",2021,UK and USA,London
"CXCL10, CXCL11, IL-6 and HGF",Protein,Luminex’s xMAP® Technology multiplex system,Serum (Blood),Prognostic,Predict outcome in mRCC patients treated with antiangiogenic therapy,Metastatic Renal Cell Carcinoma,Risk of relapse (Hazard Ratio 5.28) and overall survival,"Esteban, E. et al., Cancers",2021,Spain,"Oviedo, Pamplona, Madrid, Burgos, Zaragoza"
Circulating tumor DNA (ctDNA),DNA,Targeted gene sequencing and digital PCR (ddPCR),Plasma and whole blood,Predictive/Diagnostic,Surrogate measure of tumor development and predictor of disease relapse,Early breast cancer,Molecular relapse detection and safety of Let-COS procedure,"Rothé Françoise et al., Frontiers in oncology",2021,Belgium,Brussels
Circulating tumor DNA (ctDNA),DNA,Ultra-deep targeted sequencing using ICP v2,Blood/Plasma,Predictive and Prognostic,"Profiling tumor mutation for detection, prognostication, and treatment monitoring",Colorectal cancer,Recurrence and residual disease detection after metastasectomy,"Lee Soohyeon et al., Cancers",2021,Korea,Seoul
Serum S100A10,Protein,Enzyme-linked immunosorbent assay (ELISA),Venous blood samples (Serum),Diagnostic,Potential tumor biomarker for lung cancer,Lung cancer,Correlation with TNM stage and lymph node metastasis,"Hou Yu-Lei et al., The Journal of international medical research",2021,China,Chongqing
Coagulation Factor XIII Subunit A (FXIII-A),Protein,Plasma evaluation,Plasma,Predictive and Prognostic,Biomarker for curative effects and prognosis,"Malignant solid tumors, especially non-small cell lung cancer (NSCLC)",Continuous increase associated with rapid disease progression (PD),"Luo Yujiao et al., Frontiers in oncology",2021,China,Changsha
"Serum 25-(OH)-D, VDR, M30, LL-37 and beclin-1","Protein (VDR, M30, LL-37, beclin-1); Other (25-(OH)-D analyte)",ELISA and electrochemiluminescence immunoassay,Plasma/Serum,Prognostic,Evaluation of host immunity and inflammatory status,Inflammatory/Immunity mechanisms,Biomarker concentration changes across serial clinical visits,"Meca Andreea-Daniela et al., Experimental and therapeutic medicine",2021,Romania,Craiova
Deep MALDI® mass spectral data and AFP,Other (Mass spectral fingerprint); Protein (AFP),Deep MALDI® analysis and machine learning,Serum samples,Diagnostic,Model for early detection of hepatocellular carcinoma,Hepatocellular carcinoma (HCC),">80% sensitivity and specificity to detect HCC, including small lesions","Mahalingam Devalingam et al., Cancers",2021,USA and Greece,"Chicago, IL; San Antonio, TX; Alexandroupolis, Greece; Buffalo, NY"
12-miRNA biomarker panel,RNA,miRNA-specific RT-qPCR assays,Serum,Diagnostic,Risk assessment tool for detecting gastric cancer,Gastric cancer,Overall sensitivity of 87.0% at specificity of 68.4%; AUC 0.848,"So Jimmy Bok Yan et al., Gut",2021,Singapore and Korea,"Singapore, Seoul"
"CD244, CR2, IFNGR2, CXCL10, and IL-10",Protein,Proximity Extension Assay (PEA) technology,Plasma,Prognostic and Predictive,Identifying proteins associated with progression-free survival (PFS),Non-small cell lung cancer (NSCLC),Progression-free survival (PFS) correlations before and during treatment,"Vaes Rianne D W et al., Cancers",2021,The Netherlands and Belgium,Maastricht and Leuven
"IL-6, TNF-alpha, and TGF-alpha",Protein,Blood test and cytokine assessment,Blood,Prognostic,Evaluation of clinical outcome in patients treated with ICIs,Advanced non-small cell lung cancer (NSCLC),Categorization into clinical benefit (CB) or progression disease (PD) groups,"Tenuta Marta et al., Cancers",2021,Italy,Rome
Ki67,Protein,Automated digital image analysis (QuPath),ER+ breast cancer study cohort (tumor slides),Prognostic,Independent prognostic potential through score assessment,ER+ breast cancer,Relapse-free survival (Hazard ratios between 2.593–4.165),"Boyaci Ceren et al., Biomolecules",2021,Sweden,Stockholm
"Serum DD, FDP, CA125 and CA199",Protein,Serum level quantification,Serum,Diagnostic,Markers revealing interplay between bacteria and fibrin degradation in EC,Endometrial cancer (EC),Significant increase in levels distinguishing EC patients from healthy controls,"Li, Frontiers in cellular and infection microbiology",2021,China,Shanghai
Elevated Choline,Other (Imaging metabolite peak),1H-Magnetic Resonance Spectroscopy (1H-MRS),Scan of the body (In situ),Diagnostic,Discriminate malignant from benign breast lesions,Breast cancer,Sensitivity of 0.8 and specificity of 0.741 for detecting malignancy,"Prvulovic Bunovic Natasa et al., Frontiers in oncology",2021,Serbia,Novi Sad
Circulating Tumor Cells (CTC),Other (Cell population),immunofluorescence staining (NYONE®) and CK20 RT-qPCR,Blood,Prognostic and Predictive,Identification of high-risk patients and longitudinal treatment monitoring,Colorectal cancer,Longitudinal postoperative CTC detection indicating potential clinical relapse,"Hendricks Alexander et al., Frontiers in oncology",2021,Germany,Kiel
Circulating tumor fractions (within cell-free DNA),DNA,untargeted sequencing approach (mFAST-SeqS),Whole blood (Plasma),Predictive and Prognostic,Predict risk of disease progression during therapy,Metastatic HR+ breast cancer,Progression-free survival (PFS) and overall survival (OS),"Dandachi Nadia et al., Molecular oncology",2021,Austria,Graz
Pretreatment neutrophil-to-lymphocyte ratio (NLR),Other (Ratio of blood cells),Systematic review and meta-analysis of clinical data,Blood (collected for laboratory monitoring),Prognostic,Indicator associated with poor prognosis in RCC,Renal cell carcinoma (RCC),"Overall survival (OS), disease-free survival (DFS), and progression-free survival (PFS)","Shao Yuan et al., BMC urology",2020,Global (Meta-analysis),N/A
"Let-7a, miR-21, miR-145, miR-155, miR-195",RNA,Relative quantification PCR (RQ-PCR),Whole blood collected at diagnosis,Prognostic,Prediction of response to neoadjuvant chemotherapy (NACT),Breast cancer,Response to NACT based on Miller–Payne classification; independent predictor of pCR,"McGuire Andrew et al., Cancers",2020,Ireland,Galway
Plasma Apolipoprotein A2-Isoforms (apoA2-i),Protein,Blood testing enrichment strategy,Plasma,Diagnostic,Screen for high-risk status by increasing diagnostic probability,Pancreatic cancer,Enrichment of individuals with pancreatic diseases such as IPMN or chronic pancreatitis,"Sato Yu et al., Cancers",2020,Japan,"Kobe, Shiga, Tokyo"
S100B,Protein,Automated sandwich immunoassay (Elecsys S100),Blood samples (Serum),Diagnostic,Potential biomarker for detecting brain metastases in NSCLC,Non-small cell lung cancer (NSCLC),Presence of verified brain metastases at enrollment,"Kondrup Maria et al., Biomedical reports",2020,Denmark,"Vejle, Aarhus, Odense"
"ANOS1, DPYSL3, and MAGE-D2",Protein,Quantitative sandwich enzyme immunoassay (ELISA),Serum,Diagnostic,Discriminate gastric cancer from healthy controls,Gastric cancer,AUC values for discrimination; ANOS1 level decrease after tumor resection,"Kanda Mits et al., Gastric cancer",2020,Japan and Korea,"Nagoya, Seoul"
Tumor Tissue MIR92a and Plasma MIRs21 and 29a,RNA,RT-qPCR,Tumor tissue and plasma samples,Predictive and Prognostic,Associated with clinicopathological features and surgical resection,Colorectal cancer (CRC),Association with lymph node metastasis and treatment efficacy after operation,"Fukada Masahiro et al., Journal of clinical medicine",2020,Japan,Gifu City
miR-487a-3p,RNA,Small RNA sequencing and qRT-PCR,biopsy specimen of tumor,Predictive,Potential response predictors for 5-FU based chemoradiotherapy,Locally Advanced Rectal Cancer (LARC),Histological tumor regression grade (TRG) response,"Machackova Tana et al., Cancer genomics & proteomics",2020,Czech Republic,"Brno, Novy Jicin"
BRCA1 tumor protein expression,Protein,Immunohistochemical staining,"Archival formalin-fixed, paraffin-embedded tumor tissue (Tumor cores)",Prognostic,Association with lethal disease outcomes,Prostate Cancer,Cumulative incidence of lethal disease over 29 years of follow-up,"Stopsack Konrad H et al., Carcinogenesis",2020,USA,"New York, NY; Boston, MA; Tampa, FL"
Serum lncRNA DLEU1,RNA,Reverse transcription-quantitative polymerase chain reaction (RT-qPCR),Serum samples,Prognostic,Predicts progression of premalignant lesions and EC survival outcome,Endometrial cancer (EC),5-year overall survival (OS) and disease-free survival (DFS),"Shan Lixia et al., Technology in cancer research & treatment",2020,China,Not explicitly stated in abstract/snippet
CA199,Protein,Chemiluminescence assay kit (Roche),Blood (Serum),Diagnostic,Differentiate PDAC cases from controls,Pancreatic ductal adenocarcinoma (PDAC),"AUC, sensitivity, and specificity in distinguishing PDAC from controls","Chen Junliang et al., ""A combination of circulating tumor cells and CA199 improves the diagnosis of pancreatic cancer""",2022,China,Liaoning (Shenyang)
Circulating Tumor Cells (CTCs),Other (Intact malignant cells),Negative enrichment with immunostaining and fluorescence in situ hybridization (NE-imFISH),Blood (Peripheral),Diagnostic,Early diagnosis and surveillance of PDAC,Pancreatic ductal adenocarcinoma (PDAC),Diagnostic performance (AUC 0.85) and correlation with clinicopathological data,"Chen Junliang et al., ""A combination of circulating tumor cells and CA199 improves the diagnosis of pancreatic cancer""",2022,China,Liaoning (Shenyang)
pVEGF-Asi (Plasma VEGF-A short isoforms),Protein,Immunological multi-parametric chip technique (IMPACT-2),Blood (Plasma),Predictive,Predict the efficacy of bevacizumab (BV) therapy,Metastatic colorectal cancer (mCRC),Progression-free survival (PFS) in patients receiving first-line mFOLFOX6/XELOX plus BV,"Okamoto W. et al., ""A phase II study to explore biomarkers for the use of mFOLFOX6/XELOX plus bevacizumab as a first-line chemotherapy...""",2022,Japan,West Japan
pICAM-1 (Plasma intercellular adhesion molecule-1),Protein,Immunological multi-parametric chip technique (IMPACT-2),Blood (Plasma),Prognostic,Prognostic marker for patient outcome,Metastatic colorectal cancer (mCRC),Progression-free survival (PFS) and overall survival (OS),"Okamoto W. et al., ""A phase II study to explore biomarkers for the use of mFOLFOX6/XELOX plus bevacizumab as a first-line chemotherapy...""",2022,Japan,West Japan
tsRNA (tRNA-GlyGCC-5),RNA,RNA sequencing,Salivary exosomes,Diagnostic and Prognostic,Discriminate ESCC patients from controls and predict survival,Esophageal squamous cell carcinoma (ESCC),"Sensitivity (90.50%), Specificity (94.20%), OS, and PFS","Li Kai et al., ""A signature of saliva-derived exosomal small RNAs as predicting biomarker for esophageal carcinoma...""",2022,China,Guangdong (Shantou) and Henan (Anyang)
A-SAA (Acute-phase serum amyloid A),Protein,Protein misfolding cyclic amplification (PMCA) and ELISA,Blood (Serum),Diagnostic,Early detection of HCC in cirrhotic patients with low AFP,Hepatocellular carcinoma (HCC),Area under the ROC curve (AUROC) for discrimination between HCC and non-cancer groups,"Wu Jin-Lin et al., ""Acute-phase serum amyloid A for early detection of hepatocellular carcinoma in cirrhotic patients with low AFP level""",2022,Taiwan,Outside source scope
Septin 9 (SEPT9 gene methylation),DNA,PCR reaction to quantify methylated genes after bisulfite conversion,Blood (Plasma circulating DNA),Diagnostic and Predictive,Monitoring minimal residual disease and predicting tumor recurrence,Colorectal cancer (CRC),Sensitivity and specificity for recurrence detection at 1 month post-surgery,"Leon Arellano Miguel et al., ""Analysis of Septin 9 Gene Hypermethylation as Follow-Up Biomarker of Colorectal Cancer Patients after Curative Surgery""",2022,Spain,Madrid
miR-375-3p,RNA,TaqMan Advanced miRNA Assays / qRT-PCR,Lung tumor tissues and biopsies,Diagnostic and Prognostic,Evaluate survival outcomes and diagnostic performance,Lung cancer,Overall survival (OS) and progression-free survival (PFS),"Kumar Sachin et al., ""Analysis of miR-375-3p, miR-197-3p, and miR-15a-5p Expression and Their Clinical Relevance as Biomarkers in Lung Cancer""",2022,India,New Delhi
ALBI (Albumin-bilirubin) grade,Other (Clinical index),Calculation using formula based on albumin and bilirubin levels,Blood (Laboratory parameters),Prognostic,Independent prognostic factor for survival,Non-small-cell lung cancer (NSCLC),Progression-free survival (PFS) and overall survival (OS),"Takada K. et al., ""Assessment of the albumin-bilirubin grade as a prognostic factor in patients with non-small-cell lung cancer...""",2022,Japan,Outside source scope
Basal VEGF-A,Protein,ELISA,Blood (Plasma),Prognostic,Selecting mCRC patients likely to benefit from BV,Metastatic colorectal cancer (mCRC),Overall survival (OS) and progression-free survival (PFS),"Ortiz-Morales M. José et al., ""Basal VEGF-A and ACE Plasma Levels of Metastatic Colorectal Cancer Patients Have Prognostic Value...""",2022,Spain,Córdoba
ctDNA (Circulating tumor DNA),DNA,Droplet digital PCR (ddPCR) or PCR/DCE-based heteroduplex method,Blood (Plasma),Diagnostic and Prognostic,Precision monitoring of therapy response and prognosis estimation,Non-small cell lung cancer (NSCLC),Objective treatment response (RECIST) and progression-free survival (PFS),"Fiala Ondrej et al., ""Combination of Circulating Tumour DNA and 18F-FDG PET/CT for Precision Monitoring of Therapy Response...""",2022,Czech Republic,Pilsen and Prague
TIMP-1 (Tissue inhibitor of metalloprotease-1),Protein,Enzyme-linked immunosorbent assay (ELISA),Blood (Serum) and Saliva,Prognostic,Provide information on disease-free survival and OS,Head and neck squamous cell carcinoma (HNSCC),Disease-free survival (DFS) and overall survival (OS),"Rinecker Jakob et al., ""Comparing TIMP-1 and Hsp70 in Blood and Saliva as Potential Prognostic Markers in HNSCC""",2022,Germany,Munich
ProCAD (Prostate Cancer Chromosomal Aneuploidy Detector),DNA,Low-coverage Whole Genome Sequencing (WGS),Urine (Exfoliated cell DNA),Diagnostic,"Non-invasive screening for prostate cancer, especially high-grade tumors",Prostate cancer,Diagnostic sensitivity (81.3%–93.8%) and specificity (33.3%–100%),"Guan Youyan et al., ""Copy number variation of urine exfoliated cells by low-coverage whole genome sequencing for diagnosis...""",2022,China,Beijing
TFF3 (Trefoil factor 3),Protein,ELISA,Blood (Serum),Diagnostic and Prognostic,Discriminating EC and OC from controls; predicts advanced stages,Endometrial cancer (EC) and Ovarian cancer (OC),Sensitivity and specificity for cancer detection; correlation with disease grade,"Turan Hasan et al., ""Diagnostic and prognostic role of TFF3, Romo-1, NF-?B and SFRP4 as biomarkers for endometrial and ovarian cancers...""",2022,Turkey,Istanbul
Methylated CDO1,DNA,Quantitative methylation-specific PCR (qMSP),Urine (Cell-free DNA),Diagnostic,Non-invasive detection of NSCLC,Non-small cell lung cancer (NSCLC),Variability and reproducibility (ICC 0.74) across serial samples,"Bach Sander et al., ""Dynamics of methylated cell-free DNA in the urine of non-small cell lung cancer patients""",2022,Netherlands,Amsterdam
sEGFR (Soluble EGFR),Protein,ELISA,Blood (Serum),Prognostic,Prognostic stratification for breast cancer,Triple-negative (TN) and other breast cancer subtypes,Overall survival (OS) according to sEGFR levels,"de Araújo Rogério Agenor et al., ""Epidermal growth factor receptor (EGFR) expression in the serum of patients with triple-negative...""",2022,Brazil,Uberlândia
Ki67,Protein,Immunohistochemistry (IHC),Biopsied tissues,Prognostic,Determining cancerous transformation of OSMF,Oral Submucous Fibrosis (OSMF),Differences in intensity levels and epithelial dysplasia presence,"Kamal et al., ""Expression of Ki67 Biomarker in Oral Submucous Fibrosis with Clinico-Pathological Correlations...""",2022,India,Outside source scope
mBRAF (BRAF V600 tissue mutation),DNA,Droplet digital PCR (ddPCR),Blood (Plasma ctDNA),Diagnostic and Predictive,Rapid mBRAF assessment and monitoring treatment response,Stage IV Melanoma,Undetectable mBRAF at 12–18 weeks reflecting longer PFS and CSS,"Tolmeijer Sofie H. et al., ""Plasma BRAF Mutation Detection for the Diagnostic and Monitoring Trajectory of Patients...""",2021,Netherlands,Nijmegen/Arnhem/Zwolle
PIVKA-II,Protein,Tosoh Automated Enzyme Immunoassay Analyzer AIA-900,Blood (Serum),Predictive,Monitoring treatment response in HCC patients,Hepatocellular carcinoma (HCC),Marker trends compared to radiological response,"Sagar Vandana M. et al., ""The potential of PIVKA-II as a treatment response biomarker in hepatocellular carcinoma...""",2021,United Kingdom,Birmingham
GZMB (Granzyme B),Protein,Mass cytometry (CyTOF) and transcriptomic profiling (NanoString),Archival tumor tissues (FFPE),Prognostic,Predicting risk of relapse in adjuvant CRC,Colorectal cancer (CRC),Disease-free survival (DFS) and risk of relapse,"Daemen Anneleen et al., ""Transcriptomic profiling of adjuvant colorectal cancer identifies three key prognostic...""",2021,Multicenter (International),Outside source scope
magnitude of the complex shear modulus / shear stiffness,Other (Shear stiffness),3D SE-EPI-MRE sequences,kidney mass,Diagnostic,Preoperative prediction of microvascular invasion (MVI),clear cell renal cell carcinoma (ccRCC),"Preoperative prediction of MVI in T1 staging ccRCC mass,","Zhang HM, et al. Translational andrology and urology 2023;12(3):475-476,",2023,China,Sichuan
plasma metabolites,Other (Metabolites),"Untargeted metabolomic analysis and mass spectroscopy,",plasma,Diagnostic,Identification of novel risk factors and pathways,breast cancer,Association of 868 metabolites with breast cancer risk,"Stevens VL, et al. Breast cancer research - BCR 2023; 25:5,",2023,USA,"35 states, DC, and Puerto Rico"
prostate health index density (PHID),Other (Biomarker density score),"Serum tPSA, fPSA, and p2PSA testing with mpMRI,",Serum and prostate,Diagnostic,Diagnosing clinically significant prostate cancer (csPCa),prostate cancer,AUC for distinguishing csPCa from healthy controls,"Chen Y, et al. Investigative and clinical urology 2023",2023,China,Beijing
AFP-L3 and DCP,"Protein,",Biomarker measurements within 90 days of LT,Serum,"Prognostic,",Predict early hepatocellular carcinoma recurrence after liver transplantation,hepatocellular carcinoma (HCC),"Recurrence-free survival (RFS) predicting post-LT HCC recurrence,","Norman JS, et al. Journal of hepatology 2023; 79(6): 1469–1477",2023,USA,San Francisco
amide proton transfer imaging (APT),Other (Imaging index),single-slice frequency-stabilized CEST sequence,tumor lesion,Diagnostic,Pretreatment risk stratification of childhood neuroblastoma,neuroblastoma (NB),"AUC for stratifying high-risk from non-high-risk patients,","Jia X, et al. Quantitative imaging in medicine and surgery 2023; 13(5): 3004-3010,",2023,China,Zhejiang Province
quantitative RSIrs biomarker,Other (Imaging parameter),MRI with RSI series with four b values,prostate gland,Diagnostic,Automated patient-level prostate cancer detection,prostate cancer,ROC curves for patient-level detection of csPCa,"Zhong AY, et al. European urology open science 2023",2023,USA,San Diego
inflammatory biomarker (IL-1a and EGF),"Protein,",baseline stress measures and inflammatory analysis,Serum,Prognostic,"Risk factors for mucositis development,","Various cancers (sarcoma, lymphoma, leukemia)","Predicting incidence, peak severity, and total sum mucositis scores","Thornton CP, et al. Journal of adolescent and young adult oncology 2023",2023,USA,Mid-Atlantic region
DCEA (CEA-delta),Other (Change in protein level),assessing changes before and after chemotherapy,"tumor tissue and blood,","Prognostic,",Evaluating clinical behavior and therapeutic response,rectal cancer (RC),Response in stem cell marker expression after chemotherapy,"Lozada-Martinez ID, et al. Frontiers in oncology 2023",2023,Colombia,Cartagena
circulating cell-free DNA (cfDNA),DNA,low-pass whole-genome sequencing (WGS),plasma,Diagnostic,Early screening of ovarian cancer,ovarian cancer (OC),High accuracy in distinguishing OC patients from healthy controls,"Zhou H, et al. Journal of ovarian research 2023; 16:11,",2023,China,Beijing
circulating tumor DNA (ctDNA),DNA,ddPCR identification of GNAQ/GNA11 mutations,plasma,Prognostic,Predicting survival in resection patients,uveal melanoma (UM) liver metastases,"Relapse-free survival (RFS) after liver surgery,","Mariani P, et al. Annals of surgery 2023",2023,France,Paris
Circulating tumor cells (CTCs),Other (Cells),CellSearch immunomagnetic purification method,peripheral blood,"Prognostic and Predictive,",Predict survival and response to first-line chemotherapy,advanced non-small-cell lung cancer (NSCLC),Persistent presence representing poor prognosis and treatment resistance,"Wang Z, et al. Therapeutic advances in medical oncology 2023; 15: 1–13",2023,China,Guangdong
circulating tumour cells (CTCs),Other (Cells),CTC analysis performed utilizing RareCyte platform,peripheral blood,Prognostic,Predict treatment efficacy and tumor recurrence,metastatic gastrointestinal (GI) cancers,"enumeration correlated with cancer type, treatment, and progression","Malkawi W, et al. Frontiers in oncology 2023; 13:1305181",2023,USA,Iowa and New York
NLR and PLR,Other (Blood cell ratios),calculation usingroutinely available blood cell counts,peripheral blood,Predictive,Predict response to olaparib monotherapy,platinum-sensitive relapsed ovarian cancer (PSROC),PFS and OS in patients treated with olaparib,"Tashiro R, et al. Scientific reports 2023",2023,Japan,Tokyo and Chiba
syndecan-2 (SDC2) methylation,DNA,linear target enrichment-quantitative methylation-specific real-time PCR,stool DNA (sDNA),Diagnostic,"Early CRC detection and postoperative surveillance,",colorectal cancer (CRC),High sensitivity (88.6%) for detecting CRC before surgery,"Song JH, et al. World journal of gastrointestinal surgery 2023; 15(9): 2032-2041",2023,South Korea,Daejeon
inflammatory proteins,Protein,multiplex Luminex assay and flow cytometry,"urine, blood, and stool","Prognostic,",Predict patients at risk of late radiation cystitis,localized prostate cancer,Correlation with acute radiation cystitis intensity and QoL,"Helissey C, et al. JMIR research protocols 2023; 12: e38362",2023,France,Saint-Mandé
D-Dimers,Protein,Determined in plasma using COBAS INTEGRA 400,plasma,Prognostic,Prediction of advanced stage and poor outcome,breast cancer (BC),Variability predicting cancer relapse in perioperative period,Cancer Control - journal of the Moffitt Cancer Center 2023,2023,Poland,Wieliszew
Interleukin 14 ? (IL14?),"Protein,",western blot expression analysis,Serum,Predictive,"Predict response to anti-PD-1 therapy,",various advanced solid tumors,Progression-free survival (PFS) and overall survival (OS),"Wang B, et al. Clinical Medicine Insights: Oncology 2023; 17: 1–7",2023,China,Yangzhou
coagulation-related and thrombus-related biomarkers,"Protein,","automatic chemiluminescence immunoassay and coagulation analyzer,",Fasting elbow venous blood,Diagnostic,Identification of lung cancer patients with VTE,lung cancer,Confirmation of VTE in asymptomatic patients via CTPA,"Di W, et al. Thrombosis journal 2023; 21:95",2023,China,Suzhou
serum concentrations of antioxidants,Other (Antioxidant molecules),measured using HPLC,Serum,Prognostic,development of metachronous colorectal adenoma,colorectal adenoma,Odds ratio for development of metachronous adenoma,"Jacobs ET, et al. Nutrition and cancer 2023",2023,USA,Arizona and Texas
on-treatment bTMB levels,DNA,comprehensive circulating tumor DNA profiling by NGS,peripheral blood,Predictive,Predictor for patients treated with ICIs and chemotherapy,advanced non-small cell lung cancer (NSCLC),correlating change in bTMB with change in tumor size,"Han, et al. Journal of cancer research and clinical oncology 2023",2023,China,Shandong
S100A9,Protein,S100A9 analysis in blood correlated with treatment,blood sample,"Prognostic,","biomarker of radioresistance compatible with liquid biopsy,",brain metastasis (BM),local disease control measured by progression-free survival,"Valiente M, et al. ESMO open 2023",2023,Spain,"Madrid (RENACER network),"
GALAD Score,Other (Serum score),"Laboratory investigations of AFP, AFP L3, and DCP",serum,Diagnostic,Diagnosis and follow-up after local ablative therapy,hepatocellular carcinoma (HCC),"Discrimination of HCC from liver cirrhosis,","Eletreby R, et al. Journal of clinical and translational hepatology 2023; 11(2)",2023,Egypt,Cairo
RDW Index (Red Cell Distribution Width),Other (Hematologic index),"blood count analysis with GEE models,",whole blood,Diagnostic and Prognostic,evaluate therapeutic response and adverse events,breast cancer,association with cardiotoxicity after anthracycline treatment,"Simões R, et al. Diagnostics (Basel, Switzerland) 2023; 13, 1552",2023,Brazil,Belo Horizonte
CD24,"Protein,",Quantitative real-time PCR analysis,blood and tissue samples,Diagnostic,Early screening and diagnosis,oral squamous cell carcinoma (OSCC),"Upregulation associated with advanced stages and lymph node involvement,","Muralidoss H, et al. Annals of maxillofacial surgery 2023",2023,India,Chennai
micro-ribonucleic acids (miRNA),RNA,"next-generation sequencing (NGS) and qPCR,",thyroid nodules and serum,Diagnostic,Discriminate between follicular adenoma and well-differentiated cancer,thyroid cancer (TC),Area under the curve (AUC) comparing adenoma and carcinoma,"?wirta JS, et al. Advances in clinical and experimental medicine 2023; 32(9):997–1007",2023,Poland,Zakopane and Kraków
fecal hemoglobin and calprotectin,"Protein,","particle-enhanced turbidimetric immunoassay and Sentifit 270,",fecal samples,"Diagnostic,",triage symptomatic patients needing immediate colonoscopy,colorectal cancer (CRC),negative predictive values and sensitivity for CRC diagnosis,"Lanas Á, et al. United European gastroenterology journal 2023; 11(7):692–9",2023,Spain and Portugal,-
exosomal HER2,Protein,Enzyme-linked immunosorbent assay (ELISA),serum-derived exosomes,"Diagnostic and Predictive,",assessing tissue HER2 status and predicting efficacy,advanced gastric cancer (AGC),consistent with levels in tumor tissues and predicting OS/PFS,"Li Q, et al. Cancer medicine 2023; 12:4110-4124",2023,China,Shanghai
soluble tumor necrosis factor receptor type 2 (sTNF-RII),Protein,enzyme-linked immunosorbent assays (ELISA),plasma,Prognostic,"accompanies increased Pain and decreased Physical Functioning,",breast cancer (BC),correlation with treatment-related behavioral symptoms over 2 years,"Patel SK, et al. Brain, behavior, & immunity - health 2023; 32, 100670",2023,USA,"Duarte, CA,"
Kidney-type glutaminase (GLS1),Protein,"GLS1 immunohistochemistry on tumour sections,",surgical specimen,Diagnostic and Prognostic,pathological diagnosis and prognosis of patients with HCC,hepatocellular carcinoma (HCC),"associated with disease-free survival (DFS),","Zhang L, et al. BMC cancer 2023; 23:1081,",2023,China,Nanjing
ADC and volumetric changes,"Other (Imaging parameters),",course of RT using a 1.5T MR-Linac,head and neck region,"Prognostic,",Correlation with oncologic and survival outcomes,head and neck squamous cell carcinoma (HNSCC),complete remission (CR) and overall survival (OS),"El-Habashy, et al. medRxiv 2023",2023,USA,"Houston, TX"
Neutrophil-to-Lymphocyte Ratio (NLR),Other (Blood cell ratio),"manual cell counting and blood sample analysis,",peripheral blood,Predictive,Pathological Response to Neoadjuvant Chemoradiotherapy,locally advanced rectal cancer (LARC),complete pathologic response (pCR),"Novin K, et al. Asian Pacific journal of cancer prevention APJCP 2023; 24(1), 61-67",2023,Iran,Tehran
8-HETE (Oxylipin),Other (Metabolite),"ultra-performance liquid chromatography (UPLC-MS),",plasma,Prognostic,Potential biomarker for AIA development,ER+ breast cancer,positive association with musculoskeletal pain at 6 months,"Martinez JA, et al. Metabolites 2023; 13, 452,",2023,USA,"Tucson, AZ"
lactate dehydrogenase (LDH) and % lymphocytes,"Protein and Other (Cells),",Elastic Net variable selection multivariable model,peripheral blood samples,Prognostic,"correlate with objective response and survival,",recurrent/metastatic head and neck squamous cell carcinomas,overall survival (OS) and progression-free survival (PFS),"Pan C, et al. Cancer medicine 2023; 12: 9384-9391",2023,USA,Seattle and Charleston
portal venous circulating tumor cells (CTCs),"Other (Cells),","immunofluorescence staining of collected blood,",portal and peripheral venous blood,Prognostic,biomarker for early recurrence and poor prognosis,"resectable pancreatic cancer,",overall survival (OS) and recurrence-free survival (RFS),"Choi YH, et al. Biomedicines 2022; 10, 1289",2022,South Korea,Seoul
metabolic tumor volume (MTV) and ADC,Other (Imaging parameters),"baseline FDG PET-MRI imaging,",lymphoma target lesions,Prognostic,staging and clinical risk assessment scores,aggressive non-Hodgkin's lymphoma,1-year progression-free survival (PFS),"Husby T, et al. BMC cancer 2022; 22:1117",2022,Norway,Trondheim
KLK10 mRNA,RNA,"quantitative real-time PCR (qRT-PCR),",peripheral blood samples,"Diagnostic,",discriminate ALL patients from normal counterparts,childhood acute lymphoblastic leukemia (ALL),"efficient discrimination of patients using ROC curves,","Ahmad SM, et al. PeerJ 2022; 10: e13489",2022,Iraq,Sulaimaniyah
cell-free HPV-DNA (cfHPV-DNA),"DNA,",HPV-SEQ test (NGS-based method),plasma,Diagnostic and Prognostic,grading treatment response and post-treatment surveillance,human papillomavirus (HPV)-associated oropharyngeal cancer,"correlation with radiographic response to induction therapy,","Rosenberg AJ, et al. BMC cancer 2022; 22:17",2022,USA,Chicago
tumor shear-wave speed (c),Other (Imaging parameter),"multifrequency tomoelastography (MRE),",liver,Predictive,marker for glypican-3-positive hepatocellular carcinoma,hepatocellular carcinoma (HCC),OR for predicting GPC3 cytoplasmic staining,"Wang Y, et al. Frontiers in oncology 2022",2022,China,Shanghai
MSI-H and TMB-high,"DNA,",Circulating tumor DNA assay by NGS,plasma and tumor tissue,Predictive,predictive biomarker for cancer immunotherapy,cervical carcinoma,deep partial response toDual immunotherapy,"Gim G, et al. The oncologist 2022",2022,USA,New York and Chicago
apolipoprotein A2-isoforms (apoA2-i),"Protein,","established enzyme-linked immunosorbent assay (ELISA),",blood stream,Diagnostic,risk stratification and identifying surgically-curable pancreatic cancer,pancreatic cancer,"Sensitivity and specificity for identifying HRIs,","Honda K. Cancer biomarkers 2022; 33, 503–512",2022,Japan,"Tokyo and Kobe,"
Serial circulating tumor DNA (ctDNA),"DNA,","targeted next-generation sequencing (NGS),",plasma-free DNA,Prognostic,predict early postoperative recurrence and monitor burden,hepatocellular carcinoma (HCC),Median VAF associated with tumor early recurrence,"Zhu GQ, et al. Molecular oncology 2022; 16: 549–561",2022,China,Shanghai
Serum Free Light Chain (FLC),"Protein,","Serum FLC and FLC ratio estimation,",serum,"Prognostic,",predicting long-term outcome and survival,aggressive B-cell non-Hodgkin's lymphoma (NHL),5-year survival outcomes,"Anoop TM, et al. South Asian journal of cancer 2022; 11(3): 256–259,",2022,India,"Thiruvananthapuram, Kerala"
"Vascular Endothelial-Cadherin, CD44, HMGB1, KLK6","Protein,","sandwich enzyme immunoassays (ELISA),",serum,Diagnostic,predictors of malignant epithelial laryngeal lesions,invasive laryngeal cancer and dysplasia,differentiating between non-dysplastic lesions and invasive cancer,"?urek M, et al. PeerJ 2022",2022,Poland,Warsaw
soluble cytotoxic- T- lymphocyte- antigen- 4 (sCTLA-4),Protein,solid phase sandwich ELISA kit,serum,Prognostic,independent predictor for early tumor recurrence,CHC-related hepatocellular carcinoma (HCC),"early Local Recurrence and Intrahepatic Distal Metastasis,","Teng W, et al. Cancer medicine 2022",2022,Taiwan,Linkou
TJP1,Protein,"high-throughput monoclonal antibody microarrays and IP-MS,",lung cancer tissue,Prognostic,potential therapeutic and prognostic target,lung cancer,"role in invasion, migration, and proliferation,","Pu J, et al. Technology in cancer research & treatment 2022; 21: 1-11",2022,China,"Xi’an and Shanghai,"
gut microbiome signature,"Other (Microbiota),",deep shotgun metagenomic profiling,Longitudinal stool samples,"Predictive,",stratify patients into responders and non-responders,"melanoma, renal, and non-small cell lung cancer","1 year progression-free survival (PFS),","Thompson NA, et al. BMC cancer 2022; 22:99",2022,UK,40 site locations
"soluble immune checkpoints (sTIM3, IFNa, sPDL1, etc.)","Protein,","multiplex assay using Luminex 200 platform,",serum samples,"Predictive,",define immune profile predicting response to ICIs,"advanced solid tumors (NSCLC, UM, RCC, HNSCC)","overall survival (OS) and progression-free survival (PFS),","Botticelli A, et al. Frontiers in immunology 2022",2022,Italy,Rome and Bologna
presepsin,Protein,-,-,Diagnostic,diagnosis of postoperative infectious complications,gastric cancer,complications after gastrectomy,"Imai Y, et al. Scientific reports 2022",2022,Japan,-
"volumetric parameters (MTV, TLG, WBTB)",Other (Imaging parameters),baseline 18F-FDG PET/CT imaging,Whole-body PET images,"Prognostic,",Predict overall survival (OS),non-small cell lung cancer (NSCLC),overall survival from scanning until date of death,"Mahmoud HA, et al. European journal of hybrid imaging 2022; 6:37",2022,Egypt,Assiut
Quadratic phenotypic optimization platform (QPOP),Other (Hybrid experimental–computational platform),ex vivo drug sensitivity testing (DST) fit within an orthogonal array composite design (OACD) model,Peripheral blood (PB) and bone marrow aspirate (BMA),Predictive,Predicting therapeutic response and identifying effective drug combinations,Acute Myeloid Leukemia (AML),"Clinical response (CR, CRi, and PR) or no clinical response (NR) post-induction","Sahib Noor Rashidha Binte Meera, et al. ""A Combinatorial Functional Precision Medicine Platform for Rapid Therapeutic Response Prediction in AML"", Cancer medicine, 2024.",2024,Singapore,National University Hospital and Tan Tock Seng Hospital
"Methylated Septin9, SDC2, KCNQ5, and IKZF1",DNA,Quantitative polymerase chain reaction (qPCR),Plasma,Diagnostic,Early diagnosis of colorectal cancer,Colorectal cancer (CRC),"Sensitivity, specificity, and AUC compared to conventional CEA test","Xu Yingshuo, et al. ""A multi-gene blood-based methylation assay for early diagnosis of colorectal cancer"", Translational cancer research, 2024.",2024,China,Zhengzhou and Tianjin
HER3 expression,Protein,Western blot analysis and PET imaging,Core biopsy specimens (tissue),Prognostic and Predictive,Guiding therapy and assessing resistance mechanisms,Breast cancer,Changes in expression while on neoadjuvant therapy and 10-year survival,"Sinevici Nicoleta, et al. ""A prospective study of HER3 expression pre and post neoadjuvant therapy of different breast cancer subtypes: implications for HER3 imaging therapy guidance"", Breast cancer research - BCR, 2024.",2024,USA,"Boston, MA"
Acu-URO17 (Keratin 17),Protein,Immunocytochemistry (ICC) test,Voided urine specimens,Diagnostic,Detecting bladder cancer cells,Bladder cancer and Urothelial carcinoma (UC),Sensitivity (96%) and specificity (82%) in high-grade urothelial cancer,"Guo Liwu, et al. ""Acu-URO17 is a highly sensitive and specific bladder cancer biomarker"", BJUI compass, 2024.",2024,USA,Acupath (New York based)
Abasic (AP) sites,DNA (Lesion),Abasic sites cleavage assay using T7 exonuclease and/or exonuclease III,Venous blood (leukocytes),Diagnostic and Prognostic,Profiling cumulative body burden and risk,Breast cancer,AP sites/10^6 total nucleotides in 5-year survivors without recurrence,"Lin C, et al. ""Analysis of the Abasic Sites in Breast Cancer Patients With 5 Year Postoperative Treatment Without Recurrence in Taiwan"", Cancer control, 2024.",2024,Taiwan,Central Taiwan
Anti-Müllerian hormone (AMH),Protein,Prospective cohort study analysis,Circulating (blood),Prognostic,Biomarker for aggressive prostate cancer,Prostate cancer,Aggressiveness in patients undergoing prostatectomy,"Kontogiannis Stavros, et al. ""Anti-Müllerian hormone - a novel biomarker for aggressive prostate cancer Emerging evidence from a prospective study of"", Hormones (Athens, Greece), 2024.",2024,Greece,Not specified
Apolipoprotein A-IV (ApoA-IV),Protein,Standard protein assay,Blood,Prognostic,Predicting incident cancer events,Various cancers in Chronic Kidney Disease (CKD) patients,Incident fatal and non-fatal cancer events over 6.5-year follow-up,"Kollerits Barbara, et al. ""Apolipoprotein A-IV concentrations and cancer in a large cohort of chronic kidney disease patients - results from the GC"", BMC cancer, 2024.",2024,Not specified,Not specified
Meta-biomarkers (AI-based),Other (AI algorithms),"Systematic review of ML and DL algorithms across genomics, radiomics, and pathomics",Multimodal data,Predictive,Predicting response to immune checkpoint inhibitors (ICIs),"Pan-cancer (NSCLC, melanoma, etc.)","Accuracy, sensitivity, and specificity of ICI efficacy prediction","Prelaj A, et al. ""Artificial intelligence for predictive biomarker discovery in immuno-oncology: a systematic review"", Annals of oncology, 2024.",2024,Multinational,Global review
Serum Cortisol,Other (Hormone),Correlation with TNM staging and histopathological grading,Serum,Diagnostic and Prognostic,Correlation with clinical stage and grading,Oral Squamous Cell Carcinoma (OSCC),Clinical stage and BRYNE’S invasive tumor front grading score,"Kalyani Ve, et al. ""Assessment of Serum Cortisol Levels in Patients with Oral Squamous Cell Carcinoma and Its Correlation with Clinical Stag"", Journal of maxillofacial and oral surgery, 2024.",2024,Not specified,Not specified
Stromal tumor-infiltrating lymphocytes (TILs),Other (Immune cells),Immunohistochemistry for CD3 and CD20 and H&E quantification,Resection specimens (endometrial tissue),Prognostic,Correlation with tumor characteristics,Endometrial cancer (EC),"Tumor stage, grade, and nodal involvement","Ahuja Sana, et al. ""Association of stromal tumor-infiltrating lymphocytes with clinicopathological parameters in endometrial cancer"", Korean journal of clinical oncology, 2024.",2024,India,New Delhi
Leptin and adiponectin receptor,Protein,Immunohistochemistry (IHC) studies,Paraffin-embedded blocks (CRC tissue),Diagnostic and Prognostic,Correlation with clinicopathological parameters,Colorectal carcinoma (CRC),"Tumor size, histological type, stage, and grade","Parmesh Priyanka, et al. ""CORRELATION OF LEPTIN AND ADIPONECTIN RECEPTOR EXPRESSION WITH CLINICOPATHOLOGICAL PARAMETERS IN COLORECTAL CARCINOMA -"", Arquivos de gastroenterologia, 2024.",2024,India,Tertiary care hospital
"EGF, ANG-1, and PDGF subunit B",Protein,Proximity Extension Assay (PEA) and RT-qPCR,EDTA plasma,Predictive and Prognostic,Predicting time to systemic progression (TTSP),Hepatocellular carcinoma (HCC),Time to systemic progression (TTSP) after local ablative treatment,"Salvermoser Lukas, et al. ""CT-guided high dose rate brachytherapy can induce multiple systemic proteins of proliferation and angiogenesis predictin"", Translational oncology, 2024.",2024,Germany,Munich
CYFRA 21-1,Protein,Retrospective and prospective validation,Serum,Predictive and Prognostic,Predicting response to combined chemoimmunotherapy,Non-small cell lung cancer (NSCLC),Progression-free survival (PFS) and overall survival (OS),"Kataoka Nobutaka, et al. ""CYFRA 21-1 predicts efficacy of combined chemoimmunotherapy in patients with advanced non-small cell lung cancer - a pro"", Translational lung cancer research, 2024.",2024,Japan,Kyoto
PD-1 and PD-L1,Protein,Immunohistochemical staining (CPS),Laryngeal tissue,Diagnostic and Prognostic,Correlation with immune response,Laryngeal squamous cell carcinoma (LSCC),Tumor stage and histopathologic grading,"Verro Barb, et al. ""Cancer and immune response - The role of PD-1-PD-L1 checkpoint in laryngeal carcinoma. Preliminary results"", European archives of oto-rhino-laryngology, 2024.",2024,Not specified,Not specified
Circulating nucleosomes,Other (DNA-histone complex),Liquid biopsy methods,Blood (plasma),Diagnostic,Screening for splenic lesions,Splenic nodular lesions (Canine),Sensitivity and specificity in distinguishing malignant lesions,"Meazzi Sara, et al. ""Circulating nucleosomes as a potential cancer biomarker in dogs with splenic nodular lesions"", The veterinary quarterly, 2024.",2024,Not specified,Not specified
Epstein-Barr Virus (EBV) infection,Other (Viral DNA),PCR amplification (?-globin gene),Prostate biopsies and blood samples,Diagnostic,Comparative analysis of infection levels,Prostate adenocarcinoma,Gleason score and PSA concentration,"Mharrach Imane, et al. ""Comparative Study Analysis of Epstein-Barr Virus Infection - Tissue Versus Blood Samples in Patients With Prostatic Aden"", Cureus, 2024.",2024,Morocco,Rabat City
"SLC2A1, KRT17, and GPRC5A",RNA (mRNA),qPCR normalized by reference gene (ALDOB),Urine (extracellular vesicles),Diagnostic and Prognostic,UBC detection and recurrence monitoring,Urothelial bladder cancer (UBC),Cancer recurrence and AUC/sensitivity/specificity metrics,"Murakami Taku, et al. ""Cross-sectional and longitudinal analyses of urinary extracellular vesicle mRNA markers in urothelial bladder cancer pat"", Scientific reports, 2024.",2024,Japan,Hokkaido and Sapporo
17p deletion and 11q deletion,DNA (Cytogenetics),Interphase FISH technique,Bone marrow samples,Prognostic,Predicting patient outcome and risk stratification,Chronic Lymphocytic Leukemia (CLL),RAI staging and disease course,"Aref Salah, et al. ""Cytogenetic Subclone Burden - A New Biomarker Predicting Chronic Lymphocytic Leukemia Patients Outcome"", Asian Pacific journal of cancer prevention - APJCP, 2024.",2024,Egypt,Mansoura
D-dimer,Protein,Quantitative immunoenzymometric assay,Plasma,Predictive and Prognostic,Predicting response to chemotherapy and tumor progression,Metastatic breast cancer (MBC),Response type (RECIST 1.1) and disease control (DC),"Alkhoder Lubana, et al. ""D-dimer as a Predictive Biomarker of Response to Chemotherapy in Patients With Metastatic Breast Cancer"", Biomarker insights, 2024.",2024,Syria,Homs and Damascus
"MiR-21, MiR-221, and MiR-451",RNA (microRNA),qRT-PCR method,Blood (plasma),Predictive and Prognostic,Indicators of clinical response to neoadjuvant chemotherapy,Breast cancer,"Clinical response (Complete, Partial, Stable, Progression)","Patury Carine Bispo, et al. ""Dysregulation of MiR-21, MiR-221 and MiR-451 During Neoadjuvant Treatment of Breast Cancer - A Prospective Study"", Biomolecules, 2024.",2024,Brazil,Ilhéus and Jequié (Bahia)
"CDKN2A/B, BAP1, and MTAP alterations",DNA,Targeted next generation sequencing (NGS),FFPE tissue or ctDNA from plasma,Predictive,Guiding personalized treatment strategies,Pleural mesothelioma (PM) and thymic epithelial tumors (TET),Clinical trial options and treatment adaptation,"Tagliamento Marco, et al. ""EORTC-SPECTA Arcagen study, comprehensive genomic profiling and treatment adaptation of rare thoracic cancers"", NPJ precision oncology, 2024.",2024,European (8 countries),Various
Cardiac Troponin (hs-TnT),Protein,Roche Elecsys assay,Blood,Predictive,Monitoring for ICI-induced myocarditis,Solid malignancies (receiving ICIs),hs-TnT elevations at treatment visits,"van den Berg Pieter F, et al. ""Elevations of Cardiac Troponin in Patients Receiving Immune Checkpoint Inhibitors - Data From a Prospective Study"", JACC. Advances, 2024.",2024,Not specified,Not specified
Endothelial progenitor cells (EPCs),Other (Circulating cells),Flow cytometry (implied),Blood,Diagnostic and Prognostic,Angiogenic biomarker for diagnosis and prognosis,Lung cancer (LC),Survival rates and tumor response after chemotherapy,"Najjar Fad, et al. ""Endothelial progenitor cells as an angiogenic biomarker for the diagnosis and prognosis of lung cancer"", Reports of practical oncology and radiotherapy, 2024.",2024,Syria,Not specified
N-NOSE (Olfactory index),Other (Biological olfactory response),Chemotaxis analysis of C. elegans,Urine,Diagnostic,Surveillance tool for recurrence,Gastric and esophageal cancers,Detection of recurrence after surgery,"Iitaka Sayuri, et al. ""Evaluation of N-NOSE as a surveillance tool for recurrence in gastric and esophageal cancers - a prospective cohort stud"", BMC cancer, 2024.",2024,Japan,Not specified
Circulating tumor cells (CTCs) and vCTCs,Other (Circulating cells),SMART BIOPSY SYSTEM Isolation and fluorescence microscopy,Whole blood (7.5 mL),Predictive and Prognostic,Assessing efficacy of chemotherapy and prognosis,Pancreatic ductal adenocarcinoma (PDAC),"Chemotherapy response, OS, and PFS","Lee Hee Seung, et al. ""Phenotypic characteristics of circulating tumor cells and predictive impact for efficacy of chemotherapy in patients wit"", Frontiers in oncology, 2023.",2023,Korea,Seoul
Circulating Tumor Cells (CTCs) (?5 CTCs/7.5 mL),Other (Circulating cells),CellSearch system and double immunofluorescence,Peripheral blood (PB),Prognostic,Predicting survival and monitoring treatment efficacy,Metastatic Castration-Resistant Prostate Cancer (mCRPC),Overall Survival (OS) and Progression-Free Survival (PFS),"Koinis Filippos, et al. ""Prognostic Role of Circulating Tumor Cells in Patients with Metastatic Castration-Resistant Prostate Cancer Receiving Ca"", Cancers, 2023.",2023,Greece,Multiple regions
Neutrophil-Lymphocyte Ratio (NLR),Other (Hematological ratio),Statistical analysis of blood counts post-adjuvant treatment,Blood,Prognostic,Predicting overall survival and treatment response,High-Grade Glioma,Overall survival (OS) from initial histological diagnosis,"S, et al. ""Prognostic Significance of Neutrophil-Lymphocyte Ratio in Patients of High-Grade Glioma Undergoing Adjuvant Chemoradiati"", APJCP, 2023.",2023,India,Guwahati
MiR-29a,RNA (microRNA),Taqman Reverse Transcriptase kit and qPCR,Plasma,Prognostic,Improving risk stratification and prognosis,Chronic lymphocytic leukemia (CLL),Time to first treatment (TTFT),"Aref Salah, et al. ""Prognostic Value of Plasma miR-29a Evaluation in Chronic Lymphocytic Leukemia Patients"", APJCP, 2023.",2023,Egypt,Mansoura
"EGFR mutation (Exon 19 deletion, Exon 21 L858R)",DNA,Comprehensive genomic profiling (EXTRA study),Peripheral blood (exosomes),Predictive,Predicting afatinib efficacy and longer OS,Nonsmall cell lung cancer (NSCLC),"Objective response rate (ORR), PFS, and OS","Takata Saori, et al. ""Prospective exosome-focused translational research for afatinib (EXTRA) study of patients with nonsmall cell lung cancer"", TAM, 2023.",2023,Japan,Hiroshima and Tokyo
Inflammatory burden index (IBI),Other (Hematological index),Multivariable Cox proportional hazards regression,Fasting venous blood,Prognostic,Assessing systemic inflammatory state and survival,Non-small cell lung cancer (NSCLC),"Overall survival (OS), 90-day outcomes, and cachexia","Xie Hailu, et al. ""The inflammatory burden index is a superior systemic inflammation biomarker for the prognosis of non-small cell lung can"", JCSM, 2023.",2023,China,Beijing and multiple centers
Mean cfDNA fragment size,DNA,Agilent 2200 TapeStation System and dsDNA Assay,Peripheral blood (plasma),Diagnostic and Prognostic,Correlation with tumor burden,Prostate cancer (Biochemical recurrence),wbPSMA-TV40 and PSA levels,"Amseian Gary, et al. ""cfDNA fragmentation patterns correlate with tumor burden measured via PSMA PET-CT volumetric parameters in patients with"", EJNMMI research, 2024.",2024,Spain,Barcelona
"frizzled 4 (FZD4), ribosomal protein S7 (PRS7), ribosomal protein L29 (RPL29), miR-374c, miR-9, and miR-6510",mRNA and RNA (miRNA),RNA-sequencing and contrast-enhanced ultrasound (CEUS) radiomics,Biopsy specimens,Diagnostic,Distinguishing locally advanced (T3b) PCa from organ-confined (T2c) disease,Prostate cancer (PCa),AUC = 0.887-0.996 for machine learning models at the T2c/T3b staging boundary,"Yang Q, Tang P, et al. A New Radiotranscriptomic Approach to Analyze Combined Sets of T3b Stage-Specific Genes and Radiomic Features in Prostate Cancer",2025,China,Beijing
"miR-21, miR-29a, and miR-92a",RNA (miRNA),Normalization with endogenous control miR-1228 and qPCR,Blood,Diagnostic,Non-invasive diagnosis and comparison with healthy volunteers,Colorectal cancer (CRC),Significant upregulation in CRC (p < 0.001) in Moroccan participants,"Fathi S, Aazzane O, et al. A miRNA Signature for Non-Invasive Colorectal Cancer Diagnosis in Morocco: miR-21, miR-29a and miR-92a",2025,Morocco,Casablanca
CDH13 Exon 1 hypermethylation (CpG sites 1 & 5),DNA,BSAS method (bisulfite treatment and sequencing),Paraffin-embedded CRC tissues,Prognostic,Prediction of distant metastasis and decreased overall survival,Colorectal cancer (CRC),Site 1 hypermethylation OR: 7.60 for distant metastasis; combined Sites 1 & 5 OR: 9.75,"Xiang PC, Li PJ, et al. Exon 1 methylation status of CDH13 is associated with decreased overall survival and distant metastasis in patients with colorectal cancer",2024,China,Shanghai
Cell surface vimentin (CSV),Protein,84-1 monoclonal antibody targeted approach for CTC capture and immunofluorescence,Peripheral blood mononuclear cells (PBMCs),Prognostic,"Monitoring therapeutic response, predicting disease relapse, and identifying mesenchymal tumor cells",Gastric cancer (GC),CSV+CTC counts correlated with progression-free survival (p=0.005) and OS (p=0.0002),Li et al. Exploring new frontiers - cell surface vimentin as an emerging marker for circulating tumor cells and a promising therapeutic target in gastric cancer,2024,China,Liaoning
p16INK4a,RNA (CDKN2A),Taqman qPCR using a real time thermocycler,CD3+ PBMCs,Other (Aging/Senescence),Marker for cellular senescence and biological aging associated with frailty,Breast cancer (BC) and hematologic malignancies,Association with diminished physical performance and quality of life in cancer survivors,"El Jurdi N, Te Hok S, et al. Frailty and pre-frailty associated with long-term diminished physical performance and quality of life in breast cancer and hematologic malignancy",2024,USA,Minnesota
C-C motif chemokine ligand 20 (CCL20),Protein (Chemokine),Enzyme-linked immunosorbent assay (ELISA),Serum,Prognostic,"Prediction of immunotherapy resistance, recurrence, and unfavorable overall survival",Advanced melanoma,"High CCL20 (?0.34 pg/mL) associated with impaired PFS (HR: 1.99, p=0.007) and OS (p=0.042)","Kött J, Hoehne IL, et al. High Serum Levels of CCL20 Are Associated with Recurrence and Unfavorable Overall Survival in Advanced Melanoma Patients Receiving Immunotherapy",2024,Germany,Hamburg
PD-L1 expression on immune cells and tumor-infiltrating lymphocytes (TIL) density,Protein,Immunohistochemical (IHC) staining using customised protocols,Pretreatment paraffin-embedded tissue,Prognostic,Interaction of biomarkers predicts favorable outcome and survival,Head and neck squamous cell carcinoma (HNSCC),Interaction shown to be strong prognostic factor independent of smoking or radiotherapy regimen,"Blažek T, Petráš M, et al. High PD-L1 expression on immune cells along with increased density of tumor-infiltrating lymphocytes predicts a favorable outcome in head and neck cancer",2024,Not explicitly mentioned in title/abstract; Source citation references Czech authors,Not explicitly mentioned
REG1A and REG1B,Protein,"Proximity extension assay (PEA) of 1,463 serum proteins",Serum,Diagnostic,Early detection of incident PC risk several years prior to clinical diagnosis,Pancreatic cancer (PC),Effect sizes increase as diagnosis time approaches baseline in DFTJ and UKB-PPP cohorts,"Lyu J, Jiang M, et al. Identification of biomarkers and potential therapeutic targets for pancreatic cancer by proteomic analysis in two prospective cohorts",2024,China and United Kingdom,Not explicitly mentioned
Serum growth differentiation factor 15 (GDF-15) and Interleukin-6 (IL-6),Protein,ELISA kits,Serum,Prognostic,Prediction of treatment outcomes in patients undergoing second-line nivolumab therapy,"NSCLC, renal cell carcinoma (RCC), or malignant melanoma","Elevated GDF-15 associated with shorter PFS (HR: 0.55, p=0.032) and OS (HR: 0.47, p=0.020), and cachexia","Akdogan O, Turkmen S, et al. Impact of Serum GDF-15 and IL-6 on Immunotherapy Response in Cancer: A Prospective Study",2024,Turkey,Ankara
Interleukin-6 (IL-6),Protein,Measured at baseline and before cycles using Pilot group assays,Serum,Predictive,Predictor of pathological response to neoadjuvant chemotherapy (FLOT regimen),Gastric cancer (GC) or gastroesophageal junction (GEJ) cancer,IL-6 < 5.0 pg/mL before cycle 2 predicted complete pathological response (pCR) and tumor regression,"Marcisz-Grzanka K, Kotowicz B, et al. Interleukin-6 as a Predictive Factor of Pathological Response to FLOT Regimen Systemic Treatment in Locally Advanced Gastroesophageal Junction or Gastric Cancer Patients",2024,Poland,Warsaw
Long Noncoding RNAs MALAT1 and HOTTIP,RNA,qRT-PCR using preheated elution solution,Cell-free plasma/serum,Diagnostic and Predictive,MALAT1 suggests shorter OS; HOTTIP associated with metastasis and effective diagnosis compared to AFP,Hepatocellular carcinoma (HCC),AUC of 0.968 for combined panel (MALAT1+HOTTIP+AFP) in 3-year OS analysis,"Bao H, Jiang Y, et al. Long Noncoding RNAs MALAT1 and HOTTIP Act as Serum Biomarkers for Hepatocellular Carcinoma",2024,China,Not explicitly mentioned
CD8 and FoxP3,Protein,Chromogen-based double immunohistochemical assay analyzed via machine learning,Lungs biopsy specimens,Predictive,Predicting 1-year progression-free survival (PFS) of chemoimmunotherapy,Small-cell lung cancer (SCLC),Machine learning AUC (0.782) superior to manual count (0.567-0.681),"Shibaki R, Fujimoto D, et al. Machine learning analysis of pathological images to predict 1- year progression- free survival of immunotherapy in patients with small- cell lung cancer",2024,Japan,Not explicitly mentioned
"Plasma-derived exosome (PEX) mRNA signature (6 genes: HLA-E, ACTB, MPIG6B, RABL2B, TNFRSF13C, ZNF480)",RNA,Pretreatment plasma analysis and RT-qPCR,Plasma,Diagnostic/Prognostic,Companion diagnostic for nivolumab to segregate non-survivors from >2-year survivors,Head and neck squamous cell carcinoma (RM-HNSCC),Combination plus NLR distinguished non-survivors (2-year OS 0%) from survivors (2-year OS 36.8%),"Sato K, Toh S, et al. Nationwide multi-centric prospective study for the identification of biomarkers... pretreatment plasma exosome mRNAs from head and neck cancer patients (BIONEXT study)",2025,Japan,Not explicitly mentioned
miR-25-3p and miR-23b-3p,RNA,RNA sequencing and Mann-Whitney U test,Plasma exosomes,Predictive,Predictors of response to radical concurrent chemoradiotherapy (CRT),Esophageal squamous cell carcinoma (ESCC),miR-25-3p (AUC=0.825) and miR-23b-3p (AUC=0.791) predict treatment response and PFS,Zhang et al. Plasma-derived Exosomal miR-25-3p and miR-23b-3p as Predictors of Response to Chemoradiotherapy in Esophageal Squamous Cell Carcinoma,2024,China,Zhejiang
"Individualized circulating tumor DNA (TERT, FGFR3, TP53, HRAS)",DNA,dPCR and next-generation sequencing (NGS),Plasma and urine,Diagnostic,Postoperative recurrence detection and early monitoring,Upper tract urothelial carcinoma (UTUC),Mutations detected in 48% of plasma and 87% of preoperative urine samples,"Tamura D, Abe M, et al. Postoperative recurrence detection using individualized circulating tumor DNA in upper tract urothelial carcinoma",2024,Japan,"Yahaba, Iwate"
"28 liver cancer-associated metabolites (e.g., creatine, tyrosine, primary bile acids)",Other (Metabolites),Mass spectrometry-based targeted metabolomics and LASSO logistic regression,Prediagnostic plasma samples,Predictive,Candidate risk predictors for liver cancer up to 14 years prior to diagnosis,Liver cancer (predominantly HCC),Metabolic score consisting of 10 metabolites improved risk prediction,"Li ZY, Shen QM, et al. Prediagnostic plasma metabolite concentrations and liver cancer risk - a population-based study of Chinese men",2024,China,Shanghai
Serum NY-ESO-1 antibody,Protein (Antibody),Serial Evaluation every 3 months for 1 year postoperatively,Serum (Blood),Predictive,Predictive marker for postoperative recurrence,Gastric cancer,NY-ESO-1 antibody positivity at 12 months postoperatively associated with shorter recurrence-free interval (P < 0.001),"Saito T, Kurokawa Y, et al. Serum NY-ESO-1 antibody as a predictive biomarker for postoperative recurrence of gastric cancer - a multicenter prospective study",2024,Japan,Osaka
SLC22A17 mRNA,RNA,Quantitative RT-PCR using the relative level 2-??Ct method,Plasma and tumor tissues,Diagnostic and Prognostic,High plasma levels associated with lymph node metastasis and shorter overall survival,Non-small cell lung cancer (NSCLC),AUC = 0.842 for noninvasive diagnostic accuracy; associated with N2-N3 metastasis,"The mRNA of solute carrier family 22, member 17 (SLC22A17) plays the potential diagnostic and prognostic role in advantage non-small cell lung cancer",2024,Not explicitly mentioned in title/abstract; Source references Chinese authors,Not explicitly mentioned
EV-miR-200 family members,RNA,Small RNA sequencing and RT-qPCR,Plasma extracellular vesicles (EVs),Diagnostic,Discriminate PDAC from benign pancreaticobiliary disease,Pancreatic ductal adenocarcinoma (PDAC),Combined expression AUC of 0.97 in clinical validation cohort,Liu et al. Unlocking the diagnostic power of plasma extracellular vesicle miR-200 family in pancreatic ductal adenocarcinoma,2024,"United Kingdom, Netherlands, Italy, Denmark","London, Amsterdam, Pisa, Aarhus"
GALAD,Other (Integrative Model),Microchip capillary electrophoresis and liquid-phase binding assay,Serum,Diagnostic,Detection of Hepatocellular Carcinoma (HCC),Hepatocellular Carcinoma in Cirrhosis,Sensitivity and specificity for HCC detection within 12 months prior to diagnosis,"Marsh, T. L., et al. (2025). A Phase 3 Biomarker Validation of GALAD for the Detection of Hepatocellular Carcinoma in Cirrhosis. Gastroenterology.",2025,United States,Washington (Seattle) and multiple multicenter sites
uPSA and uZinc,Protein (uPSA) and Other (uZinc),Colorimetric strip assay / Lateral flow biosensor,Urine,Diagnostic,Enhance prostate cancer diagnosis and stratify risk,Prostate Cancer,Biopsy recommendation and diagnosis of PCa vs negative biopsy results,"Amparore, D., et al. (2025). A rapid urinary test for combining PSA and zinc to enhance prostate cancer diagnosis - results from a prospective study. Prostate Cancer and Prostatic Diseases.",2025,Italy,Not explicitly mentioned
Intra-tumoral Tertiary Lymphoid Structures (TLSs),Other (Histological structures),Intravoxel Incoherent Motion (IVIM) MRI sequence,MRI Scan (In situ),Predictive,Serving as a pre-operative predictive biomarker of intra-tumoral TLS status,Hepatocellular Carcinoma,Recurrence-free survival (RFS) superior in patients with TLSs,"Ma, L., Liao, S., et al. (2025). Application of Intravoxel Incoherent Motion in the Prediction of Intra-Tumoral Tertiary Lymphoid Structures in Hepatocellular Carcinoma. Journal of Hepatocellular Carcinoma.",2025,China,Guangzhou (Sun-Yat Sen University)
N-NOSE (specifically IRS3),Other (Chemotaxis Index),Caenorhabditis elegans chemotaxis analysis,Urine,Predictive,Predict response to Neoadjuvant Chemotherapy (NAC),Breast Cancer,Pathological complete response (pCR),"Tokumaru, Y., et al. (2025). Application of N-NOSE for Evaluating the Response to Neoadjuvant Chemotherapy in Breast Cancer Patients. Cells.",2025,Japan,Gifu
PD-L1 expression,Protein,Immunohistochemistry (Ventana SP263 antibody clone),"Fine-needle aspirates (FNAs), core biopsies, and resection specimens",Predictive,Prediction of response to immune-checkpoint blockade,Non-small cell lung carcinoma (NSCLC),"Tumor Proportion Score (TPS) with clinical relevant categories of <1%, 1-49%, and ?50%","Haragan, A., et al. (2025). Assessing PD-L1 expression in non-small cell lung carcinoma: a prospective study of matched fine-needle aspirates, core biopsies, and resection specimens using alcohol and forming fixatives. The Journal of Pathology: Clinical Research.",2025,UK,Liverpool
Neutrophil-to-lymphocyte ratio (NLR),Other (Blood cell ratio),Calculation from absolute neutrophil and lymphocyte counts,Peripheral blood,Prognostic,Predict short-term urinary Quality of Life (QoL) during BCG treatment,Non-Muscle-Invasive Bladder Cancer (NMIBC),Deterioration in IPSS-related QoL at 8 weeks post-BCG induction,"Spirito, L., et al. (2025). Association Between Baseline Neutrophil-to-Lymphocyte Ratio and Short-Term Urinary Quality of Life During BCG Induction in Male Patients with Non-Muscle-Invasive Bladder Cancer: A Prospective Observational Study. J. Clin. Med.",2025,Not explicitly mentioned,Not explicitly mentioned
Chromogranin A (CgA) and Carboxypeptidase E (CPE),Protein,Association Rule Mining (ARM) applied to plasma protein data,Plasma,Prognostic,Characterize progressive disease (PD) versus stable disease (SD),Neuroendocrine Tumors (siNET and pNET),Progressive disease or stable disease within 3 years of follow-up,"Knigge, U. P., et al. (2025). Association rule mining of clinical and biomarker data in neuroendocrine tumors: A prospective study on disease progression. Journal of Neuroendocrinology. [title, 111, 116]",2025,"Denmark, Finland, Norway, Sweden, Lithuania, Estonia, and Latvia",Multicenter
Presepsin,Protein,Targeted biomarker analysis,Not explicitly mentioned,Diagnostic and Prognostic,Assessment of treatment outcomes in Febrile Neutropenia,Lymphomas with Febrile Neutropenia,Treatment outcomes and FN development during active chemotherapy,"Mišura Jakobac, K., et al. (2025). Biomarkers Affecting Treatment Outcomes of Febrile Neutropenia in Hematological Patients with Lymphomas: Is Presepsin the New Promising Diagnostic and Prognostic Biomarker? Journal of Clinical Medicine.",2025,Not explicitly mentioned,Not explicitly mentioned
Neurofilament light chain (NFL),Protein,Immunoassay (Simoa technology or similar),Serum,Diagnostic,Biomarker for acute neurotoxic damage/sensorimotor impairment,Chemotherapy-induced polyneuropathy (CIPN),Subjective neuropathy symptoms and nerve conduction measurement (NCS) throughout curative or continuous treatment,"Stephan, L. U., et al. (2025). Chemotherapy-induced polyneuropathy - diagnostic challenges and the potential of neurofilament as a biomarker for sensorimotor impairment. Journal of Neurology.",2025,Germany,Berlin
SOX11 methylation (ctDNA SOX11-RMV),DNA,Quantitative methylation-specific PCR (qMSP),Plasma (ctDNA),Prognostic,Stratification of Recurrence-Free Survival (RFS),Locally-Advanced Rectal Cancer (LARC),RFS rates comparison between high and low Relative Methylation Values (RMV),"Sugimoto, K., et al. (2025). Circulating Tumor DNA Methylation Is a Biomarker of Poor Recurrence-free Survival in Locally-Advanced Rectal Cancer. Anticancer Research. [title, 153, 156]",2025,Japan,Not explicitly mentioned
Circulating tumor DNA (ctDNA),DNA,Targeted Next-Generation Sequencing (NGS) (Roche AVENIO panel),Plasma and tumor tissue,Prognostic,Investigate tumor burden and prediction of OS and PFS,Resectable Gastric Cancer (GC),3-year survival status; Overall Survival (OS) and Progression-Free Survival (PFS),"Liu, Z., et al. (2025). Circulating tumor DNA analysis for prediction of prognosis and molecular insights in patients with resectable gastric cancer: results from a prospective study. MedComm. [title, 180, 195]",2025,China,Shanghai
ctDNA MRD (Labcorp® Plasma Detect™),DNA,Whole Genome Sequencing (WGS)-based tumour-informed test,Plasma,Prognostic,Detection of minimal residual disease (MRD) after surgery or ACT,Stage III Colon Cancer,3-year recurrence rate comparison between ctDNA-positive and ctDNA-negative patients,"Rubio-Alarcón, C., Georgiadis, A., et al. (2025). Circulating tumour DNA in patients with stage III colon cancer - multicentre prospective PROVENC3 study. The British Journal of Surgery. [title, 213]",2025,The Netherlands,Multicentre
PROSTest,Gene (RNA),RT-qPCR (27-mRNA gene expression algorithm),Whole blood,Diagnostic,PCA detection and correlation with Poorer OS/MRD,Prostate Cancer,Sensitivity and specificity (90% threshold) distinguishing PCa from controls,"Rahbar, K., et al. (2025). Clinical Sensitivity and Specificity of the PROSTest in an American Cohort. The Prostate. [title, 230, 234]",2025,USA,Connecticut
lncRNA UCA1,RNA,qRT-PCR (SYBR Green),Formalin-fixed paraffin-embedded (FFPE) tissue,Diagnostic,Differentiation of benign (EP) from malignant (EC) lesions,Endometrial Cancer (EC) versus Endometrial Polyp (EP),Area under the curve (AUC = 0.98) for EC vs. Control diagnosis,"Bulbul, C. B., et al. (2025). Comparison of Long Non-Coding RNA Expressions in Endometrial Polyp and Endometrial Cancer Cases. Diagnostics. [title, 246, 250]",2025,Türkiye,Balikesir
"Comprehensive Genomic Profiling (CGP) features (TMB, MSI, sBRCA)",DNA and RNA,Targeted hybrid capture-based NGS (TruSight Oncology 500),FFPE and fresh tumor tissue,Predictive and Prognostic,Personalized genomics-driven treatment recommendation,Solid Tumors (Multicancer cohort),Change in therapy based on CGP and multidisciplinary molecular tumor board (MTB) recommendations,"Ghosh, M., et al. (2025). Comprehensive genomic profiling reveals a unique genomic landscape in solid tumors in an Indian cancer cohort of 1000 patients: a single institutional experience. Scientific Reports. [title, 272]",2025,India,"Bangalore, Karnataka"
Daxx,DNA (CNV) and Protein (IHC),Whole Exome Sequencing (WES) and Immunohistochemistry (IHC),Endoscopic biopsies and postsurgical tumor specimens,Predictive,Predict response to Neoadjuvant Chemoradiotherapy (NACRT),Locally Advanced Rectal Cancer (LARC),Tumor regression grade (TRG) and survival benefit (DFS),"Zhu, X., et al. (2025). Daxx Variation as a Potential Predictive Marker of the Therapeutic Response to Neoadjuvant Chemoradiotherapy in Locally Advanced Rectal Cancer. Cancer Medicine. [title, 306]",2025,China,Nanjing
Metabolic Signatures,Other (Metabolites),Random forest model / untargeted metabolomics,Serum,Diagnostic,Progression monitoring from hepatitis to cirrhosis to HCC,"Chronic Hepatitis B (CHB), Cirrhosis (HBC), and HCC",Diagnostic performance (AUC) in distinguishing disease stages,"Yu, S., et al. (2025). Detection of metabolic signatures implicated in the progression from hepatitis to cirrhosis to hepatocellular carcinoma. iLIVER. [title, 325, 327]",2025,China,Beijing
"PRIME (comprising CYFRA-211, AFP, CEA, HBsAg)",Other (Integrative Risk Model),LASSO-based feature selection / supervised machine learning,Blood,Diagnostic,Penta-cancer early risk identification and stratification,"Multi-cancer (Lung, esophageal, gastric, liver, colorectal)",5-year incidence probability and yield rate of cancer/precancerous lesions,"Zhao, R., et al. (2025). Development and validation of an integrative 54 biomarker-based risk identification model for multi-cancer in 42,666 individuals: a population-based prospective study to guide advanced screening strategies. Biomarker Research. [title, 331, 341]",2025,China,Taizhou
PSMA,Protein,[68Ga]Ga-PSMA-11 PET/MRI,PET/MRI Scan (In situ),Diagnostic,Characterizing indeterminate LI-RADS 3 observations,Hepatocellular Carcinoma (HCC),Classification of observations as HCC (upgrade to LR-4/5 or growth) or benign stability within 12 months,"Catalano, O. A., et al. (2025). Diagnostic Performance of PSMA PET-MRI in Characterizing LI-RADS 3 Observations in Patients. Journal of Nuclear Medicine. [title, 372, 374]",2025,Not explicitly mentioned,Not explicitly mentioned
methylated PENK gene,DNA,Earlytect BCD assay (LTE-qMSP),Urine,Diagnostic,Non-invasive detection of urothelial carcinoma,Urothelial Carcinoma (Bladder and UTUC),Sensitivity (94.1%) and specificity (95.8%) for UC detection vs other cancers,"Lee, S., et al. (2025). Diagnostic accuracy of urinary PENK methylation test for urothelial and other cancers: A prospective study. Scientific Reports. [title, 378, 385]",2025,South Korea,Seoul
hPG80 (circulating progastrin),Protein,ELISA assay (DxPG80.Lab kit),Blood,Diagnostic,Evaluation across multiple (16) cancer types,"Multi-cancer cohort (Lung, Breast, HCC, etc.)",Area under the ROC curve (AUC = 0.63) comparing baseline cancer levels to healthy subjects,"You, B., et al. (2025). Diagnostic value of the wnt target and cancer-associated blood biomarker hPG80: ONCOPRO case-control prospective study. Biomarker Research. [title, 398, 416]",2025,France,Lyon
ctHPVDNA (HPV WGS),DNA,HPV-DeepSeek (WGS hybrid capture),Blood/Plasma,Diagnostic,Early detection and diagnostic accuracy improvement,HPV-associated Head and Neck Cancer (HPV+HNSCC),"Sensitivity, specificity, and Positive Predictive Value (PPV) modeled for screening efficiency","Bryan, et al. (2025). Direct Comparison of Alternative Blood-Based Approaches for Early Detection and Diagnosis of HPV-associated Head and Neck Cancers. Clinical Cancer Research. [title, 429, 437]",2025,USA,Massachusetts
Early tumor volume reduction,Other (Imaging Metric),Dynamic Contrast-Enhanced (DCE) MRI,MRI Scan (In situ),Predictive,Prediction of pathologic complete response (pCR) to Neoadjuvant Systemic Therapy (NAST),Triple Negative Breast Cancer (TNBC),pCR defined as no residual invasive disease (ypT0/ypTis/ypN0),"Guirguis, M. S., et al. (2025). Early tumor volume reduction by breast DCE MRI predicts pathologic complete response to neoadjuvant therapy in triple negative breast cancer. NPJ Breast Cancer. [title, 460]",2025,USA,Texas (Houston)
KRAS signaling pathway,Gene (Activation status),RNA sequencing (Transcriptomic analysis),Blood or bone marrow,Predictive,Association with outcomes in blast phase patients,Chronic Myeloid Leukemia (CML) in myeloid blast phase,Attainment (or loss) of Major Hematologic Response (MaHR); progression-free survival,"Bao, M., et al. (2025). Efficacy, safety and predictive biomarker of third-generation tyrosine kinase inhibitors with azacitidine in myeloid blast phase of chronic myeloid leukemia. Cancer. [title, 473]",2025,China,Not explicitly mentioned
Serum spectral signature (MIRS),Other (Metabolomic fingerprint),Mid-infrared spectroscopy (MIRS),Serum,Prognostic,Metabolomic fingerprinting for risk of disease progression,Metastatic Colorectal Cancer (mCRC),Progression-free survival (PFS) and Overall Survival (OS),"Chautard, R., et al. (2025). Evaluation of serum mid-infrared spectroscopy as new prognostic marker for first-line bevacizumab-based chemotherapy in metastatic colorectal cancer. Digestive and Liver Disease. [title, 492, 508]",2025,France,Tours
lncRNA OIP5 and CCAT1,RNA,Reverse transcription polymerase chain reaction (RT-PCR),Tissue biopsy and plasma,Predictive,Association with radiotherapy resistance,Oral Squamous Cell Carcinoma (OSCC),"Treatment response categorization (CR, PR, SD, PD) as per RECIST 1.1","An, G., et al. (2025). Expression of Long Non-coding RNA in Oral Squamous Cell Carcinoma and Its Implication in Response to Radiation Therapy. Cureus. [title, 517, 521]",2025,India,"Madurai, Tamil Nadu"
Fibulin-3,Protein,Soluble protein measurement,Plasma and Pleural Effusion,Diagnostic and Prognostic,Enhancing diagnostic accuracy and monitoring therapeutic response,Malignant Pleural Mesothelioma (MPM),Suspicious cytology; Screen at-risk populations and asbestos-exposed individuals,"Adamic, K., et al. (2025). Fibulin-3 in plasma and pleural effusion as a biomarker of mesothelioma. Radiology and Oncology.",2025,Not explicitly mentioned,Not explicitly mentioned
Hepcidin,Protein,HS competitive-ELISA kit,Cerebrospinal fluid (CSF) and serum,Diagnostic and Prognostic,Predict presence and outcome of LMD in metastatic patients,Leptomeningeal Metastases (LMD) in Breast Cancer,AUC comparison for LMD detection vs CSF cytology gold standard; OS and neurological degradation-free survival,"Delaby, C., et al. (2025). Hepcidin as an emerging predictor biomarker of leptomeningeal metastases in patients with metastatic breast cancer. BMC Cancer. [title, 554]",2025,France,Montpellier
HPV Genotyping and Viral Load,DNA,HPV quantitative typing test,Not explicitly mentioned,Predictive,Predict progress of cervical lesions,Cervical Lesions (Cancer screening context),"Progression of cervical lesions; Bethesda system cytological classification (ASCUS, LSIL, HSIL, etc.)","Zhou, Y., et al. (2025). Human Papillomavirus Genotyping and Viral Load as a Predictor of Cervical Lesions - A Prospective Study. Journal of Medical Virology. [title, 571]",2025,Not explicitly mentioned,Not explicitly mentioned
uNGAL/Cr and SDMA,Protein (NGAL) and Other (SDMA),dog-specific sandwich ELISA (NGAL) and mass spectrometry (SDMA),Urine and Serum,Diagnostic and Prognostic,Indicators of tumor presence and metastatic potential (in dogs),Carcinoma and Sarcoma,Presence of metastasis; histological evidence of tumor types,"Rixon, A., et al. (2025). Influence of Carcinoma and Sarcoma on Neutrophil Gelatinase-Associated Lipocalin and Symmetric Dimethylarginine Concentrations. Journal of Veterinary Internal Medicine. [title, 579]",2025,Not explicitly mentioned,Not explicitly mentioned
Integrative cfDNA and tumor volume dynamics,Other (Multimodal Kinetic Model),K-means clustering of cfDNA NGS and CT volume parameters,Peripheral blood and chest CT scans,Prognostic,Assessment of treatment response and prognosis,Localized Non-Small Cell Lung Cancer (NSCLC),Mean progression-free survival (responder stratification: 44.2 vs 16.6 months),"Choi, J., et al. (2025). Integrative modeling of longitudinal cell-free DNA and tumor volume dynamics: a multimodal quantitative prognostic framework. Translational Lung Cancer Research. [title, 603, 611]",2025,Korea,Seoul
Lesion Stiffness,Other (Mechanical Property),Magnetic Resonance Elastography (MRE),MRI/MRE Scan (In situ),Diagnostic,"Differentiating Benign, Premalignant, and Malignant prostate lesions",Prostate Cancer,"Biopsy results and PI-RADS score correlation [title, 630, 631]","(2025). Lesion Stiffness Measured by Magnetic Resonance Elastography - A Novel Biomarker for Differentiating Benign, Premalignant and Malignant Prostate. Diagnostics. [title, 630]",2025,Turkey,Istanbul
Circulating methylated GCM2 and TMEM240,DNA,Quantitative methylation-specific PCR (QMSP),Plasma (cfDNA),Diagnostic and Prognostic,Noninvasive monitoring of breast cancer progression,Breast Cancer,Recurrence or distant metastasis; associations with tumor size and late-stage disease,"Hung, C. S., et al. (2025). Monitoring breast cancer progression through circulating methylated GCM2 and TMEM240 detection. Clinical Epigenetics. [title, 705, 718]",2025,Taiwan and USA,Taipei
miR-129,RNA,TaqMan MicroRNA qPCR,Gastric juice,Diagnostic and Prognostic,Tumor suppressor; molecular biomarker associated with vascular pathology,Gastric Cancer,"TNM staging and correlation with elevated serum biomarkers (CEA, CA 19-9, LDH2)","Birsan, S., et al. (2025). miR-129 as a Molecular Biomarker in Gastric Cancer and Its Association with Neurodegenerative and Vascular Pathology. Life. [title, 818]",2025,Not explicitly mentioned,Not explicitly mentioned
Circulating tumor DNA (ctDNA),DNA,personalized multiplex PCR-NGS assays (Signatera™),Plasma,Prognostic,Predicting early recurrence detection in patients,Merkel cell carcinoma (MCC),Median time to clinical recurrence following curative treatment,"Akaike T, Thakuria M, Silk AW, et al. Circulating tumor DNA level is associated with time to clinical recurrence in Merkel cell carcinoma: Implications for patient management. J Am Acad Dermatol. 2026; 92.",2026,United States,"Washington, Massachusetts, California, Illinois, Florida, Texas"
Cytokeratin 19-Fragments (CYFRA 21-1),Protein,Luminex x MAP technology,Serum,Diagnostic,Assessing clinical significance and emerging phenotypes,Pancreatic Adenocarcinoma,ROC curve diagnostic accuracy and correlation with weight loss,"Dima AC, Balaban DV, Stanescu-Spinu II, et al. Clinical Significance of Cytokeratin 19-Fragments (CYFRA 21-1), Osteopontin (OPN) and Human Epididymis Protein 4 (HE4) in Pancreatic Adenocarcinoma. Int J Mol Sci. 2026; 27(3): 1562.",2026,Romania,Bucharest
Osteopontin (OPN),Protein,Luminex x MAP technology,Serum,Diagnostic,Evaluation of diagnostic accuracy for adenocarcinoma,Pancreatic Adenocarcinoma,Multivariate analysis predictor performance for cancer detection,"Dima AC, Balaban DV, Stanescu-Spinu II, et al. Clinical Significance of Cytokeratin 19-Fragments (CYFRA 21-1), Osteopontin (OPN) and Human Epididymis Protein 4 (HE4) in Pancreatic Adenocarcinoma. Int J Mol Sci. 2026; 27(3): 1562.",2026,Romania,Bucharest
Human Epididymis Protein 4 (HE4),Protein,Luminex x MAP technology,Serum,Diagnostic,Assessing value as a poorly characterized marker,Pancreatic Adenocarcinoma,Area under the receiver operating characteristic curve,"Dima AC, Balaban DV, Stanescu-Spinu II, et al. Clinical Significance of Cytokeratin 19-Fragments (CYFRA 21-1), Osteopontin (OPN) and Human Epididymis Protein 4 (HE4) in Pancreatic Adenocarcinoma. Int J Mol Sci. 2026; 27(3): 1562.",2026,Romania,Bucharest
Ki-67,Protein,Immunohistochemical (IHC) profiling,Tumor tissue,Prognostic,Acting as a marker of proliferative activity,Hepatocellular Carcinoma (HCC),Quantification of proliferating cells in patient-derived organoids,"Lo Re O, Corti C, Cerrito L, et al. Establishment of Patient-Derived Organoids from Hepatocellular Carcinoma: Preliminary Data on Yield, Histopathological Concordance, and Methodological Challenges. Cells. 2026; 15.",2026,Italy,"Rome, Palermo"
IVIM-derived pure diffusion coefficient (D),Other (MRI metric),Intravoxel incoherent motion (IVIM) MRI,In situ (nasopharyngeal tumor),Predictive,Predicting short-term therapeutic response to CCRT,Nasopharyngeal Carcinoma (NPC),Classification into complete vs. non-complete response at 6 months,"Zhao C, Xie L, He M, et al. Non-invasive imaging biomarkers of cellular injury and proliferation in nasopharyngeal carcinoma: insights from multiparametric MRI. Front Cell Dev Biol. 2025; 13: 1684620.",2025,China,"Yichang, Hubei"
DCE-derived volume transfer constant (Ktrans),Other (MRI metric),Dynamic contrast-enhanced MRI (DCE-MRI),In situ (nasopharyngeal tumor),Predictive,Reflecting tissue perfusion and permeability for efficacy,Nasopharyngeal Carcinoma (NPC),Predictive accuracy for 6-month therapeutic response to chemotherapy,"Zhao C, Xie L, He M, et al. Non-invasive imaging biomarkers of cellular injury and proliferation in nasopharyngeal carcinoma: insights from multiparametric MRI. Front Cell Dev Biol. 2025; 13: 1684620.",2025,China,"Yichang, Hubei"
Intratumoral and peritumoral radiomic features,Other (High-dimensional image data),Multiparametric 3T breast MRI,In situ (breast tissue),Predictive,noninvasively characterizing tumor microenvironment status,Invasive breast cancer,Mean area under the ROC curve for predicting TME components,"Kim ES, Ham S, Seo BK, et al. Optimized prediction of breast cancer tumor microenvironment using MRI-based intratumoral and peritumoral radiomics: a prospective study. Front Oncol. 2025; 15: 1654508.",2025,South Korea,Ansan
Prostate cancer antigen 3 (PCA3),Other (noncoding RNA),Validated assay / Diagnolita urinary test,Urine,Diagnostic,Enhancing detection of clinically significant cancer,Prostate cancer (PCa),AUC for PCa detection compared to PCPTRC2,"Kemesiene J, Nicolau C, Cholstauskas G, et al. Performance of PCA3 and TMPRSS2:ERG Within the Prostate Cancer Prevention Trial Risk Calculator Version 2 in a Lithuanian Cohort. Res Rep Urol. 2025; 17: 95-103.",2025,Lithuania,"Kaunas, Vilnius"
TMPRSS2:ERG gene fusion (T:E),DNA,Validated assay / Diagnolita urinary test,Urine,Diagnostic,Enhancing detection of clinically significant cancer,Prostate cancer (PCa),Partial AUC sensitivity range for high-grade disease,"Kemesiene J, Nicolau C, Cholstauskas G, et al. Performance of PCA3 and TMPRSS2:ERG Within the Prostate Cancer Prevention Trial Risk Calculator Version 2 in a Lithuanian Cohort. Res Rep Urol. 2025; 17: 95-103.",2025,Lithuania,"Kaunas, Vilnius"
VEGF-A,Protein,chemiluminescence technique,Serum,Prognostic,Predicting survival in bevacizumab-treated patients,Metastatic Colorectal cancer (CRC),24-month death risk from diagnosis or treatment initiation,"Moisuc DC, Marinca MV, Gafton B, et al. Predicting Survival in Bevacizumab-Treated Colorectal Cancer: Personalized Mathematical Models Based on Clinical and Angiogenic Biomarkers. Int J Mol Sci. 2025; 26: 9332.",2025,Romania,Iasi
VEGF-D,Protein,chemiluminescence technique,Serum,Prognostic,Predicting survival in bevacizumab-treated patients,Metastatic Colorectal cancer (CRC),24-month mortality assessment adjusted for clinical factors,"Moisuc DC, Marinca MV, Gafton B, et al. Predicting Survival in Bevacizumab-Treated Colorectal Cancer: Personalized Mathematical Models Based on Clinical and Angiogenic Biomarkers. Int J Mol Sci. 2025; 26: 9332.",2025,Romania,Iasi
Soluble B-Cell Maturation Antigen (sBCMA),Protein,Human BCMA/TNFRSF17 DuoSet ELISA,Peripheral blood,Predictive,Monitoring early treatment efficacy and response,Multiple myeloma (MM),percentage decrease at 1 and 6 months post-therapy,"Caponi L, Del Giudice ML, Botti A, et al. Predictive Role of Soluble B-Cell Maturation Antigen in Short-Term Monitoring of Differently Treated Multiple Myeloma Patients: A Prospective Study. J Clin Lab Anal. 2025.",2025,Italy,Pisa
Lymphocyte-to-Monocyte Ratio (LMR),Other (inflammation score),Complete blood count with differential,Peripheral blood,Prognostic,Predicting survival outcomes in advanced disease,Unresectable Biliary tract cancer (BTC),Median survival time compared between high/low LMR groups,"Suzuki H, Kuwano A, Takahira J, et al. Prognostic Significance of Lymphocyte-to-Monocyte Ratio in Patients With Unresectable Biliary Tract Cancer Undergoing Systemic Chemotherapy. Cancer Diagn Progn. 2025; 5: 132-137.",2025,Japan,"Iizuka, Fukuoka"
Genomic DNA (gDNA),DNA,Extraction and quantification method,Serum,Prognostic,predicting clinical outcomes in metastatic patients,Epithelial Ovarian Cancer (EOC),Hazard ratio for overall survival at 47 months,"Ricciuti J, Liu Q, Khan ANMH, et al. Prognostic Significance of Serum Complement Activation, Neutrophil Extracellular Traps and Extracellular DNA in Newly Diagnosed Epithelial Ovarian Cancer. Gynecol Oncol. 2025; 193: 49-57.",2025,United States,"Buffalo, NY; Pittsburgh, PA"
Myeloperoxidase (MPO),Protein,Concentration measurement,Serum,Prognostic,Indicating neutrophil activation and worse survival,Epithelial Ovarian Cancer (EOC),12-month progression-free survival in stage III-IV patients,"Ricciuti J, Liu Q, Khan ANMH, et al. Prognostic Significance of Serum Complement Activation, Neutrophil Extracellular Traps and Extracellular DNA in Newly Diagnosed Epithelial Ovarian Cancer. Gynecol Oncol. 2025; 193: 49-57.",2025,United States,"Buffalo, NY; Pittsburgh, PA"
ctDNA and ctRNA (LiquidHALLMARK),DNA and RNA,Amplicon-based next-generation sequencing,blood/plasma,Diagnostic,Identifying guideline-recommended molecular alterations,Metastatic Non-Small Cell Lung Cancer (NSCLC),diagnostic yield of gene rearrangements and overall sensitivity,"Samol J, Ng D, Poh J, et al. Prospective Multicenter Study Evaluating a Combined Circulating Tumor DNA and Circulating Tumor RNA Liquid Biopsy in Metastatic Non–Small Cell Lung Cancer (LIQUIK). JCO Precis Oncol. 2025; 9.",2025,"United States, Singapore",-
Serum gp100,Protein,commercial ELISA kit,Serum,Prognostic,predicting metastatic development and clinical risk,Early-Stage Uveal Melanoma (UM),Occurrence of metastatic disease during follow-up period,"Bande MF, Piñeiro C, Lago-Baameiro N, et al. Serum gp100 as an Independent Prognostic Biomarker in Early-Stage Uveal Melanoma. Invest Ophthalmol Vis Sci. 2025; 66(6): 80.",2025,Spain,Santiago de Compostela
Serum lactate and pyruvate,Other (metabolites),high-performance liquid chromatography-tandem mass spectrometry,Serum,Predictive,Predicting chemoimmunotherapy efficacy and survival,Advanced Gastric Cancer,6-month progression-free and 12-month overall survival rates,"Liu C, Dai Y, Wang J, et al. Serum pyruvate and lactate predict immunotherapy efficacy in advanced gastric cancer: a prospective biomarker study. Front Immunol. 2025; 16: 1663362.",2025,China,"Huai’an, Jiangsu"
AFP-L3 and DCP,Protein,?TASWakoi30 assay,Plasma,Prognostic,Monitoring residual disease and progression risk,Unresectable Hepatocellular Carcinoma (HCC),Duration of overall complete response and overall survival,"Núñez K, Sandow T, Burton J, et al. Sustained AFP-L3 or DCP expression is associated with progression risk and inferior outcomes in unresectable hepatocellular carcinoma. Clin Exp Med. 2025; 25: 328.",2025,United States,Louisiana
Cytoplasmic Galectin-3 (Gal-3),Protein,Immunohistochemistry (clone 9C4),Tumor and immune cells,Predictive,serving as a biomarker for chemotherapy response,Unresectable Non-Small Cell Lung Cancer (NSCLC),16.81-month overall survival in high-expression subgroups,"Aazzane O, Mellouki A, Fathi S, et al. The Predictive Significance of Galectin 3 Expression in Patients with Unresectable Non-Small Cell Lung Cancer without EGFR or ALK Mutations Treated Platinum-Based Doublet Chemotherapy. Asian Pac J Cancer Prev. 2025; 26(4): 1407-1419.",2025,Morocco,Casablanca
Circulating tumor cell (CTC) count,Other (cells),modified isolation by size (ISET),blood,Diagnostic,Differentiating between benign and malignant nodules,Pulmonary Nodules (PNs),diagnostic sensitivity and specificity for Identifying malignancy,"Wang S, Xu C, Xu X, et al. The Role of Circulating Tumor Cell as a Promising Biomarker in the Evaluation of Pulmonary Nodules: A Prospective Study. Cancer Res Treat. 2026; 58(1): 128-140.",2026,China,Beijing
Chlamydia pneumoniae (Cpn) IgA,Other (antibody),micro-immunofluorescence kit,Serum,Prognostic,association between chronic infection and prognosis,Primary Lung Cancer,five-year survival rate following surgical diagnosis,"Liu M, Ye H, Lin T, et al. The association between Chlamydia pneumoniae infection and prognosis in lung cancer patients: a prospective study. BMC Infect Dis. 2025; 25: 119.",2025,China,Fuzhou
Transient hepatic intensity differences (THID),Other (MRI finding),contrast-enhanced MRI,In situ (liver scans),Predictive,Predicting treatment outcomes and adverse events,Hepatocellular Carcinoma (HCC),progression-free survival and overall survival post-TACE,"Opara NC, Zhou S, et al. Transient hepatic intensity differences: correlations with treatment outcomes and adverse events following DEB-TACE in unresectable hepatocellular carcinoma. Insights Imaging. 2025.",2025,-,-
soluble CD36 (sCD36),Protein,human sCD36 ELISA kit,Serum,Prognostic,predicting progression and recurrence risk,T2DM-Associated Hepatocellular Carcinoma,"Recurrence rates at 1, 3, 6, and 12 months","Dai W, Yang F, et al. sCD36 as a Biomarker for Progression and Recurrence in Type 2 Diabetes Mellitus Associated Hepatocellular Carcinoma. J Hepatocell Carcinoma. 2025.",2025,China,Chongqing
