PMID,Title,Authors,Journal,Year,DOI,PMC_ID,Free_PMC,PDF_Downloaded,PDF_Filename
41634201,RNA sequencing reveals differential expression of circular RNAs in human small cell lung cancer.,Saxena V; Abhilash D; Budhraja A; Dey S; Tiwari P; Mohan A; Gupta I; Kumar S,Scientific reports,2026,10.1038/s41598-026-38145-y,,No,No,
41563517,Contributions of selenoproteins to breast cancer etiology and racial disparity.,Bera S; Liu L; Ma W; Xu Z; Sverdlov M; Deaton R; Macias V; Valyi-Nagy K; Kajdacsy-Balla A; Hoskins K; Wiley EL; Kastrati I; Diamond AM,Cancer causes & control : CCC,2026,10.1007/s10552-025-02123-y,PMC12823618,Yes,Yes,PMID_41563517_PMC12823618.pdf
41559111,Gene regulatory network transitions reveal the central transcription factors in lung adenocarcinoma progression.,Ray U; Singh A; Samanta D; Dhar R,NPJ systems biology and applications,2026,10.1038/s41540-025-00640-9,PMC12873405,Yes,Yes,PMID_41559111_PMC12873405.pdf
41522921,Evaluation of microRNA Expression Profiles as Diagnostic and Prognostic Biomarkers in Oral Squamous Cell Carcinoma: A Molecular Approach.,Abdul NS; Shenoy M; Shivakumar GC; Patel S; Jyoti B; Shivakumar S,Journal of pharmacy & bioallied sciences,2025,10.4103/jpbs.jpbs_1422_25,PMC12788544,Yes,No,
41505877,"Expression Analysis, Diagnostic and Prognostic Accuracy of microRNAs in Oral Cancer: An Overview With Meta-Analysis.",Nair AS; Sujir N; Sen D; Ahmed J; Shenoy N; Shenoy R; Mallya SM,International dental journal,2026,10.1016/j.identj.2025.109305,PMC12808973,Yes,Yes,PMID_41505877_PMC12808973.pdf
41477365,"Expression of DKK1, HOXC6, and YKT6 Genes in Subjects With Oral Squamous Cell Carcinoma Residing in Central India: A Case-Control Study.",Haldar U; Gopal N; Prathipati K; Balkrishna AD; John JE,Cureus,2025,10.7759/cureus.98056,PMC12750472,Yes,Yes,PMID_41477365_PMC12750472.pdf
41459856,In Silico Analysis of the Role of Estrogen Signaling in the Expression of Metabolic Genes in Breast Cancer.,Mazumder A; Suryansh S; Sahoo OS; Singh P; Goel I; Talukdar J; Srivastava T; Ranjan P; Rai A; Dhar R; Karmakar S,Asian Pacific journal of cancer prevention : APJCP,2025,10.31557/APJCP.2025.26.12.4419,,No,No,
41457853,What Drives Aggressiveness of Smoker Lung Adenocarcinoma? Potential Role of Nicotine-Responsive Neuropeptides Neurotensin and Calcitonin-Related Polypeptide Alpha.,Dasgupta S,Omics : a journal of integrative biology,2025,10.1177/15578100251408265,,No,No,
41454044,Establishing molecular biomarkers for efficient demarcation of tumor and non-tumor tissue in oral squamous cell carcinoma.,Gupta K; Raval I; Puvar A; Shaikh S; Joshi M; Joshi C; Shah S; Shah A; Pandya S,Scientific reports,2025,10.1038/s41598-025-33758-1,PMC12852831,Yes,Yes,PMID_41454044_PMC12852831.pdf
41451347,Identification and validation of tumor microenvironment-related therapeutic targets in gastric cancer using integrated multi-omics and molecular docking approaches.,Oli M MK; Syed Masood JAI,Frontiers in bioinformatics,2025,10.3389/fbinf.2025.1654326,PMC12727970,Yes,Yes,PMID_41451347_PMC12727970.pdf
41405767,Multi-omics integration reveals CYP2B6 as a central node in the molecular landscape of non-small cell lung cancer.,Tripathi V; Khare A; Dwivedi VD; Ranjan V,"Medical oncology (Northwood, London, England)",2025,10.1007/s12032-025-03116-2,,No,No,
41392150,Identification of a chromatin-modifying gene-histone lysine N-methyl transferase (KMT2C/MLL3) as a potential immunomodulator oncogene in Indian pancreatic cancer patients.,Choudhury S; Bararia A; Maiti A; Saha S; Mukherjee S; Chakraborty S; Pal A; Ghosh S; Chattopadhay BK; Banerjee S; Ghatak S; Dastidar DG; Sikdar N,European journal of medical research,2025,10.1186/s40001-025-03661-6,PMC12821199,Yes,Yes,PMID_41392150_PMC12821199.pdf
41339651,Integrated profiling reveals polarity protein dysregulation during oral cancer progression.,Ghose S; Chaudry UR; Chakravarty S; Sarangi S; Biswas NK; Baral R; Ray D,Scientific reports,2025,10.1038/s41598-025-27447-2,PMC12700890,Yes,Yes,PMID_41339651_PMC12700890.pdf
41275370,"Identification of novel lead molecules against the EGFR kinase domain using structure-based virtual screening, molecular docking, and molecular dynamics simulations.",Jannu M; Vankadoth UN; Amineni U; Jinka R,Journal of receptor and signal transduction research,2025,10.1080/10799893.2025.2590462,,No,No,
41191189,Aurora Kinase A inhibitor alisertib failed to exert its efficacy on TNBC cells due to consequential enrichment of polyploid giant cancer cells (PGCCs).,Thakur D; Sengupta D; Kar S; Chakrabarti J; Sen S; Hajra S; Laha A; Mahapatra E; Das S; Karmakar P; Mukherjee S,Discover oncology,2025,10.1007/s12672-025-03825-0,PMC12589761,Yes,Yes,PMID_41191189_PMC12589761.pdf
41186627,Systems biology-driven identification of biomarkers and significant pathways in radiation-induced hormone-sensitive cancers.,Anbarasu S; Balaji S; Ramaiah S; Anbarasu A,Discover oncology,2025,10.1007/s12672-025-03892-3,PMC12586841,Yes,Yes,PMID_41186627_PMC12586841.pdf
41179636,Exploring Breast Cancer-Associated Genes: A Comprehensive Analysis and Competitive Endogenous RNA Network Construction.,Charu Meena H; Sagaya Jansi R; Aishwarya S; Balamurugan S; Praveen Kumar P,Archives of Razi Institute,2025,10.32592/ARI.2025.80.2.347,PMC12572701,Yes,Yes,PMID_41179636_PMC12572701.pdf
41151853,Investigating the Roles of MAPKs as Precision Oncology Targets: A Multi-cancer Expression and Survival Study.,Sulaimani MN; Singh P; Saeed MU; Zaidi S; Hussain A; Alajmi MF; Shamsi A; Dohare R; Hassan MI,Cancer genomics & proteomics,2025,10.21873/cgp.20552,PMC12577606,Yes,Yes,PMID_41151853_PMC12577606.pdf
41135895,The role of MUC2 in cancer - Biological significance and therapeutic implications: A review.,Mishra A; Vishwa R; Alqahtani MS; Abbas M; Sethi G; Ma Z; Kunnumakkara AB,International journal of biological macromolecules,2025,10.1016/j.ijbiomac.2025.148480,,No,No,
41121066,Metal ion transporter SLC39A14-mediated ferroptosis and glycosylation modulate the tumor immune microenvironment: pan-cancer multi-omics exploration of therapeutic potential.,Chiang YC; Wang CY; Kumar S; Hsieh CB; Chang KF; Ko CC; Chang CH; Lin HR; Wu CJ; Yuan CH; Xuan DTM; Ngadio JL; Solomon DD; Wulandari FS; Lin HY; Yang SF; Lee YK,Cancer cell international,2025,10.1186/s12935-025-04003-6,PMC12539127,Yes,Yes,PMID_41121066_PMC12539127.pdf
41034425,Functional characterization of dysregulated LncRNAs in BRCA and CESC highlights their role in cancer prognosis.,Sharma M; Chourasia N; Priyanka P; Sarkar DP; Nag A; Saxena S,Scientific reports,2025,10.1038/s41598-025-16436-0,PMC12489001,Yes,Yes,PMID_41034425_PMC12489001.pdf
41009435,An Integrative Bioinformatics Approach to Investigating TIMP3 and Immune Cell Infiltration: Prognostic and Clinicopathological Implications.,Bhola N; Jaiswal AK; Saluja D,International journal of molecular sciences,2025,10.3390/ijms26188867,PMC12469576,Yes,Yes,PMID_41009435_PMC12469576.pdf
41004041,Differential Expression of Lamins and Modulation of Chromatin Architecture in Carcinogenesis: tous pour un et un pour tous.,Sarkar SD; Sengupta D; Sengupta K,Sub-cellular biochemistry,2025,10.1007/978-3-032-00537-3_5,,No,No,
40999998,Cellular elasticity drives mechano-adaptation against fluid shear stress.,Mallick D; Ghosh I; Mondal T; Mondal S; Mukhopadhyay R; Joseph J; Ghosh S; Jana SS,Journal of cell science,2025,10.1242/jcs.264293,,No,No,
40996519,A Pilot Study to Investigate the Effects of Bupivacaine Nasal Treatment in Palliative Care Patients with Swallowing Difficulty.,Prasanna A; Anand C; Sunitha BS; Prasannan P; Arjun P; Upadhyay S; Bankoti N; Chandra N,Dysphagia,2025,10.1007/s00455-025-10890-8,,No,No,
40987438,Meta-Data Analysis to Explore the Interaction of the Hub-Genes interlinking SARS-CoV-2 and Cardiovascular Diseases.,Koyou HL; Ramachandran V; Salleh MN,"Pneumologie (Stuttgart, Germany)",2025,10.1055/a-2698-0433,,No,No,
40964852,Identification of Potential Salivary Biomarkers and Enriched Protein Domain/Motif Families for Early Detection and Lymph Node Invasion in OSCC Patients of the Indian Population.,Singh A; Sharma P; Balasubramani A; Shetty SP; Roy S; Vasudeva SB; Patil S; Vaish R; Nair S; Srivastava S,Journal of proteome research,2025,10.1021/acs.jproteome.5c00587,,No,No,
40936780,Antisense RNAs (asRNAs) as key players in gallbladder cancer progression: a bioinformatics analysis.,Rajput M; Dixit R; Pandey M; Shukla VK,Gastroenterology and hepatology from bed to bench,2025,10.22037/ghfbb.v18i2.3002,PMC12421934,Yes,Yes,PMID_40936780_PMC12421934.pdf
40930264,Heparanase as a therapeutic target for mitigating cancer progression.,Kumar Y; Gambhir L; Sharma G; Sharma A; Kapoor N,Biochimica et biophysica acta. Reviews on cancer,2025,10.1016/j.bbcan.2025.189441,,No,No,
40919157,Chemotherapy-induced alterations in miRNA expression and their prognostic implications in ovarian cancer.,Ranmale S; Kumar P; Tongaonkar H; Mehta S; Maniar V; Mania-Pramanik J,Frontiers in oncology,2025,10.3389/fonc.2025.1580565,PMC12411204,Yes,Yes,PMID_40919157_PMC12411204.pdf
40878342,"Expression profile of cancer stem cell markers SOX2, OCT4 & NANOG in salivary gland malignancies: A systematic review.",Sharma D; Gupta S; Koshy G; Sharma VK; Kamboj M; Hooda A,The Indian journal of medical research,2025,10.25259/IJMR_724_2024,PMC12550392,Yes,Yes,PMID_40878342_PMC12550392.pdf
40845151,"Expression profile of Claudins 3, 4, and 7 in breast tumors and its correlation with clinicopathological features.",Yadav R; Goel S; Kumari L; Dahiya D; Bal A; Bhatia A,Carcinogenesis,2025,10.1093/carcin/bgaf049,,No,No,
40839931,Identification of miR's regulating oncogenes and tumor suppressor genes in acute myeloid leukemia: A bioinformatic approach.,Alluri A; Jatin; Sarvepalli M; Khongsai CL; Mishra A; Gutti RK,Computers in biology and medicine,2025,10.1016/j.compbiomed.2025.110978,,No,No,
40834607,The effects of microbiota-derived short-chain fatty acids on T lymphocytes: From autoimmune diseases to cancer.,Saadh MJ; Allela OQB; Ballal S; Mahdi MS; Chahar M; Verma R; Al-Hussein RKA; Adil M; Jawad MJ; Al-Nuaimi AMA,Seminars in oncology,2025,10.1016/j.seminoncol.2025.152398,,No,No,
40822053,"Differential expression of miR-21, miR-222, and Let-7b in serum and follicular fluid of polycystic ovary syndrome: Correlation with biochemical parameters.",Naredi N; Misra P; Ramaswamy P; Godse R; Gambhirrao A; Madathan Kandi S; Gopinath R; Gupta A; Vashum Y,"Medical journal, Armed Forces India",2025,10.1016/j.mjafi.2024.04.003,PMC12351058,Yes,No,
40792230,"Diagnostic value of circulating lncRNAs HOTAIR, ANRIL, and MEG3 in oral squamous cell carcinoma and their correlation with clinicopathological features.",Ikram F; Mathur P; Dubey P; Verma S; Agarwal S; Tripathi S,The journal of liquid biopsy,2025,10.1016/j.jlb.2025.100315,PMC12337208,Yes,Yes,PMID_40792230_PMC12337208.pdf
40783296,Transcriptome analysis reveals crucial oncogenic and tumor suppressor miRNAs in lung adenocarcinoma.,Chaturvedi A; Som A,"Lung cancer (Amsterdam, Netherlands)",2025,10.1016/j.lungcan.2025.108540,,No,No,
40775408,Integrative analysis identifies FBXO5 as a critical mediator of CRPC progression and bone metastatic potential.,Raut R; Srivastava D; Chakraborty AK; Bais MV; Mishra P; Misra A,Discover oncology,2025,10.1007/s12672-025-03069-y,PMC12331571,Yes,Yes,PMID_40775408_PMC12331571.pdf
40760509,CACYBP expression predicts prognosis in hepatocellular carcinoma: A meta-analysis and bioinformatics validation.,Odat RM; Yasin JA; Hussein AM; Qtaishat FA; Tamimi MA; Jain H; Alshwayyat S; Hanifa H; Nguyen D,Medicine,2025,10.1097/MD.0000000000043694,PMC12324004,Yes,Yes,PMID_40760509_PMC12324004.pdf
40729078,An Automated Approach to Analyze MMP1 Expression in Oral Squamous Cell Carcinoma Using Fluorescence in Situ Hybridization: An Image Based Analysis.,Madhura MG; Vijayalakshmi KS; Veerendra KB; Sunil V; Suchetha A; Kiran K; Preethi PN; Rakshith R; Ranjith KJ; Manohar KS; Kishore BS; Naveen K; Sidramesh MS; Patil BR; Gopinath KS; Ramakant NS,Asian Pacific journal of cancer prevention : APJCP,2025,10.31557/APJCP.2025.26.7.2559,PMC12530648,Yes,Yes,PMID_40729078_PMC12530648.pdf
40647469,Dysregulated miRNA Expression and Its Association with Immune Checkpoints in Head and Neck Cancer.,Shuaib M; Saini D; Sharma G; Singh I; Gupta S; Kumar S; Kumar P,Cancers,2025,10.3390/cancers17132169,PMC12249186,Yes,Yes,PMID_40647469_PMC12249186.pdf
40637941,CaMKK2 as a therapeutic target to combat metastasis in glioblastoma.,Sindogi G; Mallya S; Paul MK; Prabhu S,Molecular biology reports,2025,10.1007/s11033-025-10813-8,,No,No,
40635988,TMPO-AS1-hsa-let-7b-5p-EZH2-RNA network predicts poor survival in basal-like breast cancer patients.,Vats P; Baweja B; Nirmal S; Singh A; Nema R,Reports of practical oncology and radiotherapy : journal of Greatpoland Cancer Center in Poznan and Polish Society of Radiation Oncology,2025,10.5603/rpor.105252,PMC12236810,Yes,Yes,PMID_40635988_PMC12236810.pdf
40578094,Decoding the role of novel long noncoding RNAs lnc-SLC6A12-1:3 and lnc-SLC6A12-7:5 in regulating the expression of GAD1 and SLC6A12 in cholangiocarcinoma.,Arun SM; Devaki NS,Computational biology and chemistry,2025,10.1016/j.compbiolchem.2025.108562,,No,No,
40547917,Multi-omics insights into biomarkers of breast cancer associated diabetes: a computational approach.,Loganathan T; Doss CGP,Frontiers in medicine,2025,10.3389/fmed.2025.1572500,PMC12179083,Yes,Yes,PMID_40547917_PMC12179083.pdf
40542771,Tumor Suppressor miRNA-based Signatures in Triple Negative Breast Cancer: A Study Based on Big Data Analysis of Gene Expression Omnibus (GEO) Datasets and Its Validation.,Unnikrishnan K; Krishnankutty Chandrika S; Ram Kumar RM; Srinivas P,Asian Pacific journal of cancer prevention : APJCP,2025,10.31557/APJCP.2025.26.6.2087,PMC12374493,Yes,Yes,PMID_40542771_PMC12374493.pdf
40457968,Extracellular Vesicles-Associated tRFs as Emerging Biomarkers in Breast Cancer.,Hussain MS; Zhang L; Ashique S,Current cancer drug targets,2025,10.2174/0115680096388071250527074008,,No,No,
40456769,Multi-omics and AI-driven immune subtyping to optimize neoantigen-based vaccines for colorectal cancer.,Vasudevan K; T D; Hebbar SR; Selvam PK; Rambabu M; Anbarasu K; Rohini K,Scientific reports,2025,10.1038/s41598-025-01680-1,PMC12130252,Yes,Yes,PMID_40456769_PMC12130252.pdf
40353466,Excessive Urinary p75ecd is a Potential Indicator of Amyotrophic Lateral Sclerosis: An American Cohort Study.,Dhasmana S; Dhasmana A; Khan S; Narula AS; Haque S; Yallapu MM; Chauhan SC,Current neuropharmacology,2025,10.2174/011570159X352364250212035802,PMC12645140,Yes,Yes,PMID_40353466_PMC12645140.pdf
40327200,Human papilloma virus infection drives unique metabolic and immune profiles in head and neck and cervical cancers: implications for targeted therapies and prognostic markers.,Hamid S; Khan MS; Khan MA; Muhammad N; Singh M; Al-Shabeeb Akil AS; Bhat AA; Macha MA,Discover oncology,2025,10.1007/s12672-025-02384-8,PMC12055723,Yes,Yes,PMID_40327200_PMC12055723.pdf
40248134,Clinical data investigation identifies MARK3 as an oncogenic driver in castration-resistant prostate cancer.,Raut R; Srivastava D; Nayak V; Saini T; Gupta P; Chakraborty AK; Choudhury C; Bais MV; Mishra P; Misra A,Biochemistry and biophysics reports,2025,10.1016/j.bbrep.2025.102003,PMC12004708,Yes,Yes,PMID_40248134_PMC12004708.pdf
40183319,"BUB1, miR-495-3p, and E2F1/E2F8 axis is associated with poor prognosis of breast cancer patients and infiltration of Th2 cells in the tumor microenvironment.",Nema R; Kumar A,Cancer biomarkers : section A of Disease markers,2025,10.1177/18758592241310109,,No,No,
40176927,LncRNAs in oncogenic microenvironment: from threat to therapy.,Roy D; Bhattacharya B; Chakravarti R; Singh P; Arya M; Kundu A; Patil A; Siva B; Mehta S; Kazi TA; Ghosh D,Frontiers in cell and developmental biology,2024,10.3389/fcell.2024.1423279,PMC11962222,Yes,Yes,PMID_40176927_PMC11962222.pdf
40049249,Expressions of selected microRNAs in gastric cancer patients and their association with Helicobacter pylori and its cag pathogenicity island.,Rai RP; Syed A; Elgorban AM; Abid I; Wong LS; Khan MS; Khatoon J; Prasad KN; Ghoshal UC,Microbial pathogenesis,2025,10.1016/j.micpath.2025.107442,,No,No,
39997610,Differential Expression of miRNAs Between Young-Onset and Late-Onset Indian Colorectal Carcinoma Patients.,Moiz S; Saha B; Mondal V; Bishnu D; Das B; Bose B; Das S; Banerjee N; Dutta A; Chatterjee K; Goswami S; Mukhopadhyay S; Basu S,Non-coding RNA,2025,10.3390/ncrna11010010,PMC11858122,Yes,Yes,PMID_39997610_PMC11858122.pdf
39939702,Influences of aqua-(2-formylbenzoato) triphenyltin(IV) on regression of hypoxic solid tumor through mitochondrial mediated pathway by inhibiting Hif-1 alpha.,Singh V; Singh R; Goswami P; Manna PP; Basu Baul TS; Mandal A; Singh AK; Koch B,Scientific reports,2025,10.1038/s41598-025-89761-z,PMC11821849,Yes,Yes,PMID_39939702_PMC11821849.pdf
39907412,Microbial signatures in head and neck squamous cell carcinoma: an in silico study.,Kavitha L; Kuzhalmozhi M; Vijayashree Priyadharsini J; Arun Kumar A; Umadevi KMR; Ranganathan K,Journal of applied oral science : revista FOB,2025,10.1590/1678-7757-2024-0392,PMC11816647,Yes,Yes,PMID_39907412_PMC11816647.pdf
39901050,Predicting the hub interactome of COVID-19 and oral squamous cell carcinoma: uncovering ALDH-mediated Wnt/β-catenin pathway activation via salivary inflammatory proteins.,Yadalam PK; Arumuganainar D; Natarajan PM; Ardila CM,Scientific reports,2025,10.1038/s41598-025-88819-2,PMC11790915,Yes,Yes,PMID_39901050_PMC11790915.pdf
39888730,"Differential gene expression analysis and machine learning identified structural, TFs, cytokine and glycoproteins, including SOX2, TOP2A, SPP1, COL1A1, and TIMP1 as potential drivers of lung cancer.",Shah SNA; Parveen R,"Biomarkers : biochemical indicators of exposure, response, and susceptibility to chemicals",2025,10.1080/1354750X.2025.2461698,,No,No,
39879695,Urine exosome biomarkers of obesity after Lekhana Basti treatment - Report of a pilot study.,Vijay B; Devkumar P; Saha G; RamachandraRao SP,Journal of Ayurveda and integrative medicine,2025,10.1016/j.jaim.2024.101043,PMC11803157,Yes,Yes,PMID_39879695_PMC11803157.pdf
39867829,Genes and proteins expression profile of 2D vs 3D cancer models: a comparative analysis for better tumor insights.,Bhuker S; Sinha AK; Arora A; Tuli HS; Datta S; Saini AK; Saini RV; Ramniwas S,Cytotechnology,2025,10.1007/s10616-025-00714-w,PMC11759753,Yes,No,
39810535,micro-RNA 451-a as a Circulating Biomarker for Neuroblastoma.,Gupta AK; Ahmad A; Kakker D; Meena JP; Majhi RK; Jan A; Seth R; Iyer V; Mallick S,"MicroRNA (Shariqah, United Arab Emirates)",2025,10.2174/0122115366361597250108075627,,No,No,
39809931,"Expression and characterization of exosomal miRNAs in healthy, sub-clinical mastitis and pasteurized milk of buffaloes.",Yoshitha KL; Ingole SD; Bharucha SV; Bhuyan M; Pharande RR; Gaikwad RV,Scientific reports,2025,10.1038/s41598-025-85690-z,PMC11733007,Yes,Yes,PMID_39809931_PMC11733007.pdf
39807101,"Molecular analysis of HPV16 and HPV18 oncogenes in oral squamous cell carcinoma: Structural, transcriptomic and ",Hussain SFJ; Abullais SS; Bottu K; Thirumani L; Misbah I; Madar IH; Alghamdi NS; Karobari MI,Oncology letters,2025,10.3892/ol.2025.14862,PMC11726278,Yes,Yes,PMID_39807101_PMC11726278.pdf
39722605,Matairesinol repolarizes M2 macrophages to M1 phenotype to induce apoptosis in triple-negative breast cancer cells.,Chaudhary A; Patil P; Raina P; Kaul-Ghanekar R,Immunopharmacology and immunotoxicology,2025,10.1080/08923973.2024.2425028,,No,No,
39673665,"Sorcin: mechanisms of action in cancer hallmarks, drug resistance and opportunities in therapeutics.",Ghosh S; Sharma A; Kumar RS; Nasare V,"Medical oncology (Northwood, London, England)",2024,10.1007/s12032-024-02580-6,,No,No,
39671715,Deubiquitinating enzymes in breast cancer: ,Sahoo G; Bandyopadhyay S; Tripathi E; Karyala P,Journal of biomolecular structure & dynamics,2024,10.1080/07391102.2024.2439046,,No,No,
39653677,"A bioinformatics analysis of gene expression in endometrial cancer, endometriosis and obesity.",Shibu S; Vasa S; Samantaray S; Joshi N; Zala D; G Chaudhari R; Chauhan K; Patel H; Parekh B; Modi A,Women & health,2025,10.1080/03630242.2024.2437493,,No,No,
39636731,Protocol for identifying key genes using network-based approach as an alternative to differential expression analysis.,Agrawal P; Hannenhalli S,STAR protocols,2024,10.1016/j.xpro.2024.103472,PMC11664135,Yes,Yes,PMID_39636731_PMC11664135.pdf
39506768,A novel ITGB8 transcript variant sustains ovarian cancer cell survival through genomic instability and altered ploidy on a mutant p53 background.,Narayanan A; More AS; Talreja M; Mali AM; Vinay SB; Bapat SA,Journal of ovarian research,2024,10.1186/s13048-024-01538-6,PMC11539462,Yes,Yes,PMID_39506768_PMC11539462.pdf
39382473,Expression profiling & functional characterization of candidate miRNAs in serum exosomes among Indians with & without HIV-tuberculosis coinfection.,Kushwaha S; Yadav R; Kumar R; Kumar S; Chauhan DS; Vir Singh A,The Indian journal of medical research,2024,10.25259/IJMR_1281_23,PMC11463872,Yes,Yes,PMID_39382473_PMC11463872.pdf
39316263,Mechanistic Regulation of Epidermal Growth Factor and Hormonal Receptors by Kinase Inhibitors and Organofluorines in Breast Cancer Therapy.,Singh J; Khanduja KL; Dahiya D; Avti PK,Cell biochemistry and biophysics,2025,10.1007/s12013-024-01546-9,,No,No,
39282627,Immune-Related Long Non-Coding RNA Signature Determines Prognosis and Immunotherapeutic Coherence in Esophageal Cancer.,Uttam V; Kapoor HS; Rana MK; Yadav R; Prakash H; Jain M; Tuli HS; Jain A,Cancer informatics,2024,10.1177/11769351241276757,PMC11401149,Yes,Yes,PMID_39282627_PMC11401149.pdf
39278984,Interdependency and differential expression of ERK1 and ERK2 in breast and melanoma cell lines.,Moulik S; Karmakar S; Basu A; Ali M; Chatterjee A,Journal of the Egyptian National Cancer Institute,2024,10.1186/s43046-024-00233-3,,No,No,
39240540,SMAR1 and p53-regulated lncRNA RP11-431M3.1 enhances HIF1A translation via miR-138 in colorectal cancer cells under oxidative stress.,Bose GS; Jindal S; Landage KG; Jindal A; Mahale MP; Kulkarni AP; Mittal S,The FEBS journal,2024,10.1111/febs.17253,,No,No,
39234567,Integrating network analysis with differential expression to uncover therapeutic and prognostic biomarkers in esophageal squamous cell carcinoma.,Khurshid S; Usmani S; Ali R; Hamid S; Masoodi T; Sadida HQ; Ahmed I; Khan MS; Abeer I; Albalawi IA; Bedaiwi RI; Mir R; Al-Shabeeb Akil AS; Bhat AA; Macha MA,Frontiers in molecular biosciences,2024,10.3389/fmolb.2024.1425422,PMC11371674,Yes,Yes,PMID_39234567_PMC11371674.pdf
39216450,Mutant P53 modulation by cryptolepine through cell cycle arrest and apoptosis in triple negative breast cancer.,Qayoom H; Mir MA,Biomedicine & pharmacotherapy = Biomedecine & pharmacotherapie,2024,10.1016/j.biopha.2024.117351,,No,No,
39169067,Unveiling FRG1's DNA repair role in breast cancer.,Shubhanjali S; Mohapatra T; Khan R; Dixit M,Scientific reports,2024,10.1038/s41598-024-70368-9,PMC11339311,Yes,Yes,PMID_39169067_PMC11339311.pdf
39116958,Molecular insights into epoxyazadiradione induced death in triple-negative breast cancer cells: A system biology approach.,Lakshmi S; Priya S,Gene,2024,10.1016/j.gene.2024.148814,,No,No,
39097557,Identifying the key hub genes linked with lung squamous cell carcinoma by examining the differentially expressed and survival genes.,Chawhan AP; Dsouza N,Molecular genetics and genomics : MGG,2024,10.1007/s00438-024-02169-8,,No,No,
39085735,CmirC update 2024: a multi-omics database for clustered miRNAs.,Ware AP; Satyamoorthy K; Paul B,Functional & integrative genomics,2024,10.1007/s10142-024-01410-2,PMC11291601,Yes,Yes,PMID_39085735_PMC11291601.pdf
39080678,Is cross-species horizontal gene transfer responsible for gallbladder carcinogenesis.,Rajput M; Pandey M; Dixit R; Shukla VK,World journal of surgical oncology,2024,10.1186/s12957-024-03492-5,PMC11287962,Yes,Yes,PMID_39080678_PMC11287962.pdf
39068453,"Cuproptosis, the novel type of oxidation-induced cell death in thoracic cancers: can it enhance the success of immunotherapy?",Zhao R; Sukocheva O; Tse E; Neganova M; Aleksandrova Y; Zheng Y; Gu H; Zhao D; Madhunapantula SV; Zhu X; Liu J; Fan R,Cell communication and signaling : CCS,2024,10.1186/s12964-024-01743-2,PMC11282696,Yes,Yes,PMID_39068453_PMC11282696.pdf
39067175,Differential expression of long non-coding RNAs in colon cancer: Insights from transcriptomic analysis.,Ahmadirad H; Pourghadamyari H; Hadizadeh M; Ali-Kheyl M; Eslami O; Afgar A; Sayadi AR; Mahmoodi M; Kesharwani P; Sahebkar A,"Pathology, research and practice",2024,10.1016/j.prp.2024.155477,,No,No,
39042905,Molecular pathogenesis of microsatellite instability-high early-stage colorectal adenocarcinoma in India.,Ariyannur P; Menon VP; Pavithran K; Paulose RR; Joy RA; Vasudevan DM,Drug metabolism and personalized therapy,2024,10.1515/dmpt-2024-0033,,No,No,
39020527,Effect of Spag11a gene knockout on the epididymis in mice: A histopathological and molecular analyses.,Aisha J; Sangeeta K; Yenugu S,Cell biochemistry and function,2024,10.1002/cbf.4096,,No,No,
38992400,Mitochondria mediated inhibitory effect of Nyctanthes arbor-tristis (L.) flower extract against breast adenocarcinoma and T-cell lymphoma: An in vitro and in vivo study.,Goswami P; Singh V; Koch B,Journal of ethnopharmacology,2024,10.1016/j.jep.2024.118537,,No,No,
38969187,Identification of circulating miRNA biomarkers in leptospirosis for early detection: A promising diagnostic approach.,Pinto GV; Rai P; Kabekkodu SP; Karunasagar I; Kumar BK,Microbial pathogenesis,2024,10.1016/j.micpath.2024.106781,,No,No,
38944023,Expression profile of diagnostic genes in oral submucous fibrosis.,Srivastava P; Rai A; Kumar M,"Pathology, research and practice",2024,10.1016/j.prp.2024.155416,,No,No,
38909405,Differential expression of cancer-related lncRNAs in different subtypes of pituitary adenomas.,Esfandi F; Mirjafari SA; Rezazadeh N; Seyyedesfahani V; Nicknam A; Eslami S; Sharifi G; Dilmaghani NA; Sayad A; Ghafouri-Fard S,"Pathology, research and practice",2024,10.1016/j.prp.2024.155421,,No,No,
38904676,Pan-cancer exploration of oncogenic and clinical impacts revealed that HOXA9 is a diagnostic indicator of tumorigenesis.,Shenoy US; Basavarajappa DS; Kabekkodu SP; Radhakrishnan R,Clinical and experimental medicine,2024,10.1007/s10238-024-01389-x,PMC11192824,Yes,Yes,PMID_38904676_PMC11192824.pdf
38882157,Deciphering the miRNA-mRNA Interaction Landscape between Breast Cancer and Triple-Negative Breast Cancer: An Integrated Bioinformatics Approach.,Balasundaram A; Mitra TS; Tayubi IA; Zayed H; Doss GPC,ACS omega,2024,10.1021/acsomega.4c00011,PMC11170726,Yes,Yes,PMID_38882157_PMC11170726.pdf
38856681,Thinking Beyond Disease Silos: Dysregulated Genes Common in Tuberculosis and Lung Cancer as Identified by Systems Biology and Machine Learning.,Dasgupta S,Omics : a journal of integrative biology,2024,10.1089/omi.2024.0116,,No,No,
38786043,Elucidating the Role of MicroRNA-18a in Propelling a Hybrid Epithelial-Mesenchymal Phenotype and Driving Malignant Progression in ER-Negative Breast Cancer.,Nair MG; Mavatkar AD; Naidu CM; V P S; C E A; Rajarajan S; Sahoo S; Mohan G; Jaikumar VS; Ramesh RS; B S S; Jolly MK; Maliekal TT; Prabhu JS,Cells,2024,10.3390/cells13100821,PMC11119613,Yes,Yes,PMID_38786043_PMC11119613.pdf
38773214,Uracil as a biomarker for spatial pyrimidine metabolism in the development of gingivobuccal oral squamous cell carcinoma.,Shaikh S; Basu S; Bag S; Chatterjee A; Datta S; Banerjee D; Manikantan K; Arun I; Arun P; Biswas NK; Maitra A; Mishra DK; Majumder PP; Dhar H; Mukherjee G,Scientific reports,2024,10.1038/s41598-024-62434-z,PMC11109148,Yes,Yes,PMID_38773214_PMC11109148.pdf
38696350,Clinical Significance of MUC4 and Associated Proteins in Pancreatic and Periampullary Cancers.,Rashid S; Singh N; Rashid S; Das P; Gupta S; Chauhan SS; Sati HC; Dash NR; Sharma A; Dey S; Saraya A,Pancreas,2024,10.1097/MPA.0000000000002340,,No,No,
38653857,Establishing and Validating an Innovative Focal Adhesion-Linked Gene Signature for Enhanced Prognostic Assessment in Endometrial Cancer.,Yan C; He L; Ma Y; Cheng J; Shen L; Singla RK; Zhang Y,"Reproductive sciences (Thousand Oaks, Calif.)",2024,10.1007/s43032-024-01564-1,,No,No,
38586106,"Pan-cancer analysis of HS6ST2: associations with prognosis, tumor immunity, and drug resistance.",Huang L; Irshad S; Sultana U; Ali S; Jamil A; Zubair A; Sultan R; Abdel-Maksoud MA; Mubarak A; Almunqedhi BM; Almanaa TN; Malik A; Alamri A; Kodous AS; Mares M; Zaky MY; Saba Sajjad S; Hameed Y,American journal of translational research,2024,10.62347/NCPH5416,PMC10994782,Yes,Yes,PMID_38586106_PMC10994782.pdf
38555994,Integrated In-Silico and In Vitro analysis to Decipher the contribution of bisphenol-A in cervical cancer.,Khan NG; Adiga D; Rai PS; Kabekkodu SP,Toxicology,2024,10.1016/j.tox.2024.153791,,No,No,
38478327,Blood-based microRNA profiling unveils complex molecular dynamics in breast cancer.,Shahid M; Syed R; Ansari MA; Shafi G; John J,Journal of applied genetics,2024,10.1007/s13353-024-00852-5,,No,No,
38415491,Phytol and α-Bisabolol Synergy Induces Autophagy and Apoptosis in A549 Cells and Additional Molecular Insights through Comprehensive Proteome Analysis ,Kiruthiga C; Niharika K; Devi KP,Anti-cancer agents in medicinal chemistry,2024,10.2174/0118715206289038240214102951,,No,No,
38381509,Diosgenin biosynthesis investigation in medicinal herb (Tribulus terrestris) by transcriptome analysis.,Tyagi P; Prasad M; Mathur S; Ranjan R,Gene,2024,10.1016/j.gene.2023.147937,,No,No,
38381218,Transcriptome signatures of host tissue infected with African swine fever virus reveal differential expression of associated oncogenes.,Deb R; Sengar GS; Sonowal J; Pegu SR; Das PJ; Singh I; Chakravarti S; Selvaradjou A; Attupurum N; Rajkhowa S; Gupta VK,Archives of virology,2024,10.1007/s00705-023-05959-4,,No,No,
38374189,Grain iron and zinc content is independent of anthocyanin accumulation in pigmented rice genotypes of Northeast region of India.,Gogoi S; Singh S; Swamy BPM; Das P; Sarma D; Sarma RN; Acharjee S; Deka SD,Scientific reports,2024,10.1038/s41598-024-53534-x,PMC10876706,Yes,Yes,PMID_38374189_PMC10876706.pdf
38372868,"Delineating the role of nuclear receptors in colorectal cancer, a focused review.",Manickasamy MK; Jayaprakash S; Girisa S; Kumar A; Lam HY; Okina E; Eng H; Alqahtani MS; Abbas M; Sethi G; Kumar AP; Kunnumakkara AB,Discover oncology,2024,10.1007/s12672-023-00808-x,PMC10876515,Yes,Yes,PMID_38372868_PMC10876515.pdf
38336706,"Novel lncRNAs LINC01221, RP11-472G21.2 and CRNDE are markers of differential expression in pediatric patients with T cell acute lymphoblastic leukemia.",Sharma P; Kaur P; Bhatia P; Trehan A; Sreedharanunni S; Singh M,Cancer cell international,2024,10.1186/s12935-024-03255-y,PMC10858595,Yes,Yes,PMID_38336706_PMC10858595.pdf
38292267,Unveiling the cytotoxic and anti-proliferative potential of green-synthesized silver nanoparticles mediated by ,Gupta P; Singh S; Rai N; Verma A; Tiwari H; Kamble SC; Gautam HK; Gautam V,RSC advances,2024,10.1039/d3ra06145k,PMC10825743,Yes,Yes,PMID_38292267_PMC10825743.pdf
38230292,"Differential Expression of SRY-Related HMG-Box Transcription Factor 2, Oligodendrocyte Lineage Transcription Factor 2, and Zinc Finger E-Box Binding Homeobox 1 in Serum-Derived Extracellular Vesicles: Implications for Mithramycin Sensitivity and Targeted Therapy in High-Grade Glioma.",Patnam S; Majumder B; Joshi P; Singh AD; Nagalla B; Kumar D; Biswas M; Ranjan A; Majumder PK; Rengan AK; Kamath AV; Ray A; Manda SV,ACS pharmacology & translational science,2024,10.1021/acsptsci.3c00198,PMC10789128,Yes,Yes,PMID_38230292_PMC10789128.pdf
38216951,The regulation of plasma gelsolin by DNA methylation in ovarian cancer chemo-resistance.,Manzoor HB; Asare-Werehene M; Pereira SD; Satyamoorthy K; Tsang BK,Journal of ovarian research,2024,10.1186/s13048-023-01332-w,PMC10785480,Yes,Yes,PMID_38216951_PMC10785480.pdf
38134837,A multiplex immunoprofiling approach for detecting the co-localization of breast cancer biomarkers using a combination of Alexafluor - Quantum dot conjugates and a panel of chromogenic dyes.,Sharaf SS; Lekshmi A; S A; K G A; Jyothi S P A; Chandrasekharan A; Somanathan T; Santhosh Kumar TR; K S,"Pathology, research and practice",2024,10.1016/j.prp.2023.155033,,No,No,
38035042,ExplORRNet: An interactive web tool to explore stage-wise miRNA expression profiles and their interactions with mRNA and lncRNA in human breast and gynecological cancers.,Lawarde A; Sharif Rahmani E; Nath A; Lavogina D; Jaal J; Salumets A; Modhukur V,Non-coding RNA research,2024,10.1016/j.ncrna.2023.10.006,PMC10686811,Yes,Yes,PMID_38035042_PMC10686811.pdf
38030709,C1QA and COMP: plasma-based biomarkers for early diagnosis of pancreatic neuroendocrine tumors.,Gorai PK; Bharti PS; Kumar S; Rajacharya GH; Bandyopadhyay S; Pal S; Dhingra R; Kumar R; Nikolajeff F; Kumar S; Rani N,Scientific reports,2023,10.1038/s41598-023-48323-x,PMC10686980,Yes,Yes,PMID_38030709_PMC10686980.pdf
37980704,GPR56 signaling pathway network and its dynamics in the mesenchymal transition of glioblastoma.,Ganesh RA; Venkataraman K; Sirdeshmukh R,Journal of cell communication and signaling,2023,10.1007/s12079-023-00792-5,PMC10713905,Yes,Yes,PMID_37980704_PMC10713905.pdf
37934721,A systemic analysis of monocarboxylate transporters in ovarian cancer and possible therapeutic interventions.,Chatterjee P; Bhowmik D; Roy SS,"Channels (Austin, Tex.)",2023,10.1080/19336950.2023.2273008,PMC10631444,Yes,Yes,PMID_37934721_PMC10631444.pdf
37929238,Differential expression of cancer stem cell markers and pro-inflammatory cytokine IL-1β in the oral squamous cell carcinoma and oral submucosal fibrosis.,Awasthi S; Ahmad S; Gupta R; Iqbal MS; Ahmad A,International journal of health sciences,2023,,PMC10624801,Yes,Yes,PMID_37929238_PMC10624801.pdf
37888480,Network-Derived Radioresistant Breast Cancer Target with Candidate Inhibitors from Brown Algae: A Sequential Assessment from Target Selection to Quantum Chemical Calculation.,Sivakumar M; Ahmad SF; Emran TB; Angulo-Bejarano PI; Sharma A; Ahmed SSSJ,Marine drugs,2023,10.3390/md21100545,PMC10608582,Yes,Yes,PMID_37888480_PMC10608582.pdf
37873952,MicroRNA Expression Profile in Early-Stage Breast Cancers.,Patel K; Rao DM; Sundersingh S; Velusami S; Rajkumar T; Nair B; Pandey A; Chatterjee A; Mani S; Gowda H,"MicroRNA (Shariqah, United Arab Emirates)",2024,10.2174/0122115366256479231003064842,,No,No,
37843824,Shear stress and microRNAs for better metastatic cancer management.,KrishnaPriya S; Nair PS; Bhalla P; Karunagaran D; Suraishkumar GK,Biotechnology progress,2024,10.1002/btpr.3396,,No,No,
37786580,CESCProg: a compact prognostic model and nomogram for cervical cancer based on miRNA biomarkers.,Muthamilselvan S; Palaniappan A,PeerJ,2023,10.7717/peerj.15912,PMC10541812,Yes,Yes,PMID_37786580_PMC10541812.pdf
37722486,KDM5A noncanonically binds antagonists MLL1/2 to mediate gene regulation and promotes epithelial to mesenchymal transition.,Kirtana R; Manna S; Patra SK,Biochimica et biophysica acta. Gene regulatory mechanisms,2023,10.1016/j.bbagrm.2023.194986,,No,No,
37653284,Integrative multiomics and weighted network approach reveals the prognostic role of RPS7 in lung squamous cell carcinoma pathogenesis.,Singh P; Sharma A; Kumar B; Sinha A; Syed MA; Dohare R,Journal of applied genetics,2023,10.1007/s13353-023-00782-8,,No,No,
37593530,Expression of CD44 in Head and Neck Squamous Cell Carcinoma-An ,Kavitha L; Vijayashree Priyadharsini J; Kattula D; Rao UKM; Balaji Srikanth R; Kuzhalmozhi M; Ranganathan K,Global medical genetics,2023,10.1055/s-0043-1772459,PMC10431972,Yes,Yes,PMID_37593530_PMC10431972.pdf
37589188,Quantitative analysis of lncRNA in formalin-fixed paraffin-embedded tissues of oral squamous cell carcinoma.,Kumar K; Hallikeri K; Oli A; Goni M; Jain A; Poyya J; Shilpasree AS; Javaregowda PK,BioTechniques,2023,10.2144/btn-2023-0033,,No,No,
37586141,Identification of salivary metabolic biomarker signatures for oral tongue squamous cell carcinoma.,Vimal J; George NA; Kumar RR; Kattoor J; Kannan S,Archives of oral biology,2023,10.1016/j.archoralbio.2023.105780,,No,No,
37584351,Systematic Analysis of the Therapy Resistance Genes and their Prognostic Relevance in Cervical Cancer.,Eswaran S; Padavu M; Kumar D; Kabekkodu SP,Current pharmaceutical design,2023,10.2174/1381612829666230816100623,,No,No,
37572452,Human papillomavirus-mediated expression of complement regulatory proteins in human cervical cancer cells.,Khan A; Hussain S; Iyer JK; Kaul A; Bonnewitz M; Kaul R,"European journal of obstetrics, gynecology, and reproductive biology",2023,10.1016/j.ejogrb.2023.07.014,,No,No,
37544501,CRISPR-Cas9 based knockout of S100A8 in mammary epithelial cells enhances cell proliferation and triggers oncogenic transformation via the PI3K-Akt pathway: Insights from a deep proteomic analysis.,Singh P; Ali SA; Kumar S; Mohanty AK,Journal of proteomics,2023,10.1016/j.jprot.2023.104981,,No,No,
37516983,Expression profiling of luminal B breast tumor in Indian women.,Ulaganathan K; Puranam K; Mukta S; Hanumanth SR,Journal of cancer research and clinical oncology,2023,10.1007/s00432-023-05195-y,PMC11797471,Yes,Yes,PMID_37516983_PMC11797471.pdf
37506629,The recent advancements in circRNA research: From biogenesis to therapeutic interventions.,Malviya A; Bhuyan R,"Pathology, research and practice",2023,10.1016/j.prp.2023.154697,,No,No,
37470909,Identification and validation of the optimal reference genes for standardizing the gene expression profiling diagnostic panel of Ph-like B-lineage acute lymphoblastic leukemia.,Gupta DG; Varma N; Abdulkadir SA; Singh P; Sachdeva MUS; Naseem S; Siddiqui MR; Bose P; Binota J; Malhotra P; Khadwal A; Varma S,Clinical and experimental medicine,2023,10.1007/s10238-023-01131-z,,No,No,
37417284,"ABERRANT EXPRESSION OF COL14A1, CELRS3, and CTHRC1 IN BREAST CANCER СELLS.",Malvia S; Chintamani C; Sarin R; Dubey US; Saxena S; Bagadi SAR,Experimental oncology,2023,10.15407/exp-oncology.2023.01.028,,No,No,
37391696,TRPA1 activation and Hsp90 inhibition synergistically downregulate macrophage activation and inflammatory responses in vitro.,Radhakrishnan A; Mukherjee T; Mahish C; Kumar PS; Goswami C; Chattopadhyay S,BMC immunology,2023,10.1186/s12865-023-00549-0,PMC10314470,Yes,Yes,PMID_37391696_PMC10314470.pdf
37358863,Heterogeneity of the Tumor Microenvironment Across Molecular Subtypes of Breast Cancer.,Kashyap D; Bal A; Irinike S; Khare S; Bhattacharya S; Das A; Singh G,Applied immunohistochemistry & molecular morphology : AIMM,2023,10.1097/PAI.0000000000001139,,No,No,
37353040,Differential expression of SLITRK6 gene as a potential therapeutic target for urothelial carcinoma in particular upper tract cancer.,Mir MA; Pandith AA; Mansoor S; Baba SM; Makhdoomi R; Ain QU; Anwar I; Para SA; Bhat AH; Koul AM; Manzoor U; Khan I; Beg A; Wani MS,Gene,2023,10.1016/j.gene.2023.147583,,No,No,
37291133,Identification of BRCA1/2 mutation female carriers using circulating microRNA profiles.,Elias K; Smyczynska U; Stawiski K; Nowicka Z; Webber J; Kaplan J; Landen C; Lubinski J; Mukhopadhyay A; Chakraborty D; Connolly DC; Symecko H; Domchek SM; Garber JE; Konstantinopoulos P; Fendler W; Chowdhury D,Nature communications,2023,10.1038/s41467-023-38925-4,PMC10250543,Yes,Yes,PMID_37291133_PMC10250543.pdf
37204695,Differential dose-response effect of cyclosporine A in regulating apoptosis and autophagy markers in MCF-7 cells.,Siddiqui SS; Hodeify R; Mathew S; Alsawaf S; Alghfeli A; Matar R; Merheb M; Marton J; Al Zouabi HA; Sethuvel DPM; Ragupathi NKD; Vazhappilly CG,Inflammopharmacology,2023,10.1007/s10787-023-01247-4,,No,No,
37190068,Differential Expression of Non-Coding RNAs in Stem Cell Development and Therapeutics of Bone Disorders.,Mishra A; Kumar R; Mishra SN; Vijayaraghavalu S; Tiwari NK; Shukla GC; Gurusamy N; Kumar M,Cells,2023,10.3390/cells12081159,PMC10137108,Yes,Yes,PMID_37190068_PMC10137108.pdf
37183323,snoRNAs in hematopoiesis and blood malignancies: A comprehensive review.,Challakkara MF; Chhabra R,Journal of cellular physiology,2023,10.1002/jcp.31032,,No,No,
37162337,Gallbladder cancer-associated genetic variants rs1003349 and rs1004030 regulate MMP14 expression by altering SOX10- and MYB-binding sites.,J V; Palo A; Besra K; Dixit M,Human molecular genetics,2023,10.1093/hmg/ddad077,,No,No,
37119038,Identification of key molecular players and associated pathways in cervical squamous cell carcinoma progression through network analysis.,Thippana M; Dwivedi A; Das A; Palanisamy M; Vindal V,Proteins,2023,10.1002/prot.26502,,No,No,
37116137,Integrative Analysis of the AMPK subunits in Colorectal Adeno Carcinoma.,T B B; A JM; K B H; E S,Asian Pacific journal of cancer prevention : APJCP,2023,10.31557/APJCP.2023.24.4.1159,PMC10352760,Yes,Yes,PMID_37116137_PMC10352760.pdf
37113989,"Whole transcriptome sequencing reveals HOXD11-AGAP3, a novel fusion transcript in the Indian acute leukemia cohort.",Desai SS; Ravindran F; Panchal A; Ojha N; Jadhav S; Choudhary B,Frontiers in genetics,2023,10.3389/fgene.2023.1100587,PMC10126405,Yes,Yes,PMID_37113989_PMC10126405.pdf
37063901,Directional preference for glioblastoma cancer cell membrane encapsulated nanoparticle population: A probabilistic approach for cancer therapeutics.,Khan S; Khan MWA; Sherwani S; Alouffi S; Alam MJ; Al-Motair K; Khan S,Frontiers in immunology,2023,10.3389/fimmu.2023.1162213,PMC10090548,Yes,Yes,PMID_37063901_PMC10090548.pdf
37030018,RNA profile of immuno-magnetically enriched lung cancer associated exosomes isolated from clinical samples.,Singh S; Goyal D; Raman K; Kumar S; Malik PS; Elangovan R,Cancer genetics,2023,10.1016/j.cancergen.2023.03.008,,No,No,
36978255,Cyclooxygenase-2 as a therapeutic target against human breast cancer: A comprehensive review.,Sahu A; Raza K; Pradhan D; Jain AK; Verma S,WIREs mechanisms of disease,2023,10.1002/wsbm.1596,,No,No,
36963733,Differential expression of DNA repair genes and treatment outcome of chemoradiotherapy (CRT) in cervical cancer.,Kushwah AS; Srivastava K; Banerjee M,Gene,2023,10.1016/j.gene.2023.147389,,No,No,
36932875,Multifaceted role of galectin-4 in cancer: A systematic review.,Kaur S; Singh J; Kaur M,European journal of clinical investigation,2023,10.1111/eci.13987,,No,No,
36834918,Cell State Transitions and Phenotypic Heterogeneity in Luminal Breast Cancer Implicating MicroRNAs as Potential Regulators.,Richard V; Nair MG; Jaikumar VS; Jones S; Prabhu JS; Kerin MJ,International journal of molecular sciences,2023,10.3390/ijms24043497,PMC9967449,Yes,Yes,PMID_36834918_PMC9967449.pdf
36822527,Transcriptomic analysis reveals differential adaptation of colorectal cancer cells to low and acute doses of cisplatin.,Saini H; Dave R; Chatterjee S; Mandloi A; Sharma H; Daiya A; Mukherjee S; Chowdhury R; Chowdhury S,Gene,2023,10.1016/j.gene.2023.147304,,No,No,
36807774,A Comprehensive Study on the Anti-cancer Effects of Quercetin and Its Epigenetic Modifications in Arresting Progression of Colon Cancer Cell Proliferation.,Bhatiya M; Pathak S; Jothimani G; Duttaroy AK; Banerjee A,Archivum immunologiae et therapiae experimentalis,2023,10.1007/s00005-023-00669-w,PMC9941246,Yes,Yes,PMID_36807774_PMC9941246.pdf
36797673,RNA-Seq Analysis of Clinical Samples from TCGA Reveal Molecular Signatures for Ovarian Cancer.,Wadapurkar RM; Sivaram A; Vyas R,Cancer investigation,2023,10.1080/07357907.2023.2182123,,No,No,
36773435,MicroRNAs in exhaled breath condensate: A pilot study of biomarker detection for lung cancer.,Rai D; Pattnaik B; Bangaru S; Bhatraju NK; Tak J; Kashyap S; Verma U; Vadala R; Yadav G; Dhaliwal RS; Agrawal A; Guleria R; Mohan A,Cancer treatment and research communications,2023,10.1016/j.ctarc.2023.100689,,No,No,
36682028,Prediction of transcript structure and concentration using RNA-Seq data.,Sharma H; Pani T; Dasgupta U; Batra J; Sharma RD,Briefings in bioinformatics,2023,10.1093/bib/bbad022,,No,No,
36675796,Alternatively Spliced Isoforms of ,Althenayyan S; AlMuhanna MH; AlAbdulrahman A; Alghanem B; Alsagaby SA; Alfahed A; Alasiri G; Aziz MA,Journal of personalized medicine,2023,10.3390/jpm13010135,PMC9861497,Yes,Yes,PMID_36675796_PMC9861497.pdf
36584960,Cancer plasticity: Investigating the causes for this agility.,Saha S; Pradhan N; B N; Mahadevappa R; Minocha S; Kumar S,Seminars in cancer biology,2023,10.1016/j.semcancer.2022.12.005,,No,No,
36580011,Quantitative Proteomic Analysis of Non-Tobacco Associated Oral Squamous Cell Carcinoma Reveals Deregulation of Cytoskeletal and Apoptotic Proteins.,T A S; Narayan M; Krishnan R; Thayalan D; Gunasekaran N; S P,Asian Pacific journal of cancer prevention : APJCP,2022,10.31557/APJCP.2022.23.12.4285,PMC9971460,Yes,Yes,PMID_36580011_PMC9971460.pdf
36570288,Green-Based Approach to Synthesize Silver Nanoparticles Using the Fungal Endophyte ,Gupta P; Rai N; Verma A; Saikia D; Singh SP; Kumar R; Singh SK; Kumar D; Gautam V,ACS omega,2022,10.1021/acsomega.2c05605,PMC9774420,Yes,Yes,PMID_36570288_PMC9774420.pdf
36530526,Exosomal microRNAs Targeting ,Jayaseelan VP; Arumugam P,Global medical genetics,2022,10.1055/s-0042-1758204,PMC9750795,Yes,Yes,PMID_36530526_PMC9750795.pdf
36510962,An integrative analysis to enumerate candidate genes for clinical use in oral cancer.,Thakore VP; Patel KD; Bhadresha KP; Patel PS; Jain NK,Journal of cancer research and therapeutics,2022,10.4103/jcrt.JCRT_1607_20,,No,No,
36495751,In silico analysis revealed the potential circRNA-miRNA-mRNA regulative network of non-small cell lung cancer (NSCLC).,Balasundaram A; C GPD,Computers in biology and medicine,2023,10.1016/j.compbiomed.2022.106315,,No,No,
36393868,Integrated proteomics and phosphoproteomics revealed druggable kinases in neoadjuvant chemotherapy resistant tongue cancer.,George IA; Sathe G; Ghose V; Chougule A; Chandrani P; Patil V; Noronha V; Venkataramanan R; Limaye S; Pandey A; Prabhash K; Kumar P,Frontiers in cell and developmental biology,2022,10.3389/fcell.2022.957983,PMC9651967,Yes,Yes,PMID_36393868_PMC9651967.pdf
36358687,"Metabolic Pathways, Enzymes, and Metabolites: Opportunities in Cancer Therapy.",Kumar R; Mishra A; Gautam P; Feroz Z; Vijayaraghavalu S; Likos EM; Shukla GC; Kumar M,Cancers,2022,10.3390/cancers14215268,PMC9656396,Yes,Yes,PMID_36358687_PMC9656396.pdf
36356867,Multimodal approach to characterize the tetrameric form of human PML-RBCC domain and ATO-mediated conformational changes.,Dubey S; Mishra N; Goswami N; Siddiqui MQ; Varma AK,International journal of biological macromolecules,2022,10.1016/j.ijbiomac.2022.11.022,,No,No,
36319789,Cell density modulates chemoresistance in breast cancer cells through differential expression of ABC transporters.,Shivhare S; Das A,Molecular biology reports,2023,10.1007/s11033-022-08028-2,,No,No,
36303746,GeneCloudOmics: A Data Analytic Cloud Platform for High-Throughput Gene Expression Analysis.,Helmy M; Agrawal R; Ali J; Soudy M; Bui TT; Selvarajoo K,Frontiers in bioinformatics,2021,10.3389/fbinf.2021.693836,PMC9581002,Yes,Yes,PMID_36303746_PMC9581002.pdf
36284383,Prediction Models based on miRNA-disease Relationship: Diagnostic Relevance to Multiple Diseases Including COVID-19.,Sharma V; Sharma AK; Yadav M; Sehrawat N; Kumar V; Kumar S; Gupta A; Sharma P; Chakrabarti S,Current pharmaceutical biotechnology,2023,10.2174/1389201024666221025114500,,No,No,
36099831,Involvement of inflammatory cytokines and epigenetic modification of the mtTFA complex in T-helper cells of patients' suffering from non-small cell lung cancer and chronic obstructive pulmonary disease.,Shanmugam G; Sunny JS; Rakshit S; George M; Leela KV; Sarkar K,Molecular immunology,2022,10.1016/j.molimm.2022.08.006,,No,No,
35995384,Targeted proteomics using parallel reaction monitoring confirms salivary proteins indicative of metastatic triple-negative breast cancer.,Giri K; Maity S; Ambatipudi K,Journal of proteomics,2022,10.1016/j.jprot.2022.104701,,No,No,
35986456,Association of Stathmin (Op18) with TNM Staging and Grading of Oral Squamous Cell Carcinoma and Its Role in Tumor Progression.,Vadla P; Deepthi G; Julakanti V; Jahagirdar D; Meruva S; Tantravahi S,The journal of contemporary dental practice,2022,,,No,No,
35982245,FN1 encoding fibronectin as a pivotal signaling gene for therapeutic intervention against pancreatic cancer.,Ashok G; Miryala SK; Saju MT; Anbarasu A; Ramaiah S,Molecular genetics and genomics : MGG,2022,10.1007/s00438-022-01943-w,,No,No,
35948813,Pharmacological attenuation of melanoma by tryptanthrin pertains to the suppression of MITF-M through MEK/ERK signaling axis.,Shabna A; Antony J; Vijayakurup V; Saikia M; Liju VB; Retnakumari AP; Amrutha NA; Alex VV; Swetha M; Aiswarya SU; Jannet S; Unni US; Sundaram S; Sherin DR; Anto NP; Bava SV; Chittalakkottu S; Ran S; Anto RJ,Cellular and molecular life sciences : CMLS,2022,10.1007/s00018-022-04476-y,PMC11072980,Yes,Yes,PMID_35948813_PMC11072980.pdf
35885218,Differential Expression Analysis of Single-Cell RNA-Seq Data: Current Statistical Approaches and Outstanding Challenges.,Das S; Rai A; Rai SN,"Entropy (Basel, Switzerland)",2022,10.3390/e24070995,PMC9315519,Yes,Yes,PMID_35885218_PMC9315519.pdf
35877665,In-silico discovery of dual active molecule to restore synaptic wiring against autism spectrum disorder via HDAC2 and H3R inhibition.,Raja A; Shekhar N; Singh H; Prakash A; Medhi B,PloS one,2022,10.1371/journal.pone.0268139,PMC9312418,Yes,Yes,PMID_35877665_PMC9312418.pdf
35867227,Analysis of Transcriptomic Data Generated from Drug-Treated Cancer Cell Line.,Kushwaha S; Mukherjee S; Chowdhury R; Chowdhury S,"Methods in molecular biology (Clifton, N.J.)",2022,10.1007/978-1-0716-2513-2_10,,No,No,
35834966,Capturing the latent space of an Autoencoder for multi-omics integration and cancer subtyping.,Madhumita; Paul S,Computers in biology and medicine,2022,10.1016/j.compbiomed.2022.105832,,No,No,
35766359,The regulatory role of HOX interacting lncRNA in oral cancer-An in silico analysis.,Basavarajappa DS; Padam KSR; Chakrabarty S; An NK; Radhakrishnan R,Journal of oral pathology & medicine : official publication of the International Association of Oral Pathologists and the American Academy of Oral Pathology,2022,10.1111/jop.13329,,No,No,
35714705,miR-16-5p regulates aerobic glycolysis and tumorigenesis of NSCLC cells via LDH-A/lactate/NF-κB signaling.,Arora S; Singh P; Tabassum G; Dohare R; Syed MA,Life sciences,2022,10.1016/j.lfs.2022.120722,,No,No,
35711942,Differential Expression of Genes Regulating Store-operated Calcium Entry in Conjunction With Mitochondrial Dynamics as Potential Biomarkers for Cancer: A Single-Cell RNA Analysis.,Hegde M; Daimary UD; Jose S; Sajeev A; Chinnathambi A; Alharbi SA; Shakibaei M; Kunnumakkara AB,Frontiers in genetics,2022,10.3389/fgene.2022.866473,PMC9197647,Yes,Yes,PMID_35711942_PMC9197647.pdf
35663229,miR-15a and miR-15b modulate natural killer and CD8,Pathania AS; Prathipati P; Olwenyi OA; Chava S; Smith OV; Gupta SC; Chaturvedi NK; Byrareddy SN; Coulter DW; Challagundla KB,Molecular therapy oncolytics,2022,10.1016/j.omto.2022.03.010,PMC9133764,Yes,Yes,PMID_35663229_PMC9133764.pdf
35646901,,Mukherjee S; Kar A; Paul P; Dey S; Biswas A; Barik S,Frontiers in cell and developmental biology,2022,10.3389/fcell.2022.899752,PMC9138408,Yes,Yes,PMID_35646901_PMC9138408.pdf
35636723,SOX9 as an emerging target for anticancer drugs and a prognostic biomarker for cancer drug resistance.,Tripathi SK; Sahoo RK; Biswal BK,Drug discovery today,2022,10.1016/j.drudis.2022.05.022,,No,No,
35597840,Identification of tumor biomarkers for pathological complete response to neoadjuvant treatment in locally advanced breast cancer.,Gopinath P; Veluswami S; Gopisetty G; Sundersingh S; Rajaraman S; Thangarajan R,Breast cancer research and treatment,2022,10.1007/s10549-022-06617-0,,No,No,
35511336,A Comprehensive Cancer-Associated MicroRNA Expression Profiling and Proteomic Analysis of Human Umbilical Cord Mesenchymal Stem Cell-Derived Exosomes.,Jothimani G; Pathak S; Dutta S; Duttaroy AK; Banerjee A,Tissue engineering and regenerative medicine,2022,10.1007/s13770-022-00450-8,PMC9478013,Yes,Yes,PMID_35511336_PMC9478013.pdf
35498535,2D-DIGE-Based Proteomic Profiling with Validations Identifies Vimentin as a Secretory Biomarker Useful for Early Detection and Poor Prognosis in Oral Cancers.,Sivagnanam A; Shyamsundar V; Kesavan P; Krishnamurthy A; Thangaraj SV; Venugopal DC; Kasirajan H; Ramani P; Sarma VR; Ramshankar V,Journal of oncology,2022,10.1155/2022/4215097,PMC9054473,Yes,Yes,PMID_35498535_PMC9054473.pdf
35465161,Machine learning assisted analysis of breast cancer gene expression profiles reveals novel potential prognostic biomarkers for triple-negative breast cancer.,Thalor A; Kumar Joon H; Singh G; Roy S; Gupta D,Computational and structural biotechnology journal,2022,10.1016/j.csbj.2022.03.019,PMC9014315,Yes,Yes,PMID_35465161_PMC9014315.pdf
35438340,Ablation of the sperm-associated antigen 11A (SPAG11A) protein by active immunization promotes epididymal oncogenesis in the rat.,Sangeeta K; Yenugu S,Cell and tissue research,2022,10.1007/s00441-022-03623-y,,No,No,
35381789,Detection of differential expression of miRNAs in computerized tomography-guided lung biopsy.,Singh A; Kant R; Nandi S; Husain N; Naithani M; Mirza AA; Saluja TS; Srivastava K; Prakash V; Singh SK,Journal of cancer research and therapeutics,2022,10.4103/jcrt.jcrt_749_21,,No,No,
35381788,Can a signature molecular-profile define disparate survival in BRAF-positive Gliosarcoma and identify novel targets for therapeutic intervention?,Gandhi P; Khare R; Garg N; Mishra J,Journal of cancer research and therapeutics,2022,10.4103/jcrt.jcrt_1900_20,,No,No,
35345359,Differential Expression of Zinc-Dependent HDAC Subtypes and their Involvement in Unique Pathways Associated with Carcinogenesis.,Ukey S; Ramteke A; Choudhury C; Purohit P; Sharma P,Asian Pacific journal of cancer prevention : APJCP,2022,10.31557/APJCP.2022.23.3.877,PMC9360949,Yes,Yes,PMID_35345359_PMC9360949.pdf
35300689,Tumor-associated macrophage derived IL-6 enriches cancer stem cell population and promotes breast tumor progression via Stat-3 pathway.,Radharani NNV; Yadav AS; Nimma R; Kumar TVS; Bulbule A; Chanukuppa V; Kumar D; Patnaik S; Rapole S; Kundu GC,Cancer cell international,2022,10.1186/s12935-022-02527-9,PMC8932105,Yes,Yes,PMID_35300689_PMC8932105.pdf
35276608,Differential promoter usages of PTCH1 and down regulation of HHIP are associated with HNSCC progression.,Chakraborty B; Basu M; Mukhopadhyay D; Alam N; Ghosh S; Dutta S; Panda CK,"Pathology, research and practice",2022,10.1016/j.prp.2022.153827,,No,No,
35257861,Integration of chemokine signaling with non-coding RNAs in tumor microenvironment and heterogeneity in different cancers.,Arora S; Khan S; Zaki A; Tabassum G; Mohsin M; Bhutto HN; Ahmad T; Fatma T; Syed MA,Seminars in cancer biology,2022,10.1016/j.semcancer.2022.03.002,,No,No,
37101571,Importance of Extracellular Vesicle Derived RNAs as Critical Colorectal Cancer Biomarkers.,Datta B; Paul D; Dey T; Pal S; Rakshit T,ACS bio & med chem Au,2022,10.1021/acsbiomedchemau.1c00043,PMC10114864,Yes,Yes,PMID_37101571_PMC10114864.pdf
35201486,A genome-wide expression profile of noncoding RNAs in human osteosarcoma cells as they acquire resistance to cisplatin.,Sharma H; Niveditha D; Chowdhury R; Mukherjee S; Chowdhury S,Discover oncology,2021,10.1007/s12672-021-00441-6,PMC8777531,Yes,Yes,PMID_35201486_PMC8777531.pdf
35142951,Differential gene expression and network analysis in head and neck squamous cell carcinoma.,Habib I; Anjum F; Mohammad T; Sulaimani MN; Shafie A; Almehmadi M; Yadav DK; Sohal SS; Hassan MI,Molecular and cellular biochemistry,2022,10.1007/s11010-022-04379-3,,No,No,
35053185,Smell Detection Agent Optimisation Framework and Systems Biology Approach to Detect Dys-Regulated Subnetwork in Cancer Data.,Sivan SL; Sukumara Pillai VCS,Biomolecules,2021,10.3390/biom12010037,PMC8774275,Yes,Yes,PMID_35053185_PMC8774275.pdf
35024489,Human telomerase reverse transcriptase promotes the epithelial to mesenchymal transition in lung cancer cells by enhancing c-MET upregulation.,Prasad RR; Mishra DK; Kumar M; Yadava PK,Heliyon,2022,10.1016/j.heliyon.2021.e08673,PMC8732784,Yes,Yes,PMID_35024489_PMC8732784.pdf
35006466,Targeting Farnesoid X receptor (FXR) for developing novel therapeutics against cancer.,Girisa S; Henamayee S; Parama D; Rana V; Dutta U; Kunnumakkara AB,Molecular biomedicine,2021,10.1186/s43556-021-00035-2,PMC8607382,Yes,Yes,PMID_35006466_PMC8607382.pdf
35004214,Statistical methods for analysis of single-cell RNA-sequencing data.,Das S; Rai SN,MethodsX,2021,10.1016/j.mex.2021.101580,PMC8720898,Yes,Yes,PMID_35004214_PMC8720898.pdf
34995576,Comprehensive analysis of the exocytosis pathway genes in cervical cancer.,Eswaran S; Adiga D; Khan G N; S S; Kabekkodu SP,The American journal of the medical sciences,2022,10.1016/j.amjms.2021.12.008,,No,No,
34991439,DEGnext: classification of differentially expressed genes from RNA-seq data using a convolutional neural network with transfer learning.,Kakati T; Bhattacharyya DK; Kalita JK; Norden-Krichmar TM,BMC bioinformatics,2022,10.1186/s12859-021-04527-4,PMC8734099,Yes,Yes,PMID_34991439_PMC8734099.pdf
34981672,Curcumin alters distinct molecular pathways in breast cancer subtypes revealed by integrated miRNA/mRNA expression analysis.,Nirgude S; Desai S; Choudhary B,"Cancer reports (Hoboken, N.J.)",2022,10.1002/cnr2.1596,PMC9575497,Yes,Yes,PMID_34981672_PMC9575497.pdf
34976314,Unraveling unique and common cell type-specific mechanisms in glioblastoma multiforme.,Fathima S; Sinha S; Donakonda S,Computational and structural biotechnology journal,2022,10.1016/j.csbj.2021.12.010,PMC8688884,Yes,Yes,PMID_34976314_PMC8688884.pdf
34946896,A Comprehensive Survey of Statistical Approaches for Differential Expression Analysis in Single-Cell RNA Sequencing Studies.,Das S; Rai A; Merchant ML; Cave MC; Rai SN,Genes,2021,10.3390/genes12121947,PMC8701051,Yes,Yes,PMID_34946896_PMC8701051.pdf
34885048,Orai3 Regulates Pancreatic Cancer Metastasis by Encoding a Functional Store Operated Calcium Entry Channel.,Arora S; Tanwar J; Sharma N; Saurav S; Motiani RK,Cancers,2021,10.3390/cancers13235937,PMC8656723,Yes,Yes,PMID_34885048_PMC8656723.pdf
34885041,Proteomic Signatures of Diffuse and Intestinal Subtypes of Gastric Cancer.,Singh S; Bhat MY; Sathe G; Gopal C; Sharma J; Madugundu AK; Joshi NS; Pandey A,Cancers,2021,10.3390/cancers13235930,PMC8656738,Yes,Yes,PMID_34885041_PMC8656738.pdf
34862568,Sialic Acid Conjugated Chitosan Nanoparticles: Modulation to Target Tumour Cells and Therapeutic Opportunities.,Rana R; Rani S; Kumar V; Nakhate KT; Ajazuddin; Gupta U,AAPS PharmSciTech,2021,10.1208/s12249-021-02170-z,,No,No,
34786609,Proteomic analysis of differential expression of lung proteins in response to highly pathogenic avian influenza virus infection in chickens.,Vijayakumar P; Raut AA; Chingtham S; Murugkar HV; Kulkarni DD; Sood R; Singh VP; Mishra A,Archives of virology,2022,10.1007/s00705-021-05287-5,,No,No,
34767591,Prognostic biomarkers for predicting papillary thyroid carcinoma patients at high risk using nine genes of apoptotic pathway.,Arora C; Kaur D; Naorem LD; Raghava GPS,PloS one,2021,10.1371/journal.pone.0259534,PMC8589158,Yes,Yes,PMID_34767591_PMC8589158.pdf
34740574,Tumor necrosis factor-α induced protein 8 (TNFAIP8/TIPE) family is differentially expressed in oral cancer and regulates tumorigenesis through Akt/mTOR/STAT3 signaling cascade.,Padmavathi G; Monisha J; Bordoloi D; Banik K; Roy NK; Girisa S; Singh AK; Longkumer I; Baruah MN; Kunnumakkara AB,Life sciences,2021,10.1016/j.lfs.2021.120118,,No,No,
34734184,LncRNA Hmrhl regulates expression of cancer related genes in chronic myelogenous leukemia through chromatin association.,Choudhury SR; Dutta S; Bhaduri U; Rao MRS,NAR cancer,2021,10.1093/narcan/zcab042,PMC8559160,Yes,Yes,PMID_34734184_PMC8559160.pdf
34730829,Delineating the Effects of Passaging and Exposure in a Longitudinal Study of Arsenic-Induced Squamous Cell Carcinoma in a HaCaT Cell Line Model.,Banerjee M; Al-Eryani L; Srivastava S; Rai SN; Pan J; Kalbfleisch TS; States JC,Toxicological sciences : an official journal of the Society of Toxicology,2022,10.1093/toxsci/kfab129,PMC8795903,Yes,Yes,PMID_34730829_PMC8795903.pdf
34717703,"Endogenous, tissue-resident stem/progenitor cells in gonads and bone marrow express FSHR and respond to FSH via FSHR-3.",Bhartiya D; Patel H; Kaushik A; Singh P; Sharma D,Journal of ovarian research,2021,10.1186/s13048-021-00883-0,PMC8556987,Yes,Yes,PMID_34717703_PMC8556987.pdf
34687392,Comprehensive overview of extracellular vesicle proteomics in meningioma: future strategy.,Rana R; Sharma S; Ganguly NK,Molecular biology reports,2021,10.1007/s11033-021-06740-z,PMC8536918,Yes,Yes,PMID_34687392_PMC8536918.pdf
34685683,Transcriptomic Biomarkers for Tuberculosis: Validation of ,de Araujo LS; Ribeiro-Alves M; Wipperman MF; Vorkas CK; Pessler F; Saad MHF,Cells,2021,10.3390/cells10102704,PMC8534371,Yes,Yes,PMID_34685683_PMC8534371.pdf
34575183,Diagnostic and Prognostic Potential of MiR-379/656 MicroRNA Cluster in Molecular Subtypes of Breast Cancer.,Lal M; Ansari AH; Agrawal A; Mukhopadhyay A,Journal of clinical medicine,2021,10.3390/jcm10184071,PMC8467195,Yes,Yes,PMID_34575183_PMC8467195.pdf
34571251,Simulated microgravity triggers DNA damage and mitochondria-mediated apoptosis through ROS generation in human promyelocytic leukemic cells.,Singh R; Rajput M; Singh RP,Mitochondrion,2021,10.1016/j.mito.2021.09.006,,No,No,
34533439,Rational Design and Development of HDAC Inhibitors for Breast Cancer Treatment.,Mody D; Bouckaert J; Savvides SN; Gupta V,Current pharmaceutical design,2021,10.2174/1381612827666210917143953,,No,No,
34528556,"Diagnostic potential of differentially regulated microRNAs among endometriosis, endometrioid ovarian cancer, and endometrial cancer.",Kumari P; Sharma I; Saha SC; Srinivasan R; Minhas P,Journal of cancer research and therapeutics,2021,10.4103/jcrt.JCRT_969_19,,No,No,
34441085,Statistical Approach of Gene Set Analysis with Quantitative Trait Loci for Crop Gene Expression Studies.,Das S; Rai SN,"Entropy (Basel, Switzerland)",2021,10.3390/e23080945,PMC8391627,Yes,Yes,PMID_34441085_PMC8391627.pdf
34422810,Molecular Subtypes of Oral Squamous Cell Carcinoma Based on Immunosuppression Genes Using a Deep Learning Approach.,Li S; Mai Z; Gu W; Ogbuehi AC; Acharya A; Pelekos G; Ning W; Liu X; Deng Y; Li H; Lethaus B; Savkovic V; Zimmerer R; Ziebolz D; Schmalz G; Wang H; Xiao H; Zhao J,Frontiers in cell and developmental biology,2021,10.3389/fcell.2021.687245,PMC8375681,Yes,Yes,PMID_34422810_PMC8375681.pdf
34387138,Identification of miRNAs and related hub genes associated with the triple negative breast cancer using integrated bioinformatics analysis and ,Shuaib M; Prajapati KS; Singh AK; Kushwaha PP; Waseem M; Kumar S,Journal of biomolecular structure & dynamics,2022,10.1080/07391102.2021.1961869,,No,No,
34323221,Identification of unique subtype-specific interaction features in Class II zinc-dependent HDAC subtype binding pockets: A computational study.,Ukey S; Choudhury C; Sharma P,Journal of biosciences,2021,,,No,No,
34311079,Activation of CD44-Lipoprotein lipase axis in breast cancer stem cells promotes tumorigenesis.,Manupati K; Yeeravalli R; Kaushik K; Singh D; Mehra B; Gangane N; Gupta A; Goswami K; Das A,Biochimica et biophysica acta. Molecular basis of disease,2021,10.1016/j.bbadis.2021.166228,,No,No,
34306571,Analysis of immune subtypes across the epithelial-mesenchymal plasticity spectrum.,Chakraborty P; Chen EL; McMullen I; Armstrong AJ; Kumar Jolly M; Somarelli JA,Computational and structural biotechnology journal,2021,10.1016/j.csbj.2021.06.023,PMC8283019,Yes,Yes,PMID_34306571_PMC8283019.pdf
34261302,Analysis of H3K4me3-ChIP-Seq and RNA-Seq data to understand the putative role of miRNAs and their target genes in breast cancer cell lines.,Kotipalli A; Banerjee R; Kasibhatla SM; Joshi R,Genomics & informatics,2021,10.5808/gi.21020,PMC8261273,Yes,Yes,PMID_34261302_PMC8261273.pdf
34253750,Transcriptome profiling by combined machine learning and statistical R analysis identifies TMEM236 as a potential novel diagnostic biomarker for colorectal cancer.,Maurya NS; Kushwaha S; Chawade A; Mani A,Scientific reports,2021,10.1038/s41598-021-92692-0,PMC8275802,Yes,Yes,PMID_34253750_PMC8275802.pdf
34220265,Differential expression analysis in ovarian cancer: A functional genomics and systems biology approach.,Zhang Y; Qazi S; Raza K,Saudi journal of biological sciences,2021,10.1016/j.sjbs.2021.04.022,PMC8241591,Yes,Yes,PMID_34220265_PMC8241591.pdf
34148284,"Frontiers in G-Quadruplex therapeutics in cancer: Selection of small molecules, peptides and aptamers.",Banerjee N; Panda S; Chatterjee S,Chemical biology & drug design,2022,10.1111/cbdd.13910,,No,No,
34111459,"Bcl-xL expression and regulation in the progression, recurrence, and cisplatin resistance of oral cancer.",Alam M; Mishra R,Life sciences,2021,10.1016/j.lfs.2021.119705,,No,No,
34083590,Transcriptomic landscape of early age onset of colorectal cancer identifies novel genes and pathways in Indian CRC patients.,Singh MP; Rai S; Singh NK; Srivastava S,Scientific reports,2021,10.1038/s41598-021-91154-x,PMC8175339,Yes,Yes,PMID_34083590_PMC8175339.pdf
34032870,Dynamic alteration in miRNA and mRNA expression profiles at different stages of chronic arsenic exposure-induced carcinogenesis in a human cell culture model of skin cancer.,Banerjee M; Ferragut Cardoso A; Al-Eryani L; Pan J; Kalbfleisch TS; Srivastava S; Rai SN; States JC,Archives of toxicology,2021,10.1007/s00204-021-03084-2,PMC8241660,Yes,Yes,PMID_34032870_PMC8241660.pdf
33934493,Systematic analysis of migration factors by MigExpress identifies essential cell migration control genes in non-small cell lung cancer.,Pal J; Becker AC; Dhamija S; Seiler J; Abdelkarim M; Sharma Y; Behr J; Meng C; Ludwig C; Kuster B; Diederichs S,Molecular oncology,2021,10.1002/1878-0261.12973,PMC8253088,Yes,Yes,PMID_33934493_PMC8253088.pdf
33930741,In silico explanation for the causalities of deleterious RNF213 SNPs in Moyamoya disease and insulin resistance.,Sarkar P; Thirumurugan K,Computational biology and chemistry,2021,10.1016/j.compbiolchem.2021.107488,,No,No,
33916178,Malignant Pleural Mesothelioma Interactome with 364 Novel Protein-Protein Interactions.,Karunakaran KB; Yanamala N; Boyce G; Becich MJ; Ganapathiraju MK,Cancers,2021,10.3390/cancers13071660,PMC8037232,Yes,Yes,PMID_33916178_PMC8037232.pdf
33893249,Angiotensin-converting Enzyme 2 Specific Cell Subset Identification in Oral Tissues: A Need of the Hour in COVID-19 Research.,Sarode GS; Sarode SC; Gadbail AR; Gondivkar S; Sharma NK; Patil S,The journal of contemporary dental practice,2020,,,No,No,
33865415,"Exposures to 2,4-Dichlorophenoxyacetic acid with or without endotoxin upregulate small cell lung cancer pathway.",Kaur G; Kumar BVS; Singh B; Sethi RS,"Journal of occupational medicine and toxicology (London, England)",2021,10.1186/s12995-021-00304-4,PMC8052721,Yes,Yes,PMID_33865415_PMC8052721.pdf
33780787,Virtual screening-based identification of novel fatty acid synthase inhibitor and evaluation of its antiproliferative activity in breast cancer cells.,Amrutha Nisthul A; Archana PR; Anto RJ; Sadasivan C,Journal of molecular graphics & modelling,2021,10.1016/j.jmgm.2021.107903,,No,No,
33727172,"Tumor-specific overexpression of histone gene, H3C14 in gastric cancer is mediated through EGFR-FOXC1 axis.",Rashid M; Shah SG; Verma T; Chaudhary N; Rauniyar S; Patel VB; Gera PB; Smoot D; Ashaktorab H; Dalal SN; Gupta S,Biochimica et biophysica acta. Gene regulatory mechanisms,2021,10.1016/j.bbagrm.2021.194703,,No,No,
33681393,Deciphering the genetic alterations in matrix metallo-proteinase gene family and its putative association with head and neck squamous cell carcinoma.,Aparna J; Smiline-Girija AS; Paramasivam A; Vijayashree-Priyadharsini J,Molecular biology research communications,2021,10.22099/mbrc.2020.38344.1544,PMC7936386,Yes,Yes,PMID_33681393_PMC7936386.pdf
33662531,SwarnSeq: An improved statistical approach for differential expression analysis of single-cell RNA-seq data.,Das S; Rai SN,Genomics,2021,10.1016/j.ygeno.2021.02.014,PMC10150572,Yes,Yes,PMID_33662531_PMC10150572.pdf
33660436,To study the role of pre-treatment microRNA (micro ribonucleic acid) expression as a predictor of response to chemoradiation in locally advanced carcinoma cervix.,Barik S; Mitra S; Suryavanshi M; Dewan A; Kaur I; Kumar D; Mishra M; Vishwakarma G,"Cancer reports (Hoboken, N.J.)",2021,10.1002/cnr2.1348,PMC8388174,Yes,Yes,PMID_33660436_PMC8388174.pdf
33597969,Exploring the Differential Expression and Prognostic Significance of the COL11A1 Gene in Human Colorectal Carcinoma: An Integrated Bioinformatics Approach.,Patra R; Das NC; Mukherjee S,Frontiers in genetics,2021,10.3389/fgene.2021.608313,PMC7882494,Yes,Yes,PMID_33597969_PMC7882494.pdf
33524528,SOX9: An emerging driving factor from cancer progression to drug resistance.,Panda M; Tripathi SK; Biswal BK,Biochimica et biophysica acta. Reviews on cancer,2021,10.1016/j.bbcan.2021.188517,,No,No,
33521362,Unsupervised subtyping and methylation landscape of pancreatic ductal adenocarcinoma.,Roy S; Singh AP; Gupta D,Heliyon,2021,10.1016/j.heliyon.2021.e06000,PMC7820567,Yes,Yes,PMID_33521362_PMC7820567.pdf
33517235,High expression of ACE2 in HER2 subtype of breast cancer is a marker of poor prognosis.,Nair MG; Prabhu JS; Ts S,Cancer treatment and research communications,2021,10.1016/j.ctarc.2021.100321,PMC7825889,Yes,Yes,PMID_33517235_PMC7825889.pdf
33496213,Identifying kinase targets of PPARγ in human breast cancer.,Kandel A; Dhillon SK; Prabaharan CB; Fatnin Binti Hisham S; Rajamanickam K; Napper S; Chidambaram SB; Essa MM; Yang J; Sakharkar MK,Journal of drug targeting,2021,10.1080/1061186X.2021.1877719,,No,No,
33463265,Hypericin-Loaded Transferrin Nanoparticles Induce PP2A-Regulated BMI1 Degradation in Colorectal Cancer-Specific Chemo-Photodynamic Therapy.,Sardoiwala MN; Kushwaha AC; Dev A; Shrimali N; Guchhait P; Karmakar S; Roy Choudhury S,ACS biomaterials science & engineering,2020,10.1021/acsbiomaterials.9b01844,,No,No,
33461463,Targeting Histone Onco- Modifications Using Plant-Derived Products.,Illam SP; Kandiyil SP; Raghavamenon AC,Current drug targets,2021,10.2174/1389450122666210118150716,,No,No,
33400969,Small nucleolar RNA and its potential role in breast cancer - A comprehensive review.,Dsouza VL; Adiga D; Sriharikrishnaa S; Suresh PS; Chatterjee A; Kabekkodu SP,Biochimica et biophysica acta. Reviews on cancer,2021,10.1016/j.bbcan.2020.188501,,No,No,
33358908,The molecular basis of gender disparities in smoking lung cancer patients.,Davuluri S; Bajpai AK; Thirumurugan K; Acharya KK,Life sciences,2021,10.1016/j.lfs.2020.118927,,No,No,
33342796,Clinicopathologic implications of epithelial cell adhesion molecule expression across molecular subtypes of breast carcinoma.,Sundaram S; Christian SD; Krishnakumar R; Ramya R; Ramadoss M; Karunagaran D,Journal of cancer research and therapeutics,2020,10.4103/jcrt.JCRT_490_20,,No,No,
33263168,Analysis of Multimerin 1 (MMRN1) expression in ovarian cancer.,Saini A; Chandra KB; Kumar V; Mathur SR; Sharma JB; Kumar S; Yadav S,Molecular biology reports,2020,10.1007/s11033-020-06027-9,,No,No,
33246440,Identification and differential expression of serotransferrin and apolipoprotein A-I in the plasma of HIV-1 patients treated with first-line antiretroviral therapy.,Barik SK; Mohanty KK; Mohanty AK; Rawat P; Gopal G; Bisht D; Patil SA; Singh R; Sharma D; Tripathy SP; Tandon R; Singh TP; Jena S,BMC infectious diseases,2020,10.1186/s12879-020-05610-6,PMC7694411,Yes,Yes,PMID_33246440_PMC7694411.pdf
33174211,"Insights into the regulatory role and clinical relevance of mediator subunit, MED12, in human diseases.",Srivastava S; Kulshreshtha R,Journal of cellular physiology,2021,10.1002/jcp.30099,,No,No,
32950635,"Differential expression profiling of transcripts of IDH1, CEA, Cyfra21-1, and TPA in stage IIIa non-small cell lung cancer (NSCLC) of smokers and non-smokers cases with air quality index.",Mishra A; Singh N; Shyam H; Jain M; Kumar Sahu D; Shankar P; Alam N; Kumar A; Jaiswal R; Kumar S,Gene,2021,10.1016/j.gene.2020.145151,,No,No,
32903628,Artificial Intelligence to Decode Cancer Mechanism: Beyond Patient Stratification for Precision Oncology.,Patel SK; George B; Rai V,Frontiers in pharmacology,2020,10.3389/fphar.2020.01177,PMC7438594,Yes,Yes,PMID_32903628_PMC7438594.pdf
32827583,The emerging role of miRNA clusters in breast cancer progression.,Kandettu A; Radhakrishnan R; Chakrabarty S; Sriharikrishnaa S; Kabekkodu SP,Biochimica et biophysica acta. Reviews on cancer,2020,10.1016/j.bbcan.2020.188413,,No,No,
32813247,RNA-Sequencing Analysis Pipeline for Prognostic Marker Identification in Cancer.,Shukla S; Khadirnaikar S,"Methods in molecular biology (Clifton, N.J.)",2021,10.1007/978-1-0716-0759-6_8,,No,No,
32806782,A Linear Regression and Deep Learning Approach for Detecting Reliable Genetic Alterations in Cancer Using DNA Methylation and Gene Expression Data.,Mallik S; Seth S; Bhadra T; Zhao Z,Genes,2020,10.3390/genes11080931,PMC7465138,Yes,Yes,PMID_32806782_PMC7465138.pdf
32777531,Prediction of the differentially expressed circRNAs to decipher their roles in the onset of human colorectal cancers.,Bhuyan R; Bagchi A,Gene,2020,10.1016/j.gene.2020.145035,,No,No,
32766120,Differential Expression of Heat Shock Protein 27 in Oral Epithelial Dysplasias and Squamous Cell Carcinoma.,Karri RL; Subramanyam RV; Venigella A; Babburi S; Pinisetti S; Rudraraju A,Journal of microscopy and ultrastructure,2020,10.4103/JMAU.JMAU_48_19,PMC7365515,Yes,Yes,PMID_32766120_PMC7365515.pdf
32760283,Defective Proventriculus Regulates Cell Specification in the Gastric Region of ,Mehrotra S; Bansal P; Oli N; Pillai SJ; Galande S,Frontiers in physiology,2020,10.3389/fphys.2020.00711,PMC7372014,Yes,Yes,PMID_32760283_PMC7372014.pdf
32659446,De novo methyltransferases: Potential players in diseases and new directions for targeted therapy.,Saravanaraman P; Selvam M; Ashok C; Srijyothi L; Baluchamy S,Biochimie,2020,10.1016/j.biochi.2020.07.004,,No,No,
32655812,Aberrant promoter methylation of ,Kadian LK; Gulshan G; Ahuja P; Singhal G; Sharma S; Nanda S; Yadav R,American journal of translational research,2020,,PMC7344087,Yes,Yes,PMID_32655812_PMC7344087.pdf
32648188,Antibody-based biosensor to detect oncogenic splicing factor Sam68 for the diagnosis of lung cancer.,Sumithra B; Jayanthi VSPKSA; Manne HC; Gunda R; Saxena U; Das AB,Biotechnology letters,2020,10.1007/s10529-020-02951-9,,No,No,
32634196,MicroRNAs as Key Regulators of Ovarian Cancers.,Satapathy S; Kumar C; Singh RK,Cell medicine,2019,10.1177/2155179019873849,PMC6732848,Yes,Yes,PMID_32634196_PMC6732848.pdf
32344004,"CYP2R1 and CYP27A1 genes: An in silico approach to identify the deleterious mutations, impact on structure and their differential expression in disease conditions.",Sunkar S; Neeharika D,Genomics,2020,10.1016/j.ygeno.2020.04.017,,No,No,
32215864,"Differential expression of circulating serum miR-1249-3p, miR-3195, and miR-3692-3p in non-small cell lung cancer.",Kumar S; Sharawat SK; Ali A; Gaur V; Malik PS; Pandey M; Kumar S; Mohan A; Guleria R,Human cell,2020,10.1007/s13577-020-00351-9,,No,No,
32100078,Clinical relevance of the comparative expression of immune checkpoint markers with the clinicopathological findings in patients with primary and chemoreduced retinoblastoma.,Singh L; Singh MK; Rizvi MA; Bakhshi S; Meel R; Lomi N; Sen S; Kashyap S,"Cancer immunology, immunotherapy : CII",2020,10.1007/s00262-020-02529-4,PMC11027711,Yes,Yes,PMID_32100078_PMC11027711.pdf
32044043,Clinicopathological and immunohistochemical characteristics of breast cancer patients from Northeast India with special reference to triple negative breast cancer: A prospective study.,Sultana R; Kataki AC; Barthakur BB; Sarma A; Bose S,Current problems in cancer,2020,10.1016/j.currproblcancer.2020.100556,,No,No,
32017924,MicroRNAs in venous thrombo-embolism.,Hembrom AA; Srivastava S; Garg I; Kumar B,Clinica chimica acta; international journal of clinical chemistry,2020,10.1016/j.cca.2020.01.034,,No,No,
31952355,"Claudin-1, A Double-Edged Sword in Cancer.",Bhat AA; Syed N; Therachiyil L; Nisar S; Hashem S; Macha MA; Yadav SK; Krishnankutty R; Muralitharan S; Al-Naemi H; Bagga P; Reddy R; Dhawan P; Akobeng A; Uddin S; Frenneaux MP; El-Rifai W; Haris M,International journal of molecular sciences,2020,10.3390/ijms21020569,PMC7013445,Yes,Yes,PMID_31952355_PMC7013445.pdf
31932624,Construction of the gene regulatory network identifies MYC as a transcriptional regulator of SWI/SNF complex.,Srikanth S; Ramachandran S; Mohan S S,Scientific reports,2020,10.1038/s41598-019-56844-7,PMC6957478,Yes,Yes,PMID_31932624_PMC6957478.pdf
31930966,Transcriptome profiling and pathway analysis in squamous cell carcinoma of buccal mucosa.,Patel KD; Vora HH; Trivedi TI; Patel JB; Pandya SJ; Jetly DH; Patel PS,Experimental and molecular pathology,2020,10.1016/j.yexmp.2020.104378,,No,No,
31912102,Differential expression pattern of annexin A2 during nephrogenesis and kidney carcinoma.,Sadashiv R; Bannur BM; Shetty P; Dinesh US; Rani H; Vishwanatha J; Deshpande SK; Bargale A; Sarathkumar; Ruikar K,Romanian journal of morphology and embryology = Revue roumaine de morphologie et embryologie,2019,,,No,No,
31768922,Constitutive expression of c-REL in uveal melanoma patients: correlation with clinicopathological parameters and patient outcome.,Singh MK; Singh L; Pushker N; Chosdol K; Bakhshi S; Meel R; Sen S; Kashyap S,Clinical & translational oncology : official publication of the Federation of Spanish Oncology Societies and of the National Cancer Institute of Mexico,2020,10.1007/s12094-019-02247-z,,No,No,
31721713,In Silico Insights on GD2 : A Potential Target for Pediatric Neuroblastoma.,Limaye A; Sweta J; Madhavi M; Mudgal U; Mukherjee S; Sharma S; Hussain T; Nayarisseri A; Singh SK,Current topics in medicinal chemistry,2019,10.2174/1568026619666191112115333,,No,No,
33654901,Immunohistochemical Identification of Muscle Fiber Types in Mice ,Rao VV; Mohanty A,Bio-protocol,2019,10.21769/BioProtoc.3400,PMC7853988,Yes,Yes,PMID_33654901_PMC7853988.pdf
31612319,Differential expression of p52 and RelB proteins in the metastatic and non-metastatic groups of uveal melanoma with patient outcome.,Singh MK; Singh L; Chosdol K; Pushker N; Saini N; Meel R; Bakhshi S; Sen S; Kashyap S,Journal of cancer research and clinical oncology,2019,10.1007/s00432-019-03052-5,PMC11810319,Yes,Yes,PMID_31612319_PMC11810319.pdf
31544692,"Differential Expression of TOM34, AL1A1, PADI2 and KLRBA in NNK Induced Lung Cancer in Wistar Rats and their Implications.",Asad M; Wajid S; Katare DP; Mani RJ; Jain SK,Current cancer drug targets,2019,10.2174/1871525717666190717162646,,No,No,
31482051,Gene Ontology and Expression Studies of Strigolactone Analogues on a Hepatocellular Carcinoma Cell Line.,Hasan MN; Razvi SS; Choudhry H; Hassan MA; Moselhy SS; Kumosani TA; Zamzami MA; Abualnaja KO; Halwani MA; Al-Malki AL; Ragoussis J; Wu W; Bronner C; Asami T; Alhosin M,Analytical cellular pathology (Amsterdam),2019,10.1155/2019/1598182,PMC6701435,Yes,Yes,PMID_31482051_PMC6701435.pdf
31465861,XPO1 is a critical player for bortezomib resistance in multiple myeloma: A quantitative proteomic approach.,Chanukuppa V; Paul D; Taunk K; Chatterjee T; Sharma S; Kumar S; Santra MK; Rapole S,Journal of proteomics,2019,10.1016/j.jprot.2019.103504,,No,No,
31372384,Data on solute carrier transporter genes of a threatened Himalayan fish species - ,Barat A; Sahoo PK; Kumar R; Goel C; Siva C; Ali S,Data in brief,2019,10.1016/j.dib.2019.103712,PMC6660431,Yes,Yes,PMID_31372384_PMC6660431.pdf
31368028,Transcriptomic analysis to affirm the regulatory role of long non-coding RNA in horn cancer of Indian zebu cattle breed Kankrej (Bos indicus).,Sabara PH; Jakhesara SJ; Panchal KJ; Joshi CG; Koringa PG,Functional & integrative genomics,2020,10.1007/s10142-019-00700-4,,No,No,
31352060,Genome-wide analysis of multi-view data of miRNA-seq to identify miRNA biomarkers for stomach cancer.,Pant N; Rakshit S; Paul S; Saha I,Journal of biomedical informatics,2019,10.1016/j.jbi.2019.103254,,No,No,
31339741,"Recombinant Pierisin-5 Induces Apoptosis and Differential Expression of Bcl-2, Bax, and p53 in Human Cancer Cells.",Subbarayan S; Subramanian S; Senthil Kumar N,DNA and cell biology,2019,10.1089/dna.2018.4520,,No,No,
31299394,Role of ectopically expressed mtDNA encoded cytochrome c oxidase subunit I (MT-COI) in tumorigenesis.,Singh RK; Saini SK; Prakasam G; Kalairasan P; Bamezai RNK,Mitochondrion,2019,10.1016/j.mito.2019.07.002,,No,No,
31277598,Novel significant stage-specific differentially expressed genes in hepatocellular carcinoma.,Sarathi A; Palaniappan A,BMC cancer,2019,10.1186/s12885-019-5838-3,PMC6612102,Yes,Yes,PMID_31277598_PMC6612102.pdf
31241128,Functional balance between Tcf21-Slug defines cellular plasticity and migratory modalities in high grade serous ovarian cancer cell lines.,Varankar SS; More M; Abraham A; Pansare K; Kumar B; Narayanan NJ; Jolly MK; Mali AM; Bapat SA,Carcinogenesis,2020,10.1093/carcin/bgz119,,No,No,
31236820,"Outcomes of salvage re-irradiation in recurrent medulloblastoma correlate with age at initial diagnosis, primary risk-stratification, and molecular subgrouping.",Gupta T; Maitre M; Sastri GJ; Krishnatry R; Shirsat N; Epari S; Sahay A; Chinnaswamy G; Patil V; Shetty P; Moiyadi A,Journal of neuro-oncology,2019,10.1007/s11060-019-03225-9,,No,No,
31186453,Differential Expression Profile of NLRs and AIM2 in Glioma and Implications for NLRP12 in Glioblastoma.,Sharma N; Saxena S; Agrawal I; Singh S; Srinivasan V; Arvind S; Epari S; Paul S; Jha S,Scientific reports,2019,10.1038/s41598-019-44854-4,PMC6559951,Yes,Yes,PMID_31186453_PMC6559951.pdf
31145962,Microsatellite instability in mismatch repair and tumor suppressor genes and their expression profiling provide important targets for the development of biomarkers in gastric cancer.,Verma R; Agarwal AK; Sakhuja P; Sharma PC,Gene,2019,10.1016/j.gene.2019.05.051,,No,No,
31036418,The molecular differences between human papillomavirus-positive and -negative oropharyngeal squamous cell carcinoma: A bioinformatics study.,Wang J; Xi X; Shang W; Acharya A; Li S; Savkovic V; Li H; Haak R; Schmidt J; Liu X; Deng Y; Pan H; Obradovic D; Schmalz G; Ziebolz D; Hu X,American journal of otolaryngology,2019,10.1016/j.amjoto.2019.04.015,,No,No,
31016780,Differential expression of Ets-1 in breast cancer among North Indian population.,Nazir SU; Kumar R; Dil-Afroze; Rasool I; Bondhopadhyay B; Singh A; Tripathi R; Singh N; Khan A; Tanwar P; Agrawal U; Mehrotra R; Hussain S,Journal of cellular biochemistry,2019,10.1002/jcb.28716,,No,No,
30997315,"Differential expression of Helios, Neuropilin-1 and FoxP3 in head and neck squamous cell carcinoma (HNSCC) patients.",Adil AAM; Bommanabonia AK; Vaithy A; Kumar S; Waseem M; Jamal S; Ahmed N,3 Biotech,2019,10.1007/s13205-019-1707-7,PMC6468022,Yes,Yes,PMID_30997315_PMC6468022.pdf
30949792,IGF2 is Deregulated During the Development of Uterine Cervical Carcinoma in Indian Patients.,Roychowdhury A; Samadder S; Indra Mazumder D; Das P; Basu M; Mondal R; Roy A; Roychoudhury S; Panda CK,Biochemical genetics,2019,10.1007/s10528-019-09917-1,,No,No,
30949427,Risk of cognition alteration and emotional frailty via circulating transcriptome in treatment naïve head and neck squamous cell cancer patients.,Anusa AM; Thavarajah R,Journal of oral biology and craniofacial research,2019,10.1016/j.jobcr.2019.03.001,PMC6430736,Yes,Yes,PMID_30949427_PMC6430736.pdf
30857225,Prognostic and Clinicopathological Significance of SERTAD1 in Various Types of Cancer Risk: A Systematic Review and Retrospective Analysis.,Mongre RK; Jung S; Mishra CB; Lee BS; Kumari S; Lee MS,Cancers,2019,10.3390/cancers11030337,PMC6469047,Yes,Yes,PMID_30857225_PMC6469047.pdf
30814887,Differential expression of nucleostemin in the cytoplasm and nuclei of normal and cancerous cell lines.,Kavyasudha C; Joel JP; Devi A,Turkish journal of biology = Turk biyoloji dergisi,2018,10.3906/biy-1712-10,PMC6353292,Yes,Yes,PMID_30814887_PMC6353292.pdf
30753097,Radiation-induced DNA damage response and resistance in colorectal cancer stem-like cells.,Anuja K; Chowdhury AR; Saha A; Roy S; Rath AK; Kar M; Banerjee B,International journal of radiation biology,2019,10.1080/09553002.2019.1580401,,No,No,
30726546,Current Evidence on miRNAs as Potential Theranostic Markers for Detecting Chemoresistance in Colorectal Cancer: A Systematic Review and Meta-Analysis of Preclinical and Clinical Studies.,Madurantakam Royam M; Kumarasamy C; Baxi S; Gupta A; Ramesh N; Kodiveri Muthukaliannan G; Jayaraj R,Molecular diagnosis & therapy,2019,10.1007/s40291-019-00381-6,,No,No,
30531924,Volatilomic insight of head and neck cancer via the effects observed on saliva metabolites.,Taware R; Taunk K; Pereira JAM; Shirolkar A; Soneji D; Câmara JS; Nagarajaram HA; Rapole S,Scientific reports,2018,10.1038/s41598-018-35854-x,PMC6286361,Yes,Yes,PMID_30531924_PMC6286361.pdf
30499413,Structure-Based Virtual Screening for the Identification of High Affinity Compounds as Potent VEGFR2 Inhibitors for the Treatment of Renal Cell Carcinoma.,Sharma K; Patidar K; Ali MA; Patil P; Goud H; Hussain T; Nayarisseri A; Singh SK,Current topics in medicinal chemistry,2018,10.2174/1568026619666181130142237,,No,No,
30256698,In silico screening for identification of fatty acid synthase inhibitors and evaluation of their antiproliferative activity using human cancer cell lines.,Nisthul A A; Retnakumari AP; A S; Anto RJ; Sadasivan C,Journal of receptor and signal transduction research,2018,10.1080/10799893.2018.1511730,,No,No,
30250646,Constitutive activation and overexpression of NF-κB/c-Rel in conjunction with p50 contribute to aggressive tongue tumorigenesis.,Gupta S; Kumar P; Kaur H; Sharma N; Gupta S; Saluja D; Bharti AC; Das B,Oncotarget,2018,10.18632/oncotarget.26041,PMC6152474,Yes,Yes,PMID_30250646_PMC6152474.pdf
30203414,A novel bayesian multiple testing approach to deregulated miRNA discovery harnessing positional clustering.,Chandra NK; Singh R; Bhattacharya S,Biometrics,2019,10.1111/biom.12967,,No,No,
30191740,Decoding the LncRNA transcriptome of esophageal cancer: identification of clinically relevant LncRNAs.,Khadirnaikar S; Narayanan SP; Shukla SK,Biomarkers in medicine,2018,10.2217/bmm-2018-0032,,No,No,
29998871,Expression analysis of apolipoproteins AI & AIV in hepatocellular carcinoma: A protein-based hepatocellular carcinoma-associated study.,Bharali D; Banerjee BD; Bharadwaj M; Husain SA; Kar P,The Indian journal of medical research,2018,10.4103/ijmr.IJMR_1358_16,PMC6057253,Yes,Yes,PMID_29998871_PMC6057253.pdf
29948634,Identification and expression of alternatively spliced novel isoforms of cancer associated MYD88 lacking death domain in mouse.,Ishqi HM; Husain MA; Rehman SU; Sarwar T; Tabish M,Molecular biology reports,2018,10.1007/s11033-018-4209-5,,No,No,
29921827,Differential Expression and Pathway Analysis in Drug-Resistant Triple-Negative Breast Cancer Cell Lines Using RNASeq Analysis.,Shaheen S; Fawaz F; Shah S; Büsselberg D,International journal of molecular sciences,2018,10.3390/ijms19061810,PMC6032108,Yes,Yes,PMID_29921827_PMC6032108.pdf
29920292,Novel tumor necrosis factor-α induced protein eight (TNFAIP8/TIPE) family: Functions and downstream targets involved in cancer progression.,Padmavathi G; Banik K; Monisha J; Bordoloi D; Shabnam B; Arfuso F; Sethi G; Fan L; Kunnumakkara AB,Cancer letters,2018,10.1016/j.canlet.2018.06.017,,No,No,
29910635,Impact of semaphorin expression on prognostic characteristics in breast cancer.,Butti R; Kumar TV; Nimma R; Kundu GC,Breast cancer (Dove Medical Press),2018,10.2147/BCTT.S135753,PMC5987790,Yes,Yes,PMID_29910635_PMC5987790.pdf
29888653,Decreased expression of cell adhesion genes in cancer stem-like cells isolated from primary oral squamous cell carcinomas.,Mishra A; Sriram H; Chandarana P; Tanavde V; Kumar RV; Gopinath A; Govindarajan R; Ramaswamy S; Sadasivam S,Tumour biology : the journal of the International Society for Oncodevelopmental Biology and Medicine,2018,10.1177/1010428318780859,,No,No,
32729225,Differentially localized survivin and STAT3 as markers of gastric cancer progression: Association with Helicobacter pylori.,Pandey A; Tripathi SC; Shukla S; Mahata S; Vishnoi K; Misra SP; Misra V; Mitra S; Dwivedi M; Bharti AC,"Cancer reports (Hoboken, N.J.)",2018,10.1002/cnr2.1004,PMC7941477,Yes,Yes,PMID_32729225_PMC7941477.pdf
29795364,AIRE promotes androgen-independent prostate cancer by directly regulating IL-6 and modulating tumor microenvironment.,Kalra R; Bhagyaraj E; Tiwari D; Nanduri R; Chacko AP; Jain M; Mahajan S; Khatri N; Gupta P,Oncogenesis,2018,10.1038/s41389-018-0053-7,PMC5968032,Yes,Yes,PMID_29795364_PMC5968032.pdf
29791912,Differential Expression of MicroRNAs in Breast Cancers from Four Different Ethnicities.,Pollard J; Burns PA; Hughes TA; Ho-Yen C; Jones JL; Mukherjee G; Omoniyi-Esan GO; Titloye NA; Speirs V; Shaaban AM,"Pathobiology : journal of immunopathology, molecular and cellular biology",2018,10.1159/000488456,,No,No,
29695771,Differential expression of IL-6/IL-6R and MAO-A regulates invasion/angiogenesis in breast cancer.,Bharti R; Dey G; Das AK; Mandal M,British journal of cancer,2018,10.1038/s41416-018-0078-x,PMC5988749,Yes,Yes,PMID_29695771_PMC5988749.pdf
29687243,Endorsing cellular competitiveness in aberrant epithelium of oral submucous fibrosis progression: neighbourhood analysis of immunohistochemical attributes.,Anura A; Kazi A; Pal M; Paul RR; Sengupta S; Chatterjee J,Histochemistry and cell biology,2018,10.1007/s00418-018-1671-z,,No,No,
29624120,Density functional theory based probe of the affinity interaction of saccharide ligands with extra-cellular sialic acid residues.,Patel A; Tiwari S; Jha PK,Journal of biomolecular structure & dynamics,2019,10.1080/07391102.2018.1461690,,No,No,
29616188,The Origin and Functions of Exosomes in Cancer.,Rajagopal C; Harikumar KB,Frontiers in oncology,2018,10.3389/fonc.2018.00066,PMC5869252,Yes,Yes,PMID_29616188_PMC5869252.pdf
29596882,SWI/SNF subunit expression heterogeneity in human aplastic anemia stem/progenitors.,Sinha S; Chatterjee SS; Biswas M; Nag A; Banerjee D; De R; Sengupta A,Experimental hematology,2018,10.1016/j.exphem.2018.03.005,,No,No,
29582647,Differential Expression of c-fos Proto-Oncogene in Normal Oral Mucosa versus Squamous Cell Carcinoma.,Krishna A; Bhatt MLB; Singh V; Singh S; Gangwar PK; Singh US; Kumar V; Mehrotra D,Asian Pacific journal of cancer prevention : APJCP,2018,,PMC5980868,Yes,Yes,PMID_29582647_PMC5980868.pdf
29577899,Integrin expression and glycosylation patterns regulate cell-matrix adhesion and alter with breast cancer progression.,Singh C; Shyanti RK; Singh V; Kale RK; Mishra JPN; Singh RP,Biochemical and biophysical research communications,2018,10.1016/j.bbrc.2018.03.169,,No,No,
29576811,Delineating Potential Transcriptomic Association with Organochlorine Pesticides in the Etiology of Epithelial Ovarian Cancer.,Shah HK; Bhat MA; Sharma T; Banerjee BD; Guleria K,The open biochemistry journal,2018,10.2174/1874091X01812010016,PMC5848219,Yes,Yes,PMID_29576811_PMC5848219.pdf
29568403,Exosomal microRNA profiling to identify hypoxia-related biomarkers in prostate cancer.,Panigrahi GK; Ramteke A; Birks D; Abouzeid Ali HE; Venkataraman S; Agarwal C; Vibhakar R; Miller LD; Agarwal R; Abd Elmageed ZY; Deep G,Oncotarget,2018,10.18632/oncotarget.24532,PMC5862624,Yes,Yes,PMID_29568403_PMC5862624.pdf
29466255,Differential Expression of MicroRNAs in Uterine Cervical Cancer and Its Implications in Carcinogenesis; An Integrative Approach.,Nair VB; Manasa VG; Sinto MS; Jayasree K; James FV; Kannan S,International journal of gynecological cancer : official journal of the International Gynecological Cancer Society,2018,10.1097/IGC.0000000000001203,,No,No,
29386578,"A model species for agricultural pest genomics: the genome of the Colorado potato beetle, Leptinotarsa decemlineata (Coleoptera: Chrysomelidae).",Schoville SD; Chen YH; Andersson MN; Benoit JB; Bhandari A; Bowsher JH; Brevik K; Cappelle K; Chen MM; Childers AK; Childers C; Christiaens O; Clements J; Didion EM; Elpidina EN; Engsontia P; Friedrich M; García-Robles I; Gibbs RA; Goswami C; Grapputo A; Gruden K; Grynberg M; Henrissat B; Jennings EC; Jones JW; Kalsi M; Khan SA; Kumar A; Li F; Lombard V; Ma X; Martynov A; Miller NJ; Mitchell RF; Munoz-Torres M; Muszewska A; Oppert B; Palli SR; Panfilio KA; Pauchet Y; Perkin LC; Petek M; Poelchau MF; Record É; Rinehart JP; Robertson HM; Rosendale AJ; Ruiz-Arroyo VM; Smagghe G; Szendrei Z; Thomas GWC; Torson AS; Vargas Jentzsch IM; Weirauch MT; Yates AD; Yocum GD; Yoon JS; Richards S,Scientific reports,2018,10.1038/s41598-018-20154-1,PMC5792627,Yes,Yes,PMID_29386578_PMC5792627.pdf
29342219,The expression profile and prognostic significance of eukaryotic translation elongation factors in different cancers.,Hassan MK; Kumar D; Naik M; Dixit M,PloS one,2018,10.1371/journal.pone.0191377,PMC5771626,Yes,Yes,PMID_29342219_PMC5771626.pdf
29331028,Alteration in microRNA-17-92 dynamics accounts for differential nature of cellular proliferation.,Sengupta D; Govindaraj V; Kar S,FEBS letters,2018,10.1002/1873-3468.12974,,No,No,
29283339,"KAI1/CD82, Metastasis Suppressor Gene as a Therapeutic Target for Non-Small-Cell Lung Carcinoma.",Prabhu VV; Devaraj SN,"Journal of environmental pathology, toxicology and oncology : official organ of the International Society for Environmental Toxicology and Cancer",2017,10.1615/JEnvironPatholToxicolOncol.2017024619,,No,No,
29248526,Significant alterations of the novel 15 gene signature identified from macrophage-tumor interactions in breast cancer.,Singh R; Dagar P; Pal S; Basu B; Shankar BS,Biochimica et biophysica acta. General subjects,2018,10.1016/j.bbagen.2017.12.004,,No,No,
29246520,A Stack-based Ensemble Framework for Detecting Cancer MicroRNA Biomarkers.,Saha S; Mitra S; Yadav RK,"Genomics, proteomics & bioinformatics",2017,10.1016/j.gpb.2016.10.006,PMC5828659,Yes,Yes,PMID_29246520_PMC5828659.pdf
29226952,"Differential expression of microRNAs let-7a, miR-125b, miR-100, and miR-21 and interaction with NF-kB pathway genes in periodontitis pathogenesis.",Venugopal P; Koshy T; Lavu V; Ranga Rao S; Ramasamy S; Hariharan S; Venkatesan V,Journal of cellular physiology,2018,10.1002/jcp.26391,,No,No,
29199590,Regulating RNA Binding Motif 5 Gene Expression- A Novel Therapeutic Target for Lung Cancer.,Prabhu VV; Devaraj N,"Journal of environmental pathology, toxicology and oncology : official organ of the International Society for Environmental Toxicology and Cancer",2017,10.1615/JEnvironPatholToxicolOncol.2017019366,,No,No,
29162408,Downregulation of Notch4 - a prognostic marker in distinguishing oral verrucous carcinoma from oral squamous cell carcinoma.,Harishankar MK; Mohan AM; Krishnan AV; Devi A,Brazilian journal of otorhinolaryngology,2019,10.1016/j.bjorl.2017.09.005,PMC9442864,Yes,Yes,PMID_29162408_PMC9442864.pdf
29079319,Knockdown of PINCH-1 protein sensitizes the estrogen positive breast cancer cells to chemotherapy induced apoptosis.,Bhatia A; Muthusamy S; Giridhar K; Goel S,"Pathology, research and practice",2018,10.1016/j.prp.2017.09.026,,No,No,
29078088,Inhibition of Notch signalling has ability to alter the proximal and distal TCR signalling events in human CD3,Dar AA; Bhat SA; Gogoi D; Gokhale A; Chiplunkar SV,Molecular immunology,2017,10.1016/j.molimm.2017.10.013,,No,No,
29077234,DNA methylation regulated microRNAs in human cervical cancer.,Varghese VK; Shukla V; Kabekkodu SP; Pandey D; Satyamoorthy K,Molecular carcinogenesis,2018,10.1002/mc.22761,,No,No,
29066742,Cardamonin inhibits colonic neoplasia through modulation of MicroRNA expression.,James S; Aparna JS; Paul AM; Lankadasari MB; Mohammed S; Binu VS; Santhoshkumar TR; Reshmi G; Harikumar KB,Scientific reports,2017,10.1038/s41598-017-14253-8,PMC5655681,Yes,Yes,PMID_29066742_PMC5655681.pdf
29022249,Common Subcluster Mining in Microarray Data for Molecular Biomarker Discovery.,Sadhu A; Bhattacharyya B,"Interdisciplinary sciences, computational life sciences",2019,10.1007/s12539-017-0262-3,,No,No,
28941018,Role of non-coding RNAs in head and neck squamous cell carcinoma: A narrative review.,Sannigrahi MK; Sharma R; Panda NK; Khullar M,Oral diseases,2018,10.1111/odi.12782,,No,No,
28930517,miRNA as viral transcription tuners in HPV-mediated cervical carcinogenesis.,Shishodia G; Verma G; Das BC; Bharti AC,Frontiers in bioscience (Scholar edition),2018,,,No,No,
28916481,"Identification of 2,4-dihydroxy-5-pyrimidinyl imidothiocarbomate as a novel inhibitor to Y box binding protein-1 (YB-1) and its therapeutic actions against breast cancer.",Gunasekaran VP; Nishi K; Sivakumar D; Sivaraman T; Mathan G,European journal of pharmaceutical sciences : official journal of the European Federation for Pharmaceutical Sciences,2018,10.1016/j.ejps.2017.09.019,,No,No,
28704482,Proteomic identification of proteins differentially expressed following overexpression of hTERT (human telomerase reverse transcriptase) in cancer cells.,Jaiswal RK; Kumar P; Sharma A; Mishra DK; Yadava PK,PloS one,2017,10.1371/journal.pone.0181027,PMC5509255,Yes,Yes,PMID_28704482_PMC5509255.pdf
28414093,Imbalance in leptin-adiponectin levels and leptin receptor expression as chief contributors to triple negative breast cancer progression in Northeast India.,Sultana R; Kataki AC; Borthakur BB; Basumatary TK; Bose S,Gene,2017,10.1016/j.gene.2017.04.021,,No,No,
28390038,Integrative transcriptome analysis of liver cancer profiles identifies upstream regulators and clinical significance of ACSM3 gene expression.,Gopal R; Selvarasu K; Pandian PP; Ganesan K,"Cellular oncology (Dordrecht, Netherlands)",2017,10.1007/s13402-017-0321-0,,No,No,
28386843,Differential expression of AP-1 transcription factors in human prostate LNCaP and PC-3 cells: role of Fra-1 in transition to CRPC status.,Kavya K; Kumar MN; Patil RH; Hegde SM; Kiran Kumar KM; Nagesh R; Babu RL; Ramesh GT; Chidananda Sharma S,Molecular and cellular biochemistry,2017,10.1007/s11010-017-3012-2,,No,No,
28276309,Analysis of MicroRNA-mRNA Interactions in Stem Cell-Enriched Fraction of Oral Squamous Cell Carcinoma.,Richard V; Raju R; Paul AM; Girijadevi R; Santhosh Kumar TR; Pillai MR,Oncology research,2018,10.3727/096504017X14881490607028,PMC7844552,Yes,Yes,PMID_28276309_PMC7844552.pdf
28268260,Impact of genetic variations and transcriptional alterations of HLA class I genes on cervical cancer pathogenesis.,Das Ghosh D; Mukhopadhyay I; Bhattacharya A; Roy Chowdhury R; Mandal NR; Roy S; Sengupta S,International journal of cancer,2017,10.1002/ijc.30681,,No,No,
28261681,Immunohistochemical analysis of estrogen receptors in prostate and clinical correlation in men with benign prostatic hyperplasia.,Gangkak G; Bhattar R; Mittal A; Yadav SS; Tomar V; Yadav A; Mehta J,Investigative and clinical urology,2017,10.4111/icu.2017.58.2.117,PMC5330371,Yes,Yes,PMID_28261681_PMC5330371.pdf
28190385,Evidence of PKC Binding and Translocation to Explain the Anticancer Mechanism of Chlorogenic Acid in Breast Cancer Cells.,Deka SJ; Gorai S; Manna D; Trivedi V,Current molecular medicine,2017,10.2174/1566524017666170209160619,,No,No,
28169232,Membrane-bound versus soluble major histocompatibility complex Class I-related chain A and major histocompatibility complex Class I-related chain B differential expression: Mechanisms of tumor eradication versus evasion and current drug development strategies.,Suresh PK,Journal of cancer research and therapeutics,2016,10.4103/0973-1482.176169,,No,No,
28163185,"Genomic characterization and dynamic methylation of promoter facilitates transcriptional regulation of H2A variants, H2A.1 and H2A.2 in various pathophysiological states of hepatocyte.",Tyagi M; Reddy D; Gupta S,The international journal of biochemistry & cell biology,2017,10.1016/j.biocel.2017.01.019,,No,No,
28155253,Characterization of key transcription factors as molecular signatures of HPV-positive and HPV-negative oral cancers.,Verma G; Vishnoi K; Tyagi A; Jadli M; Singh T; Goel A; Sharma A; Agarwal K; Prasad SC; Pandey D; Sharma S; Mehrotra R; Singh SM; Bharti AC,Cancer medicine,2017,10.1002/cam4.983,PMC5345654,Yes,Yes,PMID_28155253_PMC5345654.pdf
28148735,Sequence and Phylogenetic Analysis of the Untranslated Promoter Regions for ,Ramsuran V; Hernández-Sanchez PG; O'hUigin C; Sharma G; Spence N; Augusto DG; Gao X; García-Sepúlveda CA; Kaur G; Mehra NK; Carrington M,"Journal of immunology (Baltimore, Md. : 1950)",2017,10.4049/jimmunol.1601679,PMC5340644,Yes,Yes,PMID_28148735_PMC5340644.pdf
28122525,An approach to forecast human cancer by profiling microRNA expressions from NGS data.,Salim A; Amjesh R; Chandra SS,BMC cancer,2017,10.1186/s12885-016-3042-2,PMC5267436,Yes,Yes,PMID_28122525_PMC5267436.pdf
28120356,Understanding the role of structural integrity and differential expression of integrin profiling to identify potential therapeutic targets in breast cancer.,Das V; Kalyan G; Hazra S; Pal M,Journal of cellular physiology,2018,10.1002/jcp.25821,,No,No,
28102867,A systems approach for the elucidation of crucial genes and network constituents of cervical intraepithelial neoplasia 1 (CIN1).,Suman S; Mishra A; Kulshrestha A,Molecular bioSystems,2017,10.1039/c6mb00615a,,No,No,
28096648,Identification of Genetic and Epigenetic Variants Associated with Breast Cancer Prognosis by Integrative Bioinformatics Analysis.,Shilpi A; Bi Y; Jung S; Patra SK; Davuluri RV,Cancer informatics,2017,10.4137/CIN.S39783,PMC5224237,Yes,Yes,PMID_28096648_PMC5224237.pdf
28055971,Src promotes castration-recurrent prostate cancer through androgen receptor-dependent canonical and non-canonical transcriptional signatures.,Chattopadhyay I; Wang J; Qin M; Gao L; Holtz R; Vessella RL; Leach RW; Gelman IH,Oncotarget,2017,10.18632/oncotarget.14401,PMC5354662,Yes,Yes,PMID_28055971_PMC5354662.pdf
28000977,SILAC-based quantitative proteomic analysis reveals widespread molecular alterations in human skin keratinocytes upon chronic arsenic exposure.,Mir SA; Pinto SM; Paul S; Raja R; Nanjappa V; Syed N; Advani J; Renuse S; Sahasrabuddhe NA; Prasad TS; Giri AK; Gowda H; Chatterjee A,Proteomics,2017,10.1002/pmic.201600257,,No,No,
30258898,Differential alterations of positive and negative regulators of beta catenin enhance endogenous expression and activity of beta catenin in A549 non small cell lung cancer (NSCLC) cells.,Ghatak S; Raha S,Genes & diseases,2016,10.1016/j.gendis.2016.10.004,PMC6147136,Yes,Yes,PMID_30258898_PMC6147136.pdf
27718302,Evaluation of new markers for minimal residual disease monitoring in B-cell precursor acute lymphoblastic leukemia: CD73 and CD86 are the most relevant new markers to increase the efficacy of MRD 2016; 00B: 000-000.,Tembhare PR; Ghogale S; Ghatwai N; Badrinath Y; Kunder N; Patkar NV; Bibi AR; Chatterjee G; Arora B; Narula G; Banawali S; Deshpande N; Amare P; Gujral S; Subramanian PG,"Cytometry. Part B, Clinical cytometry",2018,10.1002/cyto.b.21486,,No,No,
27730241,Deciphering the cross-talking of human competitive endogenous RNAs in K562 chronic myelogenous leukemia cell line.,Sen K; Sarkar A; Maji RK; Ghosh Z; Gupta S; Ghosh TC,Molecular bioSystems,2016,,,No,No,
27648352,"Glucose transport: meeting the metabolic demands of cancer, and applications in glioblastoma treatment.",Labak CM; Wang PY; Arora R; Guda MR; Asuthkar S; Tsung AJ; Velpula KK,American journal of cancer research,2016,,PMC5004066,Yes,Yes,PMID_27648352_PMC5004066.pdf
27593890,"Matrix reloaded: CCN, tenascin and SIBLING group of matricellular proteins in orchestrating cancer hallmark capabilities.",Thakur R; Mishra DP,Pharmacology & therapeutics,2016,10.1016/j.pharmthera.2016.09.002,,No,No,
27584160,Differential Expression of Stem Cell Markers in Ocular Surface Squamous Neoplasia.,Mishra DK; Veena U; Kaliki S; Kethiri AR; Sangwan VS; Ali MH; Naik MN; Singh V,PloS one,2016,10.1371/journal.pone.0161800,PMC5008752,Yes,Yes,PMID_27584160_PMC5008752.pdf
27561007,Molecular Understanding of Growth Inhibitory Effect from Irradiated to Bystander Tumor Cells in Mouse Fibrosarcoma Tumor Model.,Desai S; Srambikkal N; Yadav HD; Shetake N; Balla MM; Kumar A; Ray P; Ghosh A; Pandey BN,PloS one,2016,10.1371/journal.pone.0161662,PMC4999205,Yes,Yes,PMID_27561007_PMC4999205.pdf
27454254,"Abstracts from the 3rd International Genomic Medicine Conference (3rd IGMC 2015) : Jeddah, Kingdom of Saudi Arabia. 30 November - 3 December 2015.",Shay JW; Homma N; Zhou R; Naseer MI; Chaudhary AG; Al-Qahtani M; Hirokawa N; Goudarzi M; Fornace AJ; Baeesa S; Hussain D; Bangash M; Alghamdi F; Schulten HJ; Carracedo A; Khan I; Qashqari H; Madkhali N; Saka M; Saini KS; Jamal A; Al-Maghrabi J; Abuzenadah A; Chaudhary A; Al Qahtani M; Damanhouri G; Alkhatabi H; Goodeve A; Crookes L; Niksic N; Beauchamp N; Abuzenadah AM; Vaught J; Budowle B; Assidi M; Buhmeida A; Al-Maghrabi J; Buhmeida A; Assidi M; Merdad L; Kumar S; Miura S; Gomez K; Carracedo A; Rasool M; Rebai A; Karim S; Eldin HFN; Abusamra H; Alhathli EM; Salem N; Al-Qahtani MH; Kumar S; Faheem H; Agarwa A; Nieschlag E; Wistuba J; Damm OS; Beg MA; Abdel-Meguid TA; Mosli HA; Bajouh OS; Abuzenadah AM; Al-Qahtani MH; Coskun S; Abu-Elmagd M; Buhmeida A; Dallol A; Al-Maghrabi J; Hakamy S; Al-Qahtani W; Al-Harbi A; Hussain S; Assidi M; Al-Qahtani M; Abuzenadah A; Ozkosem B; DuBois R; Messaoudi SS; Dandana MT; Mahjoub T; Almawi WY; Abdalla S; Al-Aama MN; Elzawahry A; Takahashi T; Mimaki S; Furukawa E; Nakatsuka R; Kurosaka I; Nishigaki T; Nakamura H; Serada S; Naka T; Hirota S; Shibata T; Tsuchihara K; Nishida T; Kato M; Mehmood S; Ashraf NM; Asif A; Bilal M; Mehmood MS; Hussain A; Jamal QMS; Siddiqui MU; Alzohairy MA; Al Karaawi MA; Nedjadi T; Al-Maghrabi J; Assidi M; Al-Khattabi H; Al-Ammari A; Al-Sayyad A; Buhmeida A; Al-Qahtani M; Zitouni H; Raguema N; Ali MB; Malah W; Lfalah R; Almawi W; Mahjoub T; Elanbari M; Ptitsyn A; Mahjoub S; El Ghali R; Achour B; Amor NB; Assidi M; N’siri B; Morjani H; Nedjadi T; Al-Ammari A; Al-Sayyad A; Salem N; Azhar E; Al-Maghrabi J; Chayeb V; Dendena M; Zitouni H; Zouari-Limayem K; Mahjoub T; Refaat B; Ashshi AM; Batwa SA; Ramadan H; Awad A; Ateya A; El-Shemi AGA; Ashshi A; Basalamah M; Na Y; Yun CO; El-Shemi AGA; Ashshi A; Basalamah M; Na Y; Yun CO; El-Shemi AG; Refaat B; Kensara O; Abdelfattah A; Dheeb BI; Al-Halbosiy MMF; Al lihabi RK; Khashman BM; Laiche D; Adeel C; Taoufik N; Al-Afghani H; Łastowska M; Al-Balool HH; Sheth H; Mercer E; Coxhead JM; Redfern CPF; Peters H; Burt AD; Santibanez-Koref M; Bacon CM; Chesler L; Rust AG; Adams DJ; Williamson D; Clifford SC; Jackson MS; Singh M; Mansuri MS; Jadeja SD; Patel H; Marfatia YS; Begum R; Mohamed AM; Kamel AK; Helmy NA; Hammad SA; Kayed HF; Shehab MI; El Gerzawy A; Ead MM; Ead OM; Mekkawy M; Mazen I; El-Ruby M; Shahid SMA; Jamal QMS; Arif JM; Lohani M; Imen M; Leila C; Houyem O; Kais D; Fethi CDM; Mohamed B; Salem A; Faggad A; Gebreslasie AT; Zaki HY; Abdalla BE; AlShammari MS; Al-Ali R; Al-Balawi N; Al-Enazi M; Al-Muraikhi A; Busaleh F; Al-Sahwan A; Borgio F; Sayyed A; Al-Ali A; Acharya S; Zaki MS; El-Bassyouni HT; Shehab MI; Elshal MF; M. K; Aldahlawi AM; Saadah O; McCoy JP; El-Tarras AE; Awad NS; Alharthi AA; Ibrahim MMM; Alsehli HS; Dallol A; Gari AM; Abbas MM; Kadam RA; Gari MM; Alkaff MH; Abuzenadah AM; Gari MA; Abusamra H; Karim S; eldin HFN; Alhathli EM; Salem N; Kumar S; Al-Qahtani MH; Moradi FA; Rashidi OM; Awan ZA; Kaya IH; Al-Harazi O; Colak D; Alkousi NA; Athanasopoulos T; Bahmaid AO; Alhwait EA; Gari MA; Alsehli HS; Abbas MM; Alkaf MH; Kadam R; Dallol A; Kalamegam G; Eldin HFN; Karim S; Abusamra H; Alhathli E; Salem N; Al-Qahtani MH; Kumar S; Alsayed SN; Aljohani FH; Habeeb SM; Almashali RA; Basit S; Ahmed SM; Sharma R; Agarwal A; Durairajanayagam D; Samanta L; Abu-Elmagd M; Abuzenadah AM; Sabanegh ES; Assidi M; Al-Qahtani M; Agarwal A; Sharma R; Samanta L; Durairajanayagam D; Assidi M; Abu-Elmagd M; Al-Qahtani M; Abuzenadah AM; Sabanegh ES; Samanta L; Agarwal A; Sharma R; Cui Z; Assidi M; Abuzenadah AM; Abu-Elmagd M; Al-Qahtani M; Alboogmi AA; Alansari NA; Al-Quaiti MM; Ashgan FT; Bandah A; Jamal HS; Rozi A; Mirza Z; Abuzenadah AM; Karim S; Al-Qahtani MH; Karim S; Schulten HJ; Al Sayyad AJ; Farsi HMA; Al-Maghrabi JA; Mirza Z; Alotibi R; Al-Ahmadi A; Alansari NA; Albogmi AA; Al-Quaiti MM; Ashgan FT; Bandah A; Al-Qahtani MH; Ebiya RA; Darwish SM; Montaser MM; Abusamra H; Bajic VB; Al-Maghrabi J; Gomaa W; Hanbazazh M; Al-Ahwal M; Al-Harbi A; Al-Qahtani W; Hakamy S; Baba G; Buhmeida A; Al-Qahtani M; Al-Maghrabi J; Al-Harbi A; Al-Ahwal M; Al-Harbi A; Al-Qahtani W; Hakamy S; Baba G; Buhmeida A; Al-Qahtani M; Alhathli EM; Karim S; Salem N; Eldin HN; Abusamra H; Kumar S; Al-Qahtani MH; Alyamani AA; Kalamegam G; Alhwait EA; Gari MA; Abbas MM; Alkaf MH; Alsehli HS; Kadam RA; Al-Qahtani M; Gadi R; Buhmeida A; Assidi M; Chaudhary A; Merdad L; Alfakeeh SM; Alhwait EA; Gari MA; Abbas MM; Alkaf MH; Alsehli HS; Kadam R; Kalamegam G; Ghazala R; Mathew S; Hamed MH; Assidi M; Al-Qahtani M; Qadri I; Mathew S; Mira L; Shaabad M; Hussain S; Assidi M; Abu-Elmagd M; Al-Qahtani M; Mathew S; Shaabad M; Mira L; Hussain S; Assidi M; Abu-Elmagd M; Al-Qahtani M; Rebai A; Assidi M; Buhmeida A; Abu-Elmagd M; Dallol A; Shay JW; Almutairi MH; Ambers A; Churchill J; King J; Stoljarova M; Gill-King H; Assidi M; Abu-Elmagd M; Buhmeida A; Al-Qatani M; Budowle B; Abu-Elmagd M; Ahmed F; Dallol A; Assidi M; Almagd TA; Hakamy S; Agarwal A; Al-Qahtani M; Abuzenadah A; Karim S; Schulten HJ; Al Sayyad AJ; Farsi HMA; Al-Maghrabi JA; Buhmaida A; Mirza Z; Alotibi R; Al-Ahmadi A; Alansari NA; Albogmi AA; Al-Quaiti MM; Ashgan FT; Bandah A; Al-Qahtani MH; Satar R; Rasool M; Ahmad W; Nazam N; Lone MI; Naseer MI; Jamal MS; Zaidi SK; Pushparaj PN; Jafri MA; Ansari SA; Alqahtani MH; Bashier H; Al Qahtani A; Mathew S; Nour AM; Alkhatabi H; Zenadah AMA; Buhmeida A; Assidi M; Al Qahtani M; Faheem M; Mathew S; Mathew S; Pushparaj PN; Al-Qahtani MH; Alhadrami HA; Dallol A; Abuzenadah A; Hussein IR; Chaudhary AG; Bader RS; Bassiouni R; Alquaiti M; Ashgan F; Schulten H; Alama MN; Al Qahtani MH; Lone MI; Nizam N; Ahmad W; Jafri MA; Rasool M; Ansari SA; Al-Qahtani MH; Alshihri E; Abu-Elmagd M; Alharbi L; Assidi M; Al-Qahtani M; Mathew S; Natesan PP; Al Qahtani M; Kalamegam G; Pushparaj PN; Khan F; Kadam R; Ahmed F; Assidi M; Sait KHW; Anfinan N; Al Qahtani M; Naseer MI; Chaudhary AG; Jamal MS; Mathew S; Mira LS; Pushparaj PN; Ansari SA; Rasool M; AlQahtani MH; Naseer MI; Chaudhary AG; Mathew S; Mira LS; Jamal MS; Sogaty S; Bassiouni RI; Rasool M; AlQahtani MH; Rasool M; Ansari SA; Jamal MS; Pushparaj PN; Sibiani AMS; Ahmad W; Buhmeida A; Jafri MA; Warsi MK; Naseer MI; Al-Qahtani MH; Rubi; Kumar K; Naqvi AAT; Ahmad F; Hassan MI; Jamal MS; Rasool M; AlQahtani MH; Ali A; Jarullah J; Rasool M; Buhmeida A; Khan S; Abdussami G; Mahfooz M; Kamal MA; Damanhouri GA; Jamal MS; Jarullah B; Jarullah J; Jarullah MSS; Ali A; Rasool M; Jamal MS; Assidi M; Abu-Elmagd M; Bajouh O; Pushparaj PN; Al-Qahtani M; Abuzenadah A; Jamal MS; Jarullah J; Mathkoor AEA; Alsalmi HMA; Oun AMM; Damanhauri GA; Rasool M; AlQahtani MH; Naseer MI; Rasool M; Sogaty S; Chudhary AG; Abutalib YA; Merico D; Walker S; Marshall CR; Zarrei M; Scherer SW; Al-Qahtani MH; Naseer MI; Faheem M; Chaudhary AG; Rasool M; Kalamegam G; Ashgan FT; Assidi M; Ahmed F; Zaidi SK; Jan MM; Al-Qahtani MH; Al-Zahrani M; Lary S; Hakamy S; Dallol A; Al-Ahwal M; Al-Maghrabi J; Dermitzakis E; Abuzenadah A; Buhmeida A; Al-Qahtani M; Al-refai AA; Saleh M; Yassien RI; Kamel M; Habeb RM; Filimban N; Dallol A; Ghannam N; Al-Qahtani M; Abuzenadah AM; Bibi F; Akhtar S; Azhar EI; Yasir M; Nasser MI; Jiman-Fatani AA; Sawan A; Lahzah RA; Ali A; Hassan SA; Hasnain SE; Tayubi IA; Abujabal HA; Magrabi AO; Khan F; Kalamegam G; Pushparaj PN; Abuzenada A; Kumosani TA; Barbour E; Al-Qahtani M; Shabaad M; Mathew S; Dallol A; Merdad A; Buhmeida A; Al-Qahtani M; Assidi M; Abu-Elmagd M; Gauthaman K; Gari M; Chaudhary A; Abuzenadah A; Pushparaj PN; Al-Qahtani M; Hassan SA; Tayubi IA; Aljahdali HMA; Al Nono R; Gari M; Alsehli H; Ahmed F; Abbas M; Kalamegam G; Al-Qahtani M; Mathew S; Khan F; Rasool M; Jamal MS; Naseer MI; Mirza Z; Karim S; Ansari S; Assidi M; Kalamegam G; Gari M; Chaudhary A; Abuzenadah A; Pushparaj PN; Al-Qahtani M; Abu-Elmagd M; Kalamegam G; Kadam R; Alghamdi MA; Shamy M; Costa M; Khoder MI; Assidi M; Pushparaj PN; Gari M; Al-Qahtani M; Kharrat N; Belmabrouk S; Abdelhedi R; Benmarzoug R; Assidi M; Al Qahtani MH; Rebai A; Dhamanhouri G; Pushparaj PN; Noorwali A; Alwasiyah MK; Bahamaid A; Alfakeeh S; Alyamani A; Alsehli H; Abbas M; Gari M; Mobasheri A; Kalamegam G; Al-Qahtani M; Faheem M; Mathew S; Pushparaj PN; Al-Qahtani MH; Mathew S; Faheem M; Mathew S; Pushparaj PN; Al-Qahtani MH; Jamal MS; Zaidi SK; Khan R; Bhatia K; Al-Qahtani MH; Ahmad S; AslamTayubi I; Tripathi M; Hassan SA; Shrivastava R; Tayubi IA; Hassan S; Abujabal HAS; Shah I; Jarullah B; Jamal MS; Jarullah J; Sheikh IA; Ahmad E; Jamal MS; Rehan M; Abu-Elmagd M; Tayubi IA; AlBasri SF; Bajouh OS; Turki RF; Abuzenadah AM; Damanhouri GA; Beg MA; Al-Qahtani M; Hammoudah SAF; AlHarbi KM; El-Attar LM; Darwish AMZ; Ibrahim SM; Dallol A; Choudhry H; Abuzenadah A; Awlia J; Chaudhary A; Ahmed F; Al-Qahtani M; Jafri MA; Abu-Elmagd M; Assidi M; Al-Qahtani M; khan I; Yasir M; Azhar EI; Al-basri S; Barbour E; Kumosani T; Khan F; Kalamegam G; Pushparaj PN; Abuzenada A; Kumosani TA; Barbour E; EL Sayed HM; Hafez EA; Schulten HJ; Elaimi AH; Hussein IR; Bassiouni RI; Alwasiyah MK; Wintle RF; Chaudhary A; Scherer SW; Al-Qahtani M; Mirza Z; Pillai VG; Karim S; Sharma S; Kaur P; Srinivasan A; Singh TP; Al-Qahtani M; Alotibi R; Al-Ahmadi A; Al-Adwani F; Hussein D; Karim S; Al-Sharif M; Jamal A; Al-Ghamdi F; Al-Maghrabi J; Baeesa SS; Bangash M; Chaudhary A; Schulten HJ; Al-Qahtani M; Faheem M; Pushparaj PN; Mathew S; Kumosani TA; Kalamegam G; Al-Qahtani M; Al-Allaf FA; Abduljaleel Z; Alashwal A; Taher MM; Bouazzaoui A; Abalkhail H; Ba-Hammam FA; Athar M; Kalamegam G; Pushparaj PN; Abu-Elmagd M; Ahmed F; Sait KH; Anfinan N; Gari M; Chaudhary A; Abuzenadah A; Assidi M; Al-Qahtani M; Mami NB; Haffani YZ; Medhioub M; Hamzaoui L; Cherif A; Azouz M; Kalamegam G; Khan F; Mathew S; Nasser MI; Rasool M; Ahmed F; Pushparaj PN; Al-Qahtani M; Turkistany SA; Al-harbi LM; Dallol A; Sabir J; Chaudhary A; Abuzenadah A; Al-Madoudi B; Al-Aslani B; Al-Harbi K; Al-Jahdali R; Qudaih H; Al Hamzy E; Assidi M; Al Qahtani M; Ilyas AM; Ahmed Y; Gari M; Ahmed F; Alqahtani M; Salem N; Karim S; Alhathli EM; Abusamra H; Eldin HFN; Al-Qahtani MH; Kumar S; Al-Adwani F; Hussein D; Al-Sharif M; Jamal A; Al-Ghamdi F; Al-Maghrabi J; Baeesa SS; Bangash M; Chaudhary A; Al-Qahtani M; Schulten HJ; Alamandi A; Alotibi R; Hussein D; Karim S; Al-Maghrabi J; Al-Ghamdi F; Jamal A; Baeesa SS; Bangash M; Chaudhary A; Schulten HJ; Al-Qahtani M; Subhi O; Bagatian N; Karim S; Al-Johari A; Al-Hamour OA; Al-Aradati H; Al-Mutawa A; Al-Mashat F; Al-Maghrabi J; Schulten HJ; Al-Qahtani M; Bagatian N; Subhi O; Karim S; Al-Johari A; Al-Hamour OA; Al-Mutawa A; Al-Aradati H; Al-Mashat F; Al-Qahtani M; Schulten HJ; Al-Maghrabi J; shah MW; Yasir M; Azhar EI; Al-Masoodi S; Haffani YZ; Azouz M; Khamla E; Jlassi C; Masmoudi AS; Cherif A; Belbahri L; Al-Khayyat S; Attas R; Abu-Sanad A; Abuzinadah M; Merdad A; Dallol A; Chaudhary A; Al-Qahtani M; Abuzenadah A; Bouazzi H; Trujillo C; Alwasiyah MK; Al-Qahtani M; Alotaibi M; Nassir R; Sheikh IA; Kamal MA; Jiffri EH; Ashraf GM; Beg MA; Aziz MA; Ali R; Rasool M; Jamal MS; Samman N; Abdussami G; Periyasamy S; Warsi MK; Aldress M; Al Otaibi M; Al Yousef Z; Boudjelal M; Buhmeida A; Al-Qahtani MH; AlAbdulkarim I; Ghazala R; Mathew S; Hamed MH; Assidi M; Al-Qahtani M; Qadri I; Sheikh IA; Abu-Elmagd M; Turki RF; Damanhouri GA; Beg MA; Suhail M; Qureshi A; Jamal A; Pushparaj PN; Al-Qahtani M; Qadri I; El-Readi MZ; Eid SY; Wink M; Isa AM; Alnuaim L; Almutawa J; Abu-Rafae B; Alasiri S; Binsaleh S; Nazam N; Lone MI; Ahmad W; Ansari SA; Alqahtani MH,BMC genomics,2016,10.1186/s12864-016-2858-0,PMC4959372,Yes,Yes,PMID_27454254_PMC4959372.pdf
27288358,A Minimal DNA Methylation Signature in Oral Tongue Squamous Cell Carcinoma Links Altered Methylation with Tumor Attributes.,Krishnan NM; Dhas K; Nair J; Palve V; Bagwan J; Siddappa G; Suresh A; Kekatpure VD; Kuriakose MA; Panda B,Molecular cancer research : MCR,2016,10.1158/1541-7786.MCR-15-0395,,No,No,
27256632,Imbalance between matrix metalloproteinases and their tissue inhibitors in preeclampsia and gestational trophoblastic diseases.,Rahat B; Sharma R; Bagga R; Hamid A; Kaur J,"Reproduction (Cambridge, England)",2016,10.1530/REP-16-0060,,No,No,
27245063,Identifying significant microRNA-mRNA pairs associated with breast cancer subtypes.,Bhattacharyya M; Nath J; Bandyopadhyay S,Molecular biology reports,2016,10.1007/s11033-016-4021-z,,No,No,
27167447,Dynamics of GFP-Fusion p110α and p110β Isoforms of PI3K Signaling Pathway in Normal and Cancer Cells.,Singh P; Dar MS; Singh G; Jamwal G; Sharma PR; Ahmad M; Dar MJ,Journal of cellular biochemistry,2016,10.1002/jcb.25598,,No,No,
27140846,Elucidation of molecular and functional heterogeneity through differential expression network analyses of discrete tumor subsets.,Naik RR; Gardi NL; Bapat SA,Scientific reports,2016,10.1038/srep25261,PMC4853737,Yes,Yes,PMID_27140846_PMC4853737.pdf
27122255,Regulation of expression of microRNAs by DNA methylation in lung cancer.,Singh DK; Bose S; Kumar S,"Biomarkers : biochemical indicators of exposure, response, and susceptibility to chemicals",2016,10.3109/1354750X.2016.1171906,,No,No,
27066976,Ganglioside GM2 mediates migration of tumor cells by interacting with integrin and modulating the downstream signaling pathway.,Kundu M; Mahata B; Banerjee A; Chakraborty S; Debnath S; Ray SS; Ghosh Z; Biswas K,Biochimica et biophysica acta,2016,10.1016/j.bbamcr.2016.04.004,,No,No,
27060408,IDPT: Insights into potential intrinsically disordered proteins through transcriptomic analysis of genes for prostate carcinoma epigenetic data.,Mallik S; Sen S; Maulik U,Gene,2016,10.1016/j.gene.2016.03.056,,No,No,
27056547,Oral squamous cell carcinoma: microRNA expression profiling and integrative analyses for elucidation of tumourigenesis mechanism.,Manikandan M; Deva Magendhra Rao AK; Arunkumar G; Manickavasagam M; Rajkumar KS; Rajaraman R; Munirajan AK,Molecular cancer,2016,10.1186/s12943-016-0512-8,PMC4823852,Yes,Yes,PMID_27056547_PMC4823852.pdf
27042567,"Major Protein of Carcinoembryonic Antigen Gene Family - CD66c, A Novel Marker in Colon Carcinoma.",Nataraj SM; Prema CL; Vimalambike MG; Shivalingaiah SC; Sundaram S; Kumar AP; Math AK; Prashant A,Journal of clinical and diagnostic research : JCDR,2016,10.7860/JCDR/2016/17180.7286,PMC4800633,Yes,Yes,PMID_27042567_PMC4800633.pdf
27034264,Cyclin D1 and cyclin E2 are differentially expressed in gastric cancer.,Kumari S; Puneet; Prasad SB; Yadav SS; Kumar M; Khanna A; Dixit VK; Nath G; Singh S; Narayan G,"Medical oncology (Northwood, London, England)",2016,10.1007/s12032-016-0754-8,,No,No,
26988248,Cervical Cancer Stem Cells Selectively Overexpress HPV Oncoprotein E6 that Controls Stemness and Self-Renewal through Upregulation of HES1.,Tyagi A; Vishnoi K; Mahata S; Verma G; Srivastava Y; Masaldan S; Roy BG; Bharti AC; Das BC,Clinical cancer research : an official journal of the American Association for Cancer Research,2016,10.1158/1078-0432.CCR-15-2574,,No,No,
26969377,Resveratrol improves the anticancer effects of doxorubicin in vitro and in vivo models: A mechanistic insight.,Rai G; Mishra S; Suman S; Shukla Y,Phytomedicine : international journal of phytotherapy and phytopharmacology,2016,10.1016/j.phymed.2015.12.020,,No,No,
26898345,Global proteomic profiling identifies etoposide chemoresistance markers in non-small cell lung carcinoma.,Paul D; Chanukuppa V; Reddy PJ; Taunk K; Adhav R; Srivastava S; Santra MK; Rapole S,Journal of proteomics,2016,10.1016/j.jprot.2016.02.008,,No,No,
26596463,"Live detection and purification of cells based on the expression of a histone chaperone, HIRA, using a binding peptide.",Kochurani KJ; Suganya AA; Nair MG; Louis JM; Majumder A; Kumar SK; Abraham P; Dutta D; Maliekal TT,Scientific reports,2015,10.1038/srep17218,PMC4657044,Yes,Yes,PMID_26596463_PMC4657044.pdf
26590090,Differential expression of miRNAs in pancreatobiliary type of periampullary adenocarcinoma and its associated stroma.,Sandhu V; Bowitz Lothe IM; Labori KJ; Skrede ML; Hamfjord J; Dalsgaard AM; Buanes T; Dube G; Kale MM; Sawant S; Kulkarni-Kale U; Børresen-Dale AL; Lingjærde OC; Kure EH,Molecular oncology,2016,10.1016/j.molonc.2015.10.011,PMC5528959,Yes,Yes,PMID_26590090_PMC5528959.pdf
26569605,Site-Specific MicroRNA Expression May Lead to Different Subtypes in Ulcerative Colitis.,Ranjha R; Aggarwal S; Bopanna S; Ahuja V; Paul J,PloS one,2015,10.1371/journal.pone.0142869,PMC4646509,Yes,Yes,PMID_26569605_PMC4646509.pdf
26499945,Role of estrogen receptor alpha in human cervical cancer-associated fibroblasts: a transcriptomic study.,Kumar MM; Davuluri S; Poojar S; Mukherjee G; Bajpai AK; Bafna UD; Devi UK; Kallur PP; Kshitish AK; Jayshree RS,Tumour biology : the journal of the International Society for Oncodevelopmental Biology and Medicine,2016,10.1007/s13277-015-4257-6,,No,No,
26396976,Transcriptomic analyses of genes differentially expressed by high-risk and low-risk human papilloma virus E6 oncoproteins.,Ganguly P; Ganguly N,Virusdisease,2015,10.1007/s13337-015-0259-7,PMC4571588,Yes,Yes,PMID_26396976_PMC4571588.pdf
26347523,Molecular mechanism of anticancer effect of Sclerotium rolfsii lectin in HT29 cells involves differential expression of genes associated with multiple signaling pathways: A microarray analysis.,Barkeer S; Guha N; Hothpet V; Saligrama Adavigowda D; Hegde P; Padmanaban A; Yu LG; Swamy BM; Inamdar SR,Glycobiology,2015,10.1093/glycob/cwv067,,No,No,
26257289,miRNA-mRNA crosstalk in esophageal cancer: From diagnosis to therapy.,Sharma P; Sharma R,Critical reviews in oncology/hematology,2015,10.1016/j.critrevonc.2015.07.002,,No,No,
26222778,An Integrative Approach for Mapping Differentially Expressed Genes and Network Components Using Novel Parameters to Elucidate Key Regulatory Genes in Colorectal Cancer.,Sehgal M; Gupta R; Moussa A; Singh TR,PloS one,2015,10.1371/journal.pone.0133901,PMC4519280,Yes,Yes,PMID_26222778_PMC4519280.pdf
26112839,Survivin: A molecular biomarker in cancer.,Jaiswal PK; Goel A; Mittal RD,The Indian journal of medical research,2015,10.4103/0971-5916.159250,PMC4510718,Yes,Yes,PMID_26112839_PMC4510718.pdf
26077014,A knowledgebase resource for interleukin-17 family mediated signaling.,Sharma J; Balakrishnan L; Datta KK; Sahasrabuddhe NA; Khan AA; Sahu A; Singhal A; Getnet D; Raju R; Chatterjee A; Gowda H; Keshava Prasad TS; Shankar S; Pandey A,Journal of cell communication and signaling,2015,10.1007/s12079-015-0297-3,PMC4580681,Yes,Yes,PMID_26077014_PMC4580681.pdf
26071002,Prognostic significance of mitochondrial oxidative phosphorylation complexes: Therapeutic target in the treatment of retinoblastoma.,Singh L; Saini N; Bakhshi S; Pushker N; Sen S; Sharma A; Kaur J; Kashyap S,Mitochondrion,2015,10.1016/j.mito.2015.06.001,,No,No,
26045981,Status of epigenetic chromatin modification enzymes and esophageal squamous cell carcinoma risk in northeast Indian population.,Singh V; Singh LC; Singh AP; Sharma J; Borthakur BB; Debnath A; Rai AK; Phukan RK; Mahanta J; Kataki AC; Kapur S; Saxena S,American journal of cancer research,2015,,PMC4449430,Yes,Yes,PMID_26045981_PMC4449430.pdf
25987023,Comparative proteomics and global genome-wide expression data implicate role of ARMC8 in lung cancer.,Amin A; Bukhari S; Mokhdomi TA; Anjum N; Wafai AH; Wani Z; Manzoor S; Koul AM; Amin B; Ain QU; Qazi H; Tyub S; Lone GN; Qadri RA,Asian Pacific journal of cancer prevention : APJCP,2015,,,No,No,
25854384,Prognostic relevance of human telomerase reverse transcriptase (hTERT) expression in patients with gall bladder disease and carcinoma.,Deblakshmi RK; Deka M; Saikia AK; Sharma BK; Singh N; Das NN; Bose S,Asian Pacific journal of cancer prevention : APJCP,2015,,,No,No,
25746357,Decreased expression of heat shock proteins may lead to compromised wound healing in type 2 diabetes mellitus patients.,Singh K; Agrawal NK; Gupta SK; Mohan G; Chaturvedi S; Singh K,Journal of diabetes and its complications,2015,10.1016/j.jdiacomp.2015.01.007,,No,No,
25703280,Role of heat shock proteins in oral squamous cell carcinoma: A systematic review.,Bablani Popli D; Sircar K; Chowdhry A; Rani V,"Biomedical papers of the Medical Faculty of the University Palacky, Olomouc, Czechoslovakia",2015,10.5507/bp.2015.004,,No,No,
25586463,Increased expression of endosomal members of toll-like receptor family abrogates wound healing in patients with type 2 diabetes mellitus.,Singh K; Agrawal NK; Gupta SK; Mohan G; Chaturvedi S; Singh K,International wound journal,2016,10.1111/iwj.12411,PMC7949499,Yes,Yes,PMID_25586463_PMC7949499.pdf
25561889,Studies on the role of goat heart galectin-1 as a tool for detecting post-malignant changes in glycosylation pattern.,Ashraf GM; Perveen A; Tabrez S; Zaidi SK; Kamal MA; Banu N,Saudi journal of biological sciences,2015,10.1016/j.sjbs.2014.07.008,PMC4281641,Yes,Yes,PMID_25561889_PMC4281641.pdf
25482863,"Altered levels of miR-21, miR-125b-2*, miR-138, miR-155, miR-184, and miR-205 in oral squamous cell carcinoma and association with clinicopathological characteristics.",Manikandan M; Deva Magendhra Rao AK; Rajkumar KS; Rajaraman R; Munirajan AK,Journal of oral pathology & medicine : official publication of the International Association of Oral Pathologists and the American Academy of Oral Pathology,2015,10.1111/jop.12300,,No,No,
25472573,Prognostic significance of survivin in resected gallbladder cancer.,Nigam J; Chandra A; Kazmi HR; Parmar D; Singh D; Gupta V,The Journal of surgical research,2015,10.1016/j.jss.2014.07.054,,No,No,
25404878,Host response profile of human brain proteome in toxoplasma encephalitis co-infected with HIV.,Sahu A; Kumar S; Sreenivasamurthy SK; Selvan LD; Madugundu AK; Yelamanchi SD; Puttamallesh VN; Dey G; Anil AK; Srinivasan A; Mukherjee KK; Gowda H; Satishchandra P; Mahadevan A; Pandey A; Prasad TS; Shankar SK,Clinical proteomics,2014,10.1186/1559-0275-11-39,PMC4232683,Yes,Yes,PMID_25404878_PMC4232683.pdf
25381309,"Zinc oxide nanoparticles affect the expression of p53, Ras p21 and JNKs: an ex vivo/in vitro exposure study in respiratory disease patients.",Kumar A; Najafzadeh M; Jacob BK; Dhawan A; Anderson D,Mutagenesis,2015,10.1093/mutage/geu064,,No,No,
25374452,"CSNK1A1 and Gli2 as Novel Targets Identified Through an Integrative Analysis of Gene Expression Data, Protein-Protein Interaction and Pathways Networks in Glioblastoma Tumors: Can These Two Be Antagonistic Proteins?",Mishra S,Cancer informatics,2014,10.4137/CIN.S18377,PMC4213195,Yes,Yes,PMID_25374452_PMC4213195.pdf
25296976,CCR9/CCL25 expression in non-small cell lung cancer correlates with aggressive disease and mediates key steps of metastasis.,Gupta P; Sharma PK; Mir H; Singh R; Singh N; Kloecker GH; Lillard JW; Singh S,Oncotarget,2014,,PMC4259413,Yes,Yes,PMID_25296976_PMC4259413.pdf
25283637,9-O-acetylated sialic acids differentiating normal haematopoietic precursors from leukemic stem cells with high aldehyde dehydrogenase activity in children with acute lymphoblastic leukaemia.,Chowdhury S; Chandra S; Mandal C,Glycoconjugate journal,2014,10.1007/s10719-014-9550-x,,No,No,
25029526,"Potential therapeutic targets for oral cancer: ADM, TP53, EGFR, LYN, CTLA4, SKIL, CTGF, CD70.",Bundela S; Sharma A; Bisen PS,PloS one,2014,10.1371/journal.pone.0102610,PMC4110113,Yes,Yes,PMID_25029526_PMC4110113.pdf
25025063,Differential expression of cholecystokinin A receptor in gallbladder cancer in the young and elderly suggests two subsets of the same disease?,Kazmi HR; Chandra A; Baghel K; Singh A; Nigam J; Parmar D; Mahdi AA; Goel SK; Kumar S,BioMed research international,2014,10.1155/2014/625695,PMC4082861,Yes,Yes,PMID_25025063_PMC4082861.pdf
25024139,Epigenetic mechanisms regulate placental c-myc and hTERT in normal and pathological pregnancies; c-myc as a novel fetal DNA epigenetic marker for pre-eclampsia.,Rahat B; Hamid A; Ahmad Najar R; Bagga R; Kaur J,Molecular human reproduction,2014,10.1093/molehr/gau053,,No,No,
24935470,Expression of survivin mRNA in gallbladder cancer: a diagnostic and prognostic marker?,Nigam J; Chandra A; Kazmi HR; Parmar D; Singh D; Gupta V; M N,Tumour biology : the journal of the International Society for Oncodevelopmental Biology and Medicine,2014,10.1007/s13277-014-2200-x,,No,No,
24861096,Differential Expression of Matrix Metalloproteinase-9 Gene in Wounds of Type 2 Diabetes Mellitus Cases With Susceptible -1562C>T Genotypes and Wound Severity.,Singh K; Agrawal NK; Gupta SK; Mohan G; Chaturvedi S; Singh K,The international journal of lower extremity wounds,2014,,,No,No,
24203893,Real-time PCR assay based on the differential expression of microRNAs and protein-coding genes for molecular classification of formalin-fixed paraffin embedded medulloblastomas.,Kunder R; Jalali R; Sridhar E; Moiyadi A; Goel N; Goel A; Gupta T; Krishnatry R; Kannan S; Kurkure P; Deopujari C; Shetty P; Biyani N; Korshunov A; Pfister SM; Northcott PA; Shirsat NV,Neuro-oncology,2013,10.1093/neuonc/not123,PMC3829591,Yes,Yes,PMID_24203893_PMC3829591.pdf
23972545,Cytokines from the tumor microenvironment modulate sirtinol cytotoxicity in A549 lung carcinoma cells.,Pal S; Shankar BS; Sainis KB,Cytokine,2013,10.1016/j.cyto.2013.07.029,,No,No,
23874974,Over expression of minichromosome maintenance genes is clinically correlated to cervical carcinogenesis.,Das M; Prasad SB; Yadav SS; Govardhan HB; Pandey LK; Singh S; Pradhan S; Narayan G,PloS one,2013,10.1371/journal.pone.0069607,PMC3714251,Yes,Yes,PMID_23874974_PMC3714251.pdf
23767917,Regulation of protumorigenic pathways by insulin like growth factor binding protein2 and its association along with β-catenin in breast cancer lymph node metastasis.,Sehgal P; Kumar N; Praveen Kumar VR; Patil S; Bhattacharya A; Vijaya Kumar M; Mukherjee G; Kondaiah P,Molecular cancer,2013,10.1186/1476-4598-12-63,PMC3698021,Yes,Yes,PMID_23767917_PMC3698021.pdf
23762404,Differential expression of HPV16 L2 gene in cervical cancers harboring episomal HPV16 genomes: influence of synonymous and non-coding region variations.,Mandal P; Bhattacharjee B; Das Ghosh D; Mondal NR; Roy Chowdhury R; Roy S; Sengupta S,PloS one,2013,10.1371/journal.pone.0065647,PMC3675152,Yes,Yes,PMID_23762404_PMC3675152.pdf
23633848,Influence of limonin on Wnt signalling molecule in HepG2 cell lines.,Langeswaran K; Gowthamkumar S; Vijayaprakash S; Revathy R; Balasubramanian MP,"Journal of natural science, biology, and medicine",2013,10.4103/0976-9668.107276,PMC3633262,Yes,Yes,PMID_23633848_PMC3633262.pdf
23499947,Identification of novel exons and transcripts by comprehensive RNA-Seq of horn cancer transcriptome in Bos indicus.,Jakhesara SJ; Koringa PG; Joshi CG,Journal of biotechnology,2013,10.1016/j.jbiotec.2013.02.015,,No,No,
23441619,Fatty acid synthase inhibition induces differential expression of genes involved in apoptosis and cell proliferation in ocular cancer cells.,Deepa PR; Vandhana S; Krishnakumar S,Nutrition and cancer,2013,10.1080/01635581.2013.748923,,No,No,
23321464,"Evaluation of protein expression pattern of stanniocalcin 2, insulin-like growth factor-binding protein 7, inhibin beta A and four and a half LIM domains 1 in esophageal squamous cell carcinoma.",Kashyap MK; Pawar HA; Keerthikumar S; Sharma J; Goel R; Mahmood R; Kumar MV; Kumar KV; Pandey A; Kumar RV; Prasad TS; Harsha HC,Cancer biomarkers : section A of Disease markers,2012,10.3233/CBM-120289,,No,No,
23301641,Proteomic profiling and interactome analysis of ER-positive/HER2/neu negative invasive ductal carcinoma of the breast: towards proteomics biomarkers.,Korwar AM; Bhonsle HS; Ghole VS; Gawai KR; Koppikar CB; Kulkarni MJ,Omics : a journal of integrative biology,2013,10.1089/omi.2012.0054,,No,No,
23263908,Association of BRCA1 promoter methylation with rs11655505 (c.2265C>T) variants and decreased gene expression in sporadic breast cancer.,Hasan TN; Leena Grace B; Shafi G; Syed R,Clinical & translational oncology : official publication of the Federation of Spanish Oncology Societies and of the National Cancer Institute of Mexico,2013,10.1007/s12094-012-0968-y,,No,No,
23263165,Syntrophin proteins as Santa Claus: role(s) in cell signal transduction.,Bhat HF; Adams ME; Khanday FA,Cellular and molecular life sciences : CMLS,2013,10.1007/s00018-012-1233-9,PMC11113789,Yes,Yes,PMID_23263165_PMC11113789.pdf
23077401,Molecular deregulation induced by silencing of the high mobility group protein A2 gene in retinoblastoma cells.,Venkatesan N; Krishnakumar S; Deepa PR; Deepa M; Khetan V; Reddy MA,Molecular vision,2012,,PMC3472926,Yes,Yes,PMID_23077401_PMC3472926.pdf
22971110,Proteomics approaches for myeloid leukemia drug discovery.,Kapoor I; Pal P; Lochab S; Kanaujiya JK; Trivedi AK,Expert opinion on drug discovery,2012,10.1517/17460441.2012.724055,,No,No,
22710069,"Rotenone-induced parkinsonism elicits behavioral impairments and differential expression of parkin, heat shock proteins and caspases in the rat.",Sonia Angeline M; Chaterjee P; Anand K; Ambasta RK; Kumar P,Neuroscience,2012,10.1016/j.neuroscience.2012.06.021,,No,No,
22688594,Differential expression of Fas family members and Bcl-2 family members in benign versus malignant epithelial ovarian cancer (EOC) in North Indian population.,Chaudhry P; Srinivasan R; Patel FD,Molecular and cellular biochemistry,2012,10.1007/s11010-012-1350-7,,No,No,
22668346,Microarray analysis and biochemical correlations of oxidative stress responsive genes in retinoblastoma.,Vandhana S; Lakshmi TS; Indra D; Deepa PR; Krishnakumar S,Current eye research,2012,10.3109/02713683.2012.678544,,No,No,
22511368,Ex vivo expansion of haematopoietic stem/progenitor cells from human umbilical cord blood on acellular scaffolds prepared from MS-5 stromal cell line.,Tiwari A; Tursky ML; Mushahary D; Wasnik S; Collier FM; Suma K; Kirkland MA; Pande G,Journal of tissue engineering and regenerative medicine,2013,10.1002/term.1479,,No,No,
22387131,Keratins in oral cancer: necessity of mass spectrometry for validation of antibody based identifications.,Fulzele A; Malgundkar SA; Govekar RB; D'Cruz AK; Chaturvedi P; Patil A; Kane SV; Zingde SM,Journal of proteomics,2012,10.1016/j.jprot.2012.02.016,,No,No,
22359648,Acute exposure of apigenin induces hepatotoxicity in Swiss mice.,Singh P; Mishra SK; Noel S; Sharma S; Rath SK,PloS one,2012,10.1371/journal.pone.0031964,PMC3281105,Yes,Yes,PMID_22359648_PMC3281105.pdf
21854360,Recent patents on anti-telomerase cancer therapy.,Agrawal A; Dang S; Gabrani R,Recent patents on anti-cancer drug discovery,2012,,,No,No,
21638026,Alternative promoter usage and differential expression of multiple transcripts of mouse Prkar1a gene.,Banday AR; Azim S; Tabish M,Molecular and cellular biochemistry,2011,10.1007/s11010-011-0897-z,,No,No,
21620816,Correlation of matrix metalloproteinases and their inhibitors with hypoxia and angiogenesis in premenopausal patients with adenocarcinoma of the breast.,Vinothini G; Aravindraja C; Chitrathara K; Nagini S,Clinical biochemistry,2011,10.1016/j.clinbiochem.2011.05.010,,No,No,
21549178,A miR-centric view of head and neck cancers.,Babu JM; Prathibha R; Jijith VS; Hariharan R; Pillai MR,Biochimica et biophysica acta,2011,10.1016/j.bbcan.2011.04.003,,No,No,
21276137,Resveratrol as an adjunct therapy in cyclophosphamide-treated MCF-7 cells and breast tumor explants.,Singh N; Nigam M; Ranjan V; Zaidi D; Garg VK; Sharma S; Chaturvedi R; Shankar R; Kumar S; Sharma R; Mitra K; Balapure AK; Rath SK,Cancer science,2011,10.1111/j.1349-7006.2011.01893.x,,No,No,
21265618,"Silkworm thermal biology: a review of heat shock response, heat shock proteins and heat acclimation in the domesticated silkworm, Bombyx mori.",Manjunatha HB; Rajesh RK; Aparna HS,Journal of insect science (Online),2010,10.1673/031.010.20401,PMC3029153,Yes,Yes,PMID_21265618_PMC3029153.pdf
21136964,Proteomic profiling of cancer of the gingivo-buccal complex: Identification of new differentially expressed markers.,Govekar RB; D'Cruz AK; Alok Pathak K; Agarwal J; Dinshaw KA; Chinoy RF; Gadewal N; Kannan S; Sirdeshmukh R; Sundaram CS; Malgundkar SA; Kane SV; Zingde SM,Proteomics. Clinical applications,2009,10.1002/prca.200900023,,No,No,
20951689,Differential expression of genes in retinoblastoma.,Saxena P; Kaur J,Clinica chimica acta; international journal of clinical chemistry,2011,10.1016/j.cca.2010.10.009,,No,No,
20924650,Functional genomics of tumor suppressor miR-196b in T-cell acute lymphoblastic leukemia.,Bhatia S; Kaul D; Varma N,Molecular and cellular biochemistry,2011,10.1007/s11010-010-0597-0,,No,No,
20829044,Mitochondria-mediated apoptosis in patients with adenocarcinoma of the breast: Correlation with histological grade and menopausal status.,Vinothini G; Murugan RS; Nagini S,"Breast (Edinburgh, Scotland)",2011,10.1016/j.breast.2010.08.002,,No,No,
20599480,The stem cell code in oral epithelial tumorigenesis: 'the cancer stem cell shift hypothesis'.,Richard V; Pillai MR,Biochimica et biophysica acta,2010,10.1016/j.bbcan.2010.06.004,,No,No,
20534901,"The differential expression of aqueous soluble proteins in breast normal and cancerous tissues in relation to ethnicity of the patients; Chinese, Malay and Indian.",Liang S; Singh M; Gam LH,Disease markers,2010,10.3233/DMA-2010-0694,PMC3833415,Yes,Yes,PMID_20534901_PMC3833415.pdf
20530493,Identification of potential serum biomarkers of glioblastoma: serum osteopontin levels correlate with poor prognosis.,Sreekanthreddy P; Srinivasan H; Kumar DM; Nijaguna MB; Sridevi S; Vrinda M; Arivazhagan A; Balasubramaniam A; Hegde AS; Chandramouli BA; Santosh V; Rao MR; Kondaiah P; Somasundaram K,"Cancer epidemiology, biomarkers & prevention : a publication of the American Association for Cancer Research, cosponsored by the American Society of Preventive Oncology",2010,10.1158/1055-9965.EPI-09-1077,,No,No,
20415542,Deregulation of STAT-5 isoforms in the development of HPV-mediated cervical carcinogenesis.,Sobti RC; Singh N; Hussain S; Suri V; Bharadwaj M; Das BC,Journal of receptor and signal transduction research,2010,10.3109/10799891003786218,,No,No,
20226080,Development of the human cancer microRNA network.,Bandyopadhyay S; Mitra R; Maulik U; Zhang MQ,Silence,2010,10.1186/1758-907X-1-6,PMC2835996,Yes,Yes,PMID_20226080_PMC2835996.pdf
24179381,Identification of gene expression signature in estrogen receptor positive breast carcinoma.,Thakkar AD; Raj H; Chakrabarti D; Ravishankar; Saravanan N; Muthuvelan B; Balakrishnan A; Padigaru M,Biomarkers in cancer,2010,10.4137/BIC.S3793,PMC3783308,Yes,Yes,PMID_24179381_PMC3783308.pdf
19653276,Transactivation and expression patterns of Jun and Fos/AP-1 super-family proteins in human oral cancer.,Mishra A; Bharti AC; Saluja D; Das BC,International journal of cancer,2010,10.1002/ijc.24807,,No,No,
19496104,Differential alterations in metabolic pattern of the spliceosomal uridylic acid-rich small nuclear RNAs (UsnRNAs) during malignant transformation of 20-methylcholanthrene-induced mouse CNCI-PM-20 embryonic fibroblasts.,Mukherjee S; Manna S; Mukherjee P; Panda CK,Molecular carcinogenesis,2009,10.1002/mc.20556,,No,No,
19360286,Molecular profiling to identify molecular mechanism in esophageal cancer with familial clustering.,Chattopadhyay I; Phukan R; Singh A; Vasudevan M; Purkayastha J; Hewitt S; Kataki A; Mahanta J; Kapur S; Saxena S,Oncology reports,2009,,PMC7556320,Yes,Yes,PMID_19360286_PMC7556320.pdf
18777199,Differential expression of potassium ion channels in human renal cell carcinoma.,Wadhwa S; Wadhwa P; Dinda AK; Gupta NP,International urology and nephrology,2009,10.1007/s11255-008-9459-z,,No,No,
18715028,A quantitative proteomic approach for identification of potential biomarkers in hepatocellular carcinoma.,Chaerkady R; Harsha HC; Nalli A; Gucek M; Vivekanandan P; Akhtar J; Cole RN; Simmers J; Schulick RD; Singh S; Torbenson M; Pandey A; Thuluvath PJ,Journal of proteome research,2008,10.1021/pr800197z,PMC3769105,Yes,Yes,PMID_18715028_PMC3769105.pdf
18538015,Involvement of TSC genes and differential expression of other members of the mTOR signaling pathway in oral squamous cell carcinoma.,Chakraborty S; Mohiyuddin SM; Gopinath KS; Kumar A,BMC cancer,2008,10.1186/1471-2407-8-163,PMC2430211,Yes,Yes,PMID_18538015_PMC2430211.pdf
18302964,Molecular profiling of genes in squamous cell lung carcinoma in Asian Indians.,Sen S; Ateeq B; Sharma H; Datta P; Gupta SD; Bal S; Kumar A; Singh N,Life sciences,2008,10.1016/j.lfs.2008.01.009,,No,No,
18241334,"Flow-cytometric monitoring of disease-associated expression of 9-O-acetylated sialoglycoproteins in combination with known CD antigens, as an index for MRD in children with acute lymphoblastic leukaemia: a two-year longitudinal follow-up study.",Chowdhury S; Bandyopadhyay S; Mandal C; Chandra S; Mandal C,BMC cancer,2008,10.1186/1471-2407-8-40,PMC2268943,Yes,Yes,PMID_18241334_PMC2268943.pdf
17764575,Over-expression of 14-3-3zeta is an early event in oral cancer.,Matta A; Bahadur S; Duggal R; Gupta SD; Ralhan R,BMC cancer,2007,,PMC2082039,Yes,Yes,PMID_17764575_PMC2082039.pdf
21136759,Quantitative proteomics for identification of cancer biomarkers.,Chaerkady R; Pandey A,Proteomics. Clinical applications,2007,10.1002/prca.200700284,,No,No,
17635577,Identification of differentially expressed genes in tobacco chewing-mediated oral cancer by differential display-polymerase chain reaction.,Nagpal JK; Das BR,European journal of clinical investigation,2007,,,No,No,
17565690,Differential expression and role of p21cip/waf1 and p27kip1 in TNF-alpha-induced inhibition of proliferation in human glioma cells.,Kumar PS; Shiras A; Das G; Jagtap JC; Prasad V; Shastry P,Molecular cancer,2007,,PMC1904457,Yes,Yes,PMID_17565690_PMC1904457.pdf
17068819,Discovery of deregulation of zinc homeostasis and its associated genes in esophageal squamous cell carcinoma using cDNA microarray.,Kumar A; Chatopadhyay T; Raziuddin M; Ralhan R,International journal of cancer,2007,,,No,No,
17059341,Evaluating polymorphic status of glutathione-S-transferase genes in blood and tissue samples of prostate cancer patients.,Mittal RD; Mishra DK; Mandhani A,Asian Pacific journal of cancer prevention : APJCP,2006,,,No,No,
16998793,Differential expression and activation of NF-kappaB family proteins during oral carcinogenesis: Role of high risk human papillomavirus infection.,Mishra A; Bharti AC; Varghese P; Saluja D; Das BC,International journal of cancer,2006,,,No,No,
16621243,"Structural, functional and therapeutic biology of survivin.",Sah NK; Khan Z; Khan GJ; Bisen PS,Cancer letters,2006,,,No,No,
16541432,Down-regulation of locus-specific human lymphocyte antigen class I expression in Epstein-Barr virus-associated gastric cancer: implication for viral-induced immune evasion.,Dutta N; Gupta A; Mazumder DN; Banerjee S,Cancer,2006,,,No,No,
16395704,Clinical significance of mannose-binding lectin-associated serine protease-2 expression in esophageal squamous cell carcinoma.,Verma A; Matta A; Shukla NK; Deo SV; Gupta SD; Ralhan R,International journal of cancer,2006,,,No,No,
16121806,Peripheral genotype-phenotype correlations in Asian Indians with type 2 diabetes mellitus.,Rao PV; Lu X; Pattee P; Turner M; Nandgaonkar S; Paturi BT; Roberts CT; Nagalla SR,The Journal of the Association of Physicians of India,2005,,,No,No,
16088230,TC21/R-Ras2 upregulation in esophageal tumorigenesis: potential diagnostic implications.,Sharma R; Sud N; Chattopadhyay TK; Ralhan R,Oncology,2005,,,No,No,
15916848,Differential expression of G-protein coupled receptor 56 in human esophageal squamous cell carcinoma.,Sud N; Sharma R; Ray R; Chattopadhyay TK; Ralhan R,Cancer letters,2006,,,No,No,
23923566,Variant of mitochondrial ribosomal protein s28 (mrps28) gene is differentially expressed in response to radiation in a cervical carcinoma derived cell line.,Gopal G; Rajkumar T,Indian journal of biochemistry & biophysics,2005,,,No,No,
15255287,Differential expression of retinoic acid receptors in normal and malignant esophageal tissues.,Kumar A; Kaur J; Chattopadhyay TK; Mathur M; Ralhan R,Journal of experimental therapeutics & oncology,2004,,,No,No,
15202940,Molecular signatures of cell cycle transcripts in the pathogenesis of Glial tumors.,Pillai AA; Bhattacharya RN; Radhakrishnan VV; Banerjee M,Journal of carcinogenesis,2004,,PMC437637,Yes,Yes,PMID_15202940_PMC437637.pdf
15197782,Differential expression of 9-O-acetylated sialoglycoconjugates on leukemic blasts: a potential tool for long-term monitoring of children with acute lymphoblastic leukemia.,Pal S; Ghosh S; Bandyopadhyay S; Mandal C; Bandhyopadhyay S; Kumar Bhattacharya D; Mandal C,International journal of cancer,2004,,,No,No,
14675392,Two novel somatic mutations in the human interleukin 6 promoter region in a patient with sporadic breast cancer.,Saha A; Bairwa NK; Ranjan A; Gupta V; Bamezai R,European journal of immunogenetics : official journal of the British Society for Histocompatibility and Immunogenetics,2003,,,No,No,
14613585,Expression of biomarkers modulating prostate cancer angiogenesis: differential expression of annexin II in prostate carcinomas from India and USA.,Banerjee AG; Liu J; Yuan Y; Gopalakrishnan VK; Johansson SL; Dinda AK; Gupta NP; Trevino L; Vishwanatha JK,Molecular cancer,2003,,PMC270077,Yes,Yes,PMID_14613585_PMC270077.pdf
12706106,Transcriptional gene expression profile of human esophageal squamous cell carcinoma.,Sharma R; Samantaray S; Shukla NK; Ralhan R,Genomics,2003,,,No,No,
10585574,Induction of apoptosis by abrogation of HSP70 expression in human oral cancer cells.,Kaur J; Kaur J; Ralhan R,International journal of cancer,2000,,,No,No,
9988237,P-glycoprotein is positively correlated with p53 in human oral pre-malignant and malignant lesions and is associated with poor prognosis.,Ralhan R; Swain RK; Agarwal S; Kaur J; Nath N; Sarkar G; Mathur M; Shukla NK,International journal of cancer,1999,,,No,No,
9930361,Expression of 70-kDa heat shock protein in oral lesions: marker of biological stress or pathogenicity.,Kaur J; Srivastava A; Ralhan R,Oral oncology,1998,,,No,No,
9750023,Tumour-proliferative fraction and growth factor expression as markers of tumour response to radiotherapy in cancer of the uterine cervix.,Pillai MR; Jayaprakash PG; Nair MK,Journal of cancer research and clinical oncology,1998,,PMC12200153,Yes,Yes,PMID_9750023_PMC12200153.pdf
9717461,Oncogene expression as detected by immunocytochemical staining in hormonally induced ovarian cell lines.,Luthra K; Chapekar TN,Indian journal of experimental biology,1998,,,No,No,
9311585,Evaluation of P-glycoprotein expression in human oral oncogenesis: correlation with clinicopathological features.,Ralhan R; Narayan M; Salotra P; Shukla NK; Chauhan SS,International journal of cancer,1997,,,No,No,
9269904,Cytokeratins and the evaluation of tumor differentiation in squamous lesions of the uterine cervix.,Nair SA; Nair MB; Jayaprakash PG; Rajalekshmy TN; Nair MK; Pillai MR,General & diagnostic pathology,1997,,,No,No,
9036881,"Differential expression of multidrug resistance gene product, P-glycoprotein, in normal, dysplastic and malignant oral mucosa in India.",Jain V; Das SN; Luthra K; Shukla NK; Ralhan R,International journal of cancer,1997,,,No,No,
9020911,Differential expression of c-jun and c-myc in N-nitroso diethylamine-induced hepatic oncogenesis in AKR mice.,Giri RK; Das BR,Cancer letters,1996,,,No,No,
8690755,Differential expression of jackfruit-lectin-specific glycoconjugates in metastatic adenocarcinoma and reactive mesothelial cells-a diagnostic aid in effusion cytology.,Sujathan K; Kannan S; Remani P; Pillai KR; Chandralekha B; Amma NS; Nair MK,Journal of cancer research and clinical oncology,1996,,PMC12200284,Yes,Yes,PMID_8690755_PMC12200284.pdf
8847132,Differential expression of 70-kDa heat shock-protein in human oral tumorigenesis.,Kaur J; Ralhan R,International journal of cancer,1995,,,No,No,
9815915,"Differential expression of Mr 70,000 heat shock protein in normal, premalignant, and malignant human uterine cervix.",Ralhan R; Kaur J,Clinical cancer research : an official journal of the American Association for Cancer Research,1995,,,No,No,
7528604,Differential expression of cytokeratin proteins during tumour progression in oral mucosa.,Kannan S; Balaram P; Chandran GJ; Pillai MR; Mathew B; Nalinakumari KR; Nair MK,Epithelial cell biology,1994,,,No,No,
8435208,Differential expression of thymidine kinase gene in two subpopulations of a rat tumour correlates with their tumorigenic and cell division potential.,Pande G; Sudhakar C,"European journal of cancer (Oxford, England : 1990)",1993,,,No,No,
3275547,Differential expression of fibronectin in a rat histiocytoma: possible role of fibronectin in tumor cell adhesion.,Pande G; Khar A,Experimental cell research,1988,,,No,No,
